"학교종류","학교코드상태","학교코드","학교명","시도","도로명주소","상세주소","우편번호","교육청코드","학교유형","설립구분","원본수정일"
"고등학교","assigned","7801089","가곡고등학교","강원특별자치도","강원특별자치도 삼척시 가곡면 가곡천로 1427","","25954","K10","일반고","공립","20260423"
"고등학교","assigned","7801090","간동고등학교","강원특별자치도","강원특별자치도 화천군 간동면 파로호로 945-21","간동고등학교","24138","K10","일반고","공립","20260423"
"고등학교","assigned","7801091","갑천고등학교","강원특별자치도","강원특별자치도 횡성군 갑천면 갑천로 17","","25258","K10","일반고","공립","20260423"
"고등학교","assigned","7801092","강릉고등학교","강원특별자치도","강원특별자치도 강릉시 강릉대로587번길 68","(초당동)","25468","K10","일반고","공립","20260423"
"고등학교","assigned","7801093","강릉명륜고등학교","강원특별자치도","강원특별자치도 강릉시 율곡로 2920-8","(교동)","25491","K10","일반고","사립","20260423"
"고등학교","assigned","7801094","강릉문성고등학교","강원특별자치도","강원특별자치도 강릉시 지변길 158","(지변동)","25455","K10","일반고","사립","20260423"
"고등학교","assigned","7801095","강릉여자고등학교","강원특별자치도","강원특별자치도 강릉시 용지로 107","(옥천동)","25553","K10","일반고","공립","20260423"
"고등학교","assigned","7801096","강릉정보공업고등학교","강원특별자치도","강원특별자치도 강릉시 주문진읍 학교길 26","강릉정보공업고등학교","25424","K10","특성화고","공립","20260423"
"고등학교","assigned","7801097","강릉제일고등학교","강원특별자치도","강원특별자치도 강릉시 화부산로8번길 37","(교동)","25504","K10","일반고","공립","20260423"
"방송통신고등학교","assigned","7801098","강릉제일고등학교부설방송통신고등학교","강원특별자치도","강원도 강릉시 화부산로8번길 37","(교동)","25504","K10","일반고","공립","20260423"
"고등학교","assigned","7801099","강릉중앙고등학교","강원특별자치도","강원특별자치도 강릉시 강변로 422","강릉중앙고등학교(입암동)","25579","K10","특성화고","공립","20260423"
"고등학교","assigned","7801100","강원고등학교","강원특별자치도","강원특별자치도 춘천시 동면 장학길 24",",강원고등학교","24210","K10","일반고","사립","20260423"
"고등학교","assigned","7801101","강원과학고등학교","강원특별자치도","강원특별자치도 원주시 치악로 2242","강원과학고등학교(태장동)","26323","K10","특목고","공립","20260423"
"고등학교","assigned","7004207","강원대학교사범대학부설고등학교","강원특별자치도","강원특별자치도 춘천시 서부대성로 257","(후평동)","24286","K10","일반고","국립","20260423"
"고등학교","assigned","7801102","강원생명과학고등학교","강원특별자치도","강원특별자치도 춘천시 영서로 2872","(사농동)","24223","K10","특성화고","공립","20260423"
"고등학교","assigned","7801103","강원생활과학고등학교","강원특별자치도","강원특별자치도 홍천군 남면 새작들길 11","","25108","K10","특성화고","공립","20260423"
"고등학교","assigned","7801104","강원애니고등학교","강원특별자치도","강원특별자치도 춘천시 서면 박사로 1025","강원애니고등학교","24461","K10","특성화고","공립","20260423"
"고등학교","assigned","7801105","강원예술고등학교","강원특별자치도","강원특별자치도 강릉시 구정면 칠봉로 670-34","","25621","K10","특목고","공립","20260423"
"고등학교","assigned","7801106","강원외국어고등학교","강원특별자치도","강원특별자치도 양구군 양구읍 금강산로 437-12","강원외국어고등학교","24520","K10","일반고","사립","20260423"
"고등학교","assigned","7801107","강원체육고등학교","강원특별자치도","강원특별자치도 춘천시 자라우새길 126","(송암동)","24239","K10","특목고","공립","20260423"
"고등학교","assigned","7801108","강일여자고등학교","강원특별자치도","강원특별자치도 강릉시 화부산로 89","(교동)","25499","K10","일반고","사립","20260423"
"고등학교","assigned","7801109","거진고등학교","강원특별자치도","강원특별자치도 고성군 거진읍 거탄진로 39-7","","24720","K10","특성화고","공립","20260423"
"고등학교","assigned","7801110","경포고등학교","강원특별자치도","강원특별자치도 강릉시 강릉대로547번길 14","(포남동)","25482","K10","일반고","공립","20260423"
"고등학교","assigned","7801111","고성고등학교","강원특별자치도","강원특별자치도 고성군 간성읍 수성로 125","","24728","K10","일반고","공립","20260423"
"고등학교","assigned","7801112","고한고등학교","강원특별자치도","강원특별자치도 정선군 고한읍 고한9길 160","","26155","K10","일반고","공립","20260423"
"고등학교","assigned","7801113","기린고등학교","강원특별자치도","강원특별자치도 인제군 기린면 창암길 20","기린고등학교","24662","K10","일반고","공립","20260423"
"고등학교","assigned","7801114","김화고등학교","강원특별자치도","강원특별자치도 철원군 서면 와수1로 90","","24057","K10","일반고","공립","20260423"
"고등학교","assigned","7801116","내면고등학교","강원특별자치도","강원특별자치도 홍천군 내면 구룡령로 5174","","25171","K10","일반고","공립","20260423"
"고등학교","assigned","7801117","대성고등학교","강원특별자치도","강원특별자치도 원주시 북원로 2001","(무실동)","26385","K10","일반고","사립","20260423"
"고등학교","assigned","7801118","대진고등학교","강원특별자치도","강원특별자치도 고성군 현내면 화진포길 476","","24706","K10","일반고","공립","20260423"
"고등학교","assigned","7801119","대화고등학교","강원특별자치도","강원특별자치도 평창군 대화면 대화중앙로 32-8","","25360","K10","일반고","공립","20260423"
"고등학교","assigned","7801120","도계고등학교","강원특별자치도","강원특별자치도 삼척시 도계읍 도계느티로 69","도계고등학교","25948","K10","일반고","공립","20260423"
"고등학교","assigned","7801121","도계전산정보고등학교","강원특별자치도","강원특별자치도 삼척시 도계읍 도계느티로 24","","25948","K10","특성화고","공립","20260423"
"고등학교","assigned","7801122","동광산업과학고등학교","강원특별자치도","강원특별자치도 고성군 토성면 백촌길 30-15","동광산업과학고등학교","24754","K10","특성화고","공립","20260423"
"고등학교","assigned","7801123","동해광희고등학교","강원특별자치도","강원특별자치도 동해시 청운로 112","동해광희고등학교(동회동)","25806","K10","일반고","사립","20260423"
"고등학교","assigned","7801124","동해삼육고등학교","강원특별자치도","강원특별자치도 동해시 동해대로 5367","(천곡동)","25750","K10","일반고","사립","20260423"
"고등학교","assigned","7801125","동해상업고등학교","강원특별자치도","강원특별자치도 동해시 느릅재길 65","(발한동)","25740","K10","특성화고","공립","20260423"
"고등학교","assigned","7801126","둔내고등학교","강원특별자치도","강원특별자치도 횡성군 둔내면 둔내로 22","","25265","K10","일반고","공립","20260423"
"고등학교","assigned","7801127","마차고등학교","강원특별자치도","강원특별자치도 영월군 북면 문학로길 25-8","(북면, 마차중고등학교)","26209","K10","일반고","공립","20260423"
"고등학교","assigned","7801128","묵호고등학교","강원특별자치도","강원특별자치도 동해시 승지로 37","(부곡동)","25741","K10","일반고","공립","20260423"
"방송통신고등학교","assigned","7801129","묵호고등학교부설방송통신고등학교","강원특별자치도","강원도 동해시 승지로 37","(부곡동,묵호고등학교)","00000","K10","일반고","공립","20260423"
"고등학교","assigned","7801130","문막고등학교","강원특별자치도","강원특별자치도 원주시 문막읍 문막시장1길 58","문막고등학교","26373","K10","일반고","공립","20260423"
"고등학교","assigned","7801131","미래고등학교","강원특별자치도","강원특별자치도 원주시 고문골길 54","(행구동, 미래고등학교)","26455","K10","특성화고","공립","20260423"
"고등학교","assigned","7801132","민족사관고등학교","강원특별자치도","강원특별자치도 횡성군 안흥면 봉화로 800","","25268","K10","자율고","사립","20260423"
"고등학교","assigned","7801133","봉의고등학교","강원특별자치도","강원특별자치도 춘천시 후석로250번길 22","(후평동)","24313","K10","일반고","공립","20260423"
"고등학교","assigned","7801134","봉평고등학교","강원특별자치도","강원도 평창군 봉평면 기풍4길 27-6","(봉평면)","25303","K10","일반고","공립","20260423"
"고등학교","assigned","7801135","북원여자고등학교","강원특별자치도","강원특별자치도 원주시 원문로137번길 32","(단계동)","26410","K10","일반고","공립","20260423"
"고등학교","assigned","7801136","북평고등학교","강원특별자치도","강원도 동해시 효자남길 51","(동회동, 북평고등학교)","25806","K10","일반고","공립","20260423"
"고등학교","assigned","7801137","북평여자고등학교","강원특별자치도","강원도 동해시 동굴로 55","(천곡동, 북평여자고등학교)","25775","K10","일반고","공립","20260423"
"고등학교","assigned","7801138","사내고등학교","강원특별자치도","강원특별자치도 화천군 사내면 포화로 1093","","24156","K10","일반고","공립","20260423"
"고등학교","assigned","7801139","사북고등학교","강원특별자치도","강원특별자치도 정선군 사북읍 소금강로 3640","사북고등학교","26150","K10","일반고","공립","20260423"
"고등학교","assigned","7801140","삼일고등학교","강원특별자치도","강원특별자치도 삼척시 사직로 22",", 삼일중고등학교 (남양동, 삼일중고등학교)","25930","K10","일반고","사립","20260423"
"고등학교","assigned","7801141","삼척고등학교","강원특별자치도","강원특별자치도 삼척시 사대안길 21","(당저동)","25921","K10","일반고","공립","20260423"
"고등학교","assigned","7801142","삼척여자고등학교","강원특별자치도","강원특별자치도 삼척시 남산길 6","(남양동)","25930","K10","일반고","공립","20260423"
"고등학교","assigned","7801143","상동고등학교","강원특별자치도","강원특별자치도 영월군 상동읍 태백산로 3147","상동고등학교","26248","K10","일반고","공립","20260423"
"고등학교","assigned","7801144","상지대관령고등학교","강원특별자치도","강원특별자치도 평창군 대관령면 해당화3길 24","상지대관령고등학교","25345","K10","일반고","사립","20260423"
"고등학교","assigned","7801145","상지여자고등학교","강원특별자치도","강원특별자치도 원주시 개운4길 25","(개운동, 상지여자고등학교)","26444","K10","일반고","사립","20260423"
"고등학교","assigned","7801146","서석고등학교","강원특별자치도","강원특별자치도 홍천군 서석면 구룡령로 2570","","25166","K10","일반고","공립","20260423"
"고등학교","assigned","7801147","석정여자고등학교","강원특별자치도","강원특별자치도 영월군 영월읍 영월로 1914-11","(영월읍, 석정여자고등학교)","26239","K10","일반고","사립","20260423"
"고등학교","assigned","7801148","설악고등학교","강원특별자치도","강원특별자치도 속초시 청대로 219","(조양동)","24869","K10","일반고","공립","20260423"
"방송통신고등학교","assigned","7801149","설악고등학교부설방송통신고등학교","강원특별자치도","강원도 속초시 청대로 219","(조양동, 설악고등학교)","24869","K10","일반고","공립","20260423"
"고등학교","assigned","7801233","섬강고등학교","강원특별자치도","강원특별자치도 원주시 지정면 신지정로 124","섬강고등학교","26352","K10","일반고","공립","20260423"
"고등학교","assigned","7801150","성수고등학교","강원특별자치도","강원특별자치도 춘천시 중앙로68번길 21","(낙원동)","24274","K10","일반고","사립","20260423"
"고등학교","assigned","7801151","성수여자고등학교","강원특별자치도","강원특별자치도 춘천시 학당길 28","낙원동 45-1","24274","K10","일반고","사립","20260423"
"고등학교","assigned","7801152","속초고등학교","강원특별자치도","강원특별자치도 속초시 사진용촌길 42","(장사동, 속초고등학교)","24803","K10","일반고","공립","20260423"
"고등학교","assigned","7801153","속초여자고등학교","강원특별자치도","강원특별자치도 속초시 배움터길 16","(교동)","24863","K10","일반고","공립","20260423"
"고등학교","assigned","7801154","신남고등학교","강원특별자치도","강원특별자치도 인제군 남면 신남로 47-35(구:신난리 404)",", 신남고등학교 (남면)","24648","K10","일반고","공립","20260423"
"고등학교","assigned","7801155","신철원고등학교","강원특별자치도","강원특별자치도 철원군 갈말읍 명성로149번길 64","","24037","K10","일반고","공립","20260423"
"고등학교","assigned","7801156","안흥고등학교","강원특별자치도","강원특별자치도 횡성군 안흥면 서동로 1121","","25271","K10","일반고","공립","20260423"
"고등학교","assigned","7801157","양구고등학교","강원특별자치도","강원특별자치도 양구군 양구읍 중심로 115","","24544","K10","일반고","공립","20260423"
"고등학교","assigned","7801158","양구여자고등학교","강원특별자치도","강원특별자치도 양구군 양구읍 박수근로 327","","24539","K10","일반고","공립","20260423"
"고등학교","assigned","7801159","양양고등학교","강원특별자치도","강원특별자치도 양양군 양양읍 복개길 23-12","","25029","K10","일반고","공립","20260423"
"고등학교","assigned","7801160","여량고등학교","강원특별자치도","강원특별자치도 정선군 여량면 여량7길 42","","26106","K10","일반고","공립","20260423"
"고등학교","assigned","7801161","영서고등학교","강원특별자치도","강원특별자치도 원주시 치악로 1384","(관설동)","26468","K10","특성화고","공립","20260423"
"고등학교","assigned","7801162","영월고등학교","강원특별자치도","강원특별자치도 영월군 영월읍 오무개길 51","","26227","K10","일반고","공립","20260423"
"고등학교","assigned","7801163","원덕고등학교","강원특별자치도","강원특별자치도 삼척시 원덕읍 삼척로 480","(원덕읍, 원덕중고등학교)","25961","K10","일반고","공립","20260423"
"고등학교","assigned","7801164","원주고등학교","강원특별자치도","강원특별자치도 원주시 치악로 1765","(개운동)","26442","K10","일반고","공립","20260423"
"방송통신고등학교","assigned","7801165","원주고등학교부설방송통신고등학교","강원특별자치도","강원도 원주시 치악로 1765","(개운동, 원주고등학교)","26442","K10","일반고","공립","20260423"
"고등학교","assigned","7801166","원주금융회계고등학교","강원특별자치도","강원특별자치도 원주시 부론면 부귀로 35","","26498","K10","특성화고","공립","20260423"
"고등학교","assigned","7801167","원주삼육고등학교","강원특별자치도","강원특별자치도 원주시 북원로 2000","(무실동)","26395","K10","일반고","사립","20260423"
"고등학교","assigned","7801168","원주여자고등학교","강원특별자치도","강원특별자치도 원주시 배울로 227","(반곡동)","26460","K10","일반고","공립","20260423"
"고등학교","assigned","7801170","원통고등학교","강원특별자치도","강원특별자치도 인제군 북면 원통로 285","(북면, 원통중고등학교)","24614","K10","일반고","공립","20260423"
"고등학교","assigned","7801171","유봉여자고등학교","강원특별자치도","강원특별자치도 춘천시 봉의산길22번길 28","(교동) 유봉여자고등학교","24263","K10","일반고","사립","20260423"
"고등학교","assigned","7801172","육민관고등학교","강원특별자치도","강원특별자치도 원주시 흥업면 북원로 1800","육민관고등학교","26403","K10","일반고","사립","20260423"
"고등학교","assigned","7801173","인제고등학교","강원특별자치도","강원특별자치도 인제군 인제읍 인제로249번길 22","","24629","K10","일반고","공립","20260423"
"고등학교","assigned","7801174","임계고등학교","강원특별자치도","강원특별자치도 정선군 임계면 백두대간로 1313",".","26113","K10","일반고","공립","20260423"
"고등학교","assigned","7801175","장성여자고등학교","강원특별자치도","강원특별자치도 태백시 일광마을길 8-12","(문곡동)","26044","K10","일반고","공립","20260423"
"고등학교","assigned","7801209","전인고등학교","강원특별자치도","강원특별자치도 춘천시 동산면 새술막길 630","","24409","K10","특성화고","사립","20260423"
"고등학교","assigned","7801176","정선고등학교","강원특별자치도","강원특별자치도 정선군 정선읍 봉양4길 15","(정선읍, 정선중학교,정선고등학교)","26131","K10","일반고","공립","20260423"
"고등학교","assigned","7801177","정선정보공업고등학교","강원특별자치도","강원특별자치도 정선군 정선읍 용담샛길 2","(북실리)","26132","K10","특성화고","공립","20260423"
"고등학교","assigned","7801178","주문진고등학교","강원특별자치도","강원특별자치도 강릉시 주문진읍 학교길 28","","25424","K10","일반고","공립","20260423"
"고등학교","assigned","7801179","주천고등학교","강원특별자치도","강원특별자치도 영월군 주천면 주천로89번길 41","주천중·고등학교","26203","K10","일반고","공립","20260423"
"고등학교","assigned","7801180","진광고등학교","강원특별자치도","강원특별자치도 원주시 진광길 50","(우산동) 진광고등학교","26338","K10","일반고","사립","20260423"
"고등학교","assigned","7801181","진부고등학교","강원특별자치도","강원특별자치도 평창군 진부면 솔천길 69","진부고등학교","25333","K10","일반고","공립","20260423"
"고등학교","assigned","7801182","철암고등학교","강원특별자치도","강원특별자치도 태백시 상철암길 10-32","(철암동)","26046","K10","일반고","공립","20260423"
"고등학교","assigned","7801183","철원고등학교","강원특별자치도","강원특별자치도 철원군 철원읍 금학로251번안길 12","","24006","K10","일반고","공립","20260423"
"고등학교","assigned","7801184","철원여자고등학교","강원특별자치도","강원특별자치도 철원군 동송읍 이평로123번길 40","","24013","K10","일반고","공립","20260423"
"고등학교","assigned","7801185","춘천고등학교","강원특별자치도","강원도 춘천시 중앙로68번길 37","(소양로3가, 춘천고등학교)","24274","K10","일반고","공립","20260423"
"방송통신고등학교","assigned","7801186","춘천고등학교부설방송통신고등학교","강원특별자치도","강원도 춘천시 중앙로68번길 37","(소양로3가,춘천고등학교)","24274","K10","일반고","공립","20260423"
"고등학교","assigned","7801187","춘천기계공업고등학교","강원특별자치도","강원특별자치도 춘천시 후석로462번길 53","(후평동)","24232","K10","특성화고","공립","20260423"
"고등학교","assigned","7801188","춘천여자고등학교","강원특별자치도","강원특별자치도 춘천시 동면 만천양지길 95","","24213","K10","일반고","공립","20260423"
"방송통신고등학교","assigned","7801189","춘천여자고등학교부설방송통신고등학교","강원특별자치도","강원도 춘천시 동면 만천양지길 95","(동면, 춘천여자고등학교)","24213","K10","일반고","공립","20260423"
"고등학교","assigned","7801190","춘천한샘고등학교","강원특별자치도","강원특별자치도 춘천시 신북읍 신샘밭로 363-12","","24206","K10","특성화고","공립","20260423"
"고등학교","assigned","7801191","치악고등학교","강원특별자치도","강원도 원주시 치악고교길 16","(관설동, 치악고등학교)","26469","K10","일반고","공립","20260423"
"고등학교","assigned","7801193","팔렬고등학교","강원특별자치도","강원도 홍천군 내촌면 동창로 207",", 팔렬고등학교 (내촌면)","25162","K10","특성화고","사립","20260423"
"고등학교","assigned","7801194","평창고등학교","강원특별자치도","강원특별자치도 평창군 평창읍 노람들길 141","평창고등학교","25375","K10","일반고","공립","20260423"
"고등학교","assigned","7801240","한국국방과학고등학교","강원특별자치도","강원특별자치도 철원군 서면 와수1로 72","한국국방과학고등학교","24057","K10","특성화고","공립","20260423"
"고등학교","assigned","7801195","한국소방마이스터고등학교","강원특별자치도","강원특별자치도 영월군 영월읍 영모전길 108","","26227","K10","특목고","공립","20260423"
"고등학교","assigned","7801196","한국에너지마이스터고등학교","강원특별자치도","강원도 삼척시 근덕면 삼척로 3700",", 한국에너지마이스터고등학교 (근덕면, 근덕중학교·한국에너지마이스터고등학교)","25933","K10","특목고","공립","20260423"
"고등학교","assigned","7801239","한국의료마이스터고등학교","강원특별자치도","강원특별자치도 원주시 문막읍 원문로 1756","한국의료마이스터고등학교","26370","K10","특목고","공립","20260423"
"고등학교","assigned","7801228","한국항공고등학교","강원특별자치도","강원특별자치도 태백시 평화길 8-24","(장성동)","26047","K10","특성화고","공립","20260423"
"고등학교","assigned","7801197","함백고등학교","강원특별자치도","강원특별자치도 정선군 신동읍 함백로 376","(신동읍)","26141","K10","일반고","공립","20260423"
"고등학교","assigned","7801198","현천고등학교","강원특별자치도","강원특별자치도 횡성군 둔내면 경강로 4119","","25266","K10","특성화고","공립","20260423"
"고등학교","assigned","7801199","홍천고등학교","강원특별자치도","강원특별자치도 홍천군 홍천읍 석화로 109-10","","25121","K10","일반고","공립","20260423"
"고등학교","assigned","7801200","홍천농업고등학교","강원특별자치도","강원특별자치도 홍천군 홍천읍 홍천로 678-15","","25126","K10","특성화고","공립","20260423"
"고등학교","assigned","7801201","홍천여자고등학교","강원특별자치도","강원특별자치도 홍천군 홍천읍 꽃뫼로 71","","25120","K10","일반고","공립","20260423"
"고등학교","assigned","7801202","화천고등학교","강원특별자치도","강원특별자치도 화천군 하남면 춘화로 3348-9","","24140","K10","일반고","공립","20260423"
"고등학교","assigned","7801203","화천정보산업고등학교","강원특별자치도","강원특별자치도 화천군 화천읍 상승로 69","","24121","K10","특성화고","공립","20260423"
"고등학교","assigned","7801204","황지고등학교","강원특별자치도","강원특별자치도 태백시 번영로 179","(황지동)황지고등학교","26033","K10","일반고","공립","20260423"
"방송통신고등학교","assigned","7801205","황지고등학교부설방송통신고등학교","강원특별자치도","강원특별자치도 태백시 번영로 179",", 황지고등학교 (황지동)","26033","K10","일반고","공립","20260423"
"고등학교","assigned","7801206","황지정보산업고등학교","강원특별자치도","강원특별자치도 태백시 문화로1길 1","(황지동)","26017","K10","특성화고","공립","20260423"
"고등학교","assigned","7801207","횡성고등학교","강원특별자치도","강원특별자치도 횡성군 횡성읍 교항로 33","횡성고등학교","25235","K10","일반고","공립","20260423"
"고등학교","assigned","7801208","횡성여자고등학교","강원특별자치도","강원특별자치도 횡성군 횡성읍 횡성로 252","횡성여자고등학교","25240","K10","일반고","공립","20260423"
"고등학교","assigned","7530907","가온고등학교","경기도","경기도 안성시 샛터길 46","(발화동,가온고등학교)","17596","J10","일반고","사립","20260423"
"고등학교","assigned","7530974","가운고등학교","경기도","경기도 남양주시 가운로2길 115","(가운동)","12266","J10","일반고","공립","20260423"
"고등학교","assigned","7530854","가좌고등학교","경기도","경기도 고양시 일산서구 가좌1로 43",", 가좌고등학교 (가좌동)","10210","J10","일반고","공립","20260423"
"고등학교","assigned","7530633","가평고등학교","경기도","경기도 가평군 가평읍 호반로 2601","(가평읍, 가평고등학교)","12421","J10","일반고","공립","20260423"
"고등학교","assigned","7531270","갈매고등학교","경기도","경기도 구리시 갈매순환로 75","(갈매동)","11902","J10","일반고","공립","20260423"
"고등학교","assigned","7531390","감일고등학교","경기도","경기도 하남시 감일순환로 165",", 감일고등학교 (감이동)","12997","J10","일반고","공립","20260423"
"고등학교","assigned","7531377","경기게임마이스터고등학교","경기도","경기도 안양시 동안구 학의로 70",", 경기게임마이스터고등학교 (비산동)","14043","J10","특목고","공립","20260423"
"고등학교","assigned","7531275","경기경영고등학교","경기도","경기도 부천시 심곡로 100","(심곡본동, 정명고등학교,경기경영고등학교)","14747","J10","특성화고","사립","20260423"
"고등학교","assigned","7530045","경기과학고등학교","경기도","경기도 수원시 장안구 수일로 135","(송죽동,경기과학고등학교)","16297","J10","특목고","공립","20260423"
"고등학교","assigned","7531056","경기관광고등학교","경기도","경기도 여주시 대신면 여양로 1416",", 경기관광고등학교 (대신면)","12610","J10","특성화고","사립","20260423"
"고등학교","assigned","7530989","경기국제통상고등학교","경기도","경기도 부천시 석천로 141","(중동, 경기국제통상고등학교)","14583","J10","특성화고","공립","20260423"
"고등학교","assigned","7530551","경기대명고등학교","경기도","경기도 수원시 권선구 수인로598번길 3-24",", 경기대명고등학교 (당수동)","16364","J10","특성화고","공립","20260423"
"고등학교","assigned","7530903","경기모바일과학고등학교","경기도","경기도 안산시 상록구 남산평길 35","(팔곡일동,경기모바일과학고등학교)","15521","J10","특성화고","공립","20260423"
"고등학교","assigned","7530945","경기물류고등학교","경기도","경기도 평택시 안중읍 안현로 403",", 경기물류고등학교 (안중읍)","17936","J10","특성화고","공립","20260423"
"고등학교","assigned","7530851","경기북과학고등학교","경기도","경기도 의정부시 체육로135번길 32",", 경기북과학고등학교 (녹양동)","11601","J10","특목고","공립","20260423"
"고등학교","assigned","7531380","경기스마트고등학교","경기도","경기도 시흥시 정왕천로 404","(정왕동)","15051","J10","특성화고","공립","20260423"
"고등학교","assigned","7530943","경기영상과학고등학교","경기도","경기도 고양시 일산서구 강선로 8","(주엽동)","10365","J10","특성화고","공립","20260423"
"고등학교","assigned","7530569","경기예술고등학교","경기도","경기도 부천시 원미구 석천로209번길 37","(중동)","14537","J10","특목고","공립","20260423"
"고등학교","assigned","7531602","경기오산소프트웨어고등학교","경기도","경기도 오산시 죽담4로 18","경기오산소프트웨어고등학교","18117","J10","특성화고","공립","20260423"
"고등학교","assigned","7530909","경기외국어고등학교","경기도","경기도 의왕시 고산로105번길 30",", 경기외국어고등학교 (고천동)","16075","J10","특목고","사립","20260423"
"고등학교","assigned","7530908","경기자동차과학고등학교","경기도","경기도 시흥시 금오로 103",", 경기자동차과학고등학교 (무지내동,경기자동차과학고등학교)","14933","J10","특성화고","사립","20260423"
"고등학교","assigned","7530937","경기창조고등학교","경기도","경기도 안성시 공도읍 공도5로 37",", 경기창조고등학교 (공도읍)","17560","J10","일반고","공립","20260423"
"고등학교","assigned","7530046","경기체육고등학교","경기도","경기도 수원시 장안구 상률로 106",", 경기체육고등학교 (천천동)","16322","J10","특목고","공립","20260423"
"고등학교","assigned","7531378","경기폴리텍고등학교","경기도","경기도 군포시 고산로 524","(산본동, 경기폴리텍고등학교)","15825","J10","특성화고","공립","20260423"
"고등학교","assigned","7531382","경기항공고등학교","경기도","경기도 광명시 새터안로 20","(광명동, 경기항공고)","14271","J10","특성화고","사립","20260423"
"고등학교","assigned","7530141","경민고등학교","경기도","경기도 의정부시 서부로 545","(가능동,경민고등학교)","11618","J10","일반고","사립","20260423"
"고등학교","assigned","7531061","경민비즈니스고등학교","경기도","경기도 의정부시 서부로 545","(가능동)","11618","J10","특성화고","사립","20260423"
"고등학교","assigned","7530995","경민IT고등학교","경기도","경기도 의정부시 서부로 545","(가능동,경민IT고등학교)","11618","J10","특성화고","사립","20260423"
"고등학교","assigned","7530143","경안고등학교","경기도","경기도 안산시 단원구 당곡로 93",", 경안고등학교 (고잔동)","15335","J10","일반고","사립","20260423"
"고등학교","assigned","7531618","경일고등학교","경기도","경기도 안산시 단원구 석수로 131","(선부동, 경일고등학교)","15219","J10","특성화고","사립","20260423"
"고등학교","assigned","7530535","경화여자고등학교","경기도","경기도 광주시 수하길11번길 43","(송정동)","12741","J10","일반고","사립","20260423"
"고등학교","assigned","7530993","경화여자English Business고등학교","경기도","경기도 광주시 수하길11번길 43","(송정동)","12741","J10","특성화고","사립","20260423"
"고등학교","assigned","7530047","계남고등학교","경기도","경기도 부천시 원미구 부흥로 261",", 계남고등학교 (중동)","14581","J10","일반고","공립","20260423"
"고등학교","assigned","7530144","계원예술고등학교","경기도","경기도 성남시 분당구 불정로 100","(정자동)","13606","J10","특목고","사립","20260423"
"고등학교","assigned","7531242","고림고등학교","경기도","경기도 용인시 처인구 고림로165","(고림동)","17149","J10","일반고","공립","20260423"
"고등학교","assigned","7530878","고색고등학교","경기도","경기도 수원시 권선구 서둔로17번길 32","(고색동, 고색고등학교)","16623","J10","자율고","공립","20260423"
"고등학교","assigned","7530576","고양고등학교","경기도","경기도 고양시 덕양구 삼송로 171","(삼송동)","10556","J10","특성화고","공립","20260423"
"고등학교","assigned","7530977","고양국제고등학교","경기도","경기도 고양시 일산동구 위시티4로 112","(식사동)","10321","J10","특목고","공립","20260423"
"고등학교","assigned","7531099","고양동산고등학교","경기도","경기도 고양시 덕양구 동세로 20","(동산동)","10597","J10","일반고","공립","20260423"
"고등학교","assigned","7530777","고양예술고등학교","경기도","경기도 고양시 일산서구 덕이로172번길 4-39","(덕이동)","10228","J10","특목고","사립","20260423"
"고등학교","assigned","7530552","고양외국어고등학교","경기도","경기도 고양시 덕양구 통일로 820","(관산동)","10286","J10","특목고","사립","20260423"
"고등학교","assigned","7530892","고양일고등학교","경기도","경기도 고양시 덕양구 읍내로 13","(고양동, 고양일고등학교)","10275","J10","일반고","공립","20260423"
"고등학교","assigned","7530520","고잔고등학교","경기도","경기도 안산시 단원구 광덕2로 222","(고잔동, 고잔고등학교)","15478","J10","일반고","공립","20260423"
"고등학교","assigned","7531375","고촌고등학교","경기도","경기도 김포시 고촌읍 태리로47번길 20","(고촌읍)","10128","J10","일반고","공립","20260423"
"고등학교","assigned","7531239","곡정고등학교","경기도","경기도 수원시 권선구 덕영대로 1190번길 130","(권선동, 곡정고등학교)","16662","J10","일반고","공립","20260423"
"고등학교","assigned","7530632","곤지암고등학교","경기도","경기도 광주시 곤지암읍 곤지암로 82",", 곤지암고등학교 (곤지암읍)","12804","J10","일반고","공립","20260423"
"고등학교","assigned","7530048","과천고등학교","경기도","경기도 과천시 꿈보람길 26",", 과천고등학교 (별양동)","13836","J10","일반고","공립","20260423"
"고등학교","assigned","7530145","과천여자고등학교","경기도","경기도 과천시 희망길 36","(중앙동,과천여자고등학교)","13805","J10","일반고","사립","20260423"
"고등학교","assigned","7530146","과천외국어고등학교","경기도","경기도 과천시 희망길 36","(중앙동)","13805","J10","특목고","사립","20260423"
"고등학교","assigned","7530469","과천중앙고등학교","경기도","경기도 과천시 교육원로 17",", 과천중앙고등학교 (갈현동)","13841","J10","일반고","공립","20260423"
"고등학교","assigned","7530553","관양고등학교","경기도","경기도 안양시 동안구 일동로 115","(관양동)","13927","J10","일반고","공립","20260423"
"고등학교","assigned","7530049","관인고등학교","경기도","경기도 포천시 관인면 관인로 20","(관인면, 관인중고등학교)","11101","J10","일반고","공립","20260423"
"고등학교","assigned","7531040","광교고등학교","경기도","경기도 수원시 영통구 도청로89번길 11","(이의동)","16509","J10","일반고","공립","20260423"
"고등학교","assigned","7530885","광남고등학교","경기도","경기도 광주시 회안대로 350-32","(장지동)","12779","J10","일반고","공립","20260423"
"고등학교","assigned","7530934","광덕고등학교","경기도","경기도 안산시 상록구 순환로 532",", 광덕고등학교 (월피동, 광덕고등학교)","15257","J10","일반고","공립","20260423"
"고등학교","assigned","7530542","광동고등학교","경기도","경기도 남양주시 진접읍 장현로광동1길 10",", 광동고등학교 (진접읍, 광동중.고등학교)","12015","J10","일반고","사립","20260423"
"고등학교","assigned","7530050","광명고등학교","경기도","경기도 광명시 오리로876번길 17","(철산동, 광명고등학교)","14234","J10","일반고","공립","20260423"
"고등학교","assigned","7530051","광명북고등학교","경기도","경기도 광명시 시청로 127","(철산동)","14225","J10","일반고","공립","20260423"
"고등학교","assigned","7530053","광문고등학교","경기도","경기도 광명시 원광명안로 39","(광명동)","14283","J10","일반고","공립","20260423"
"고등학교","assigned","7530521","광주고등학교","경기도","경기도 광주시 수하길19번길 43",", 광주고등학교 (송정동)","12741","J10","일반고","공립","20260423"
"고등학교","assigned","7530786","광주중앙고등학교","경기도","경기도 광주시 역동로63번길 1",", 광주중앙고등학교 (역동)","12778","J10","일반고","공립","20260423"
"고등학교","assigned","7530838","광탄고등학교","경기도","경기도 파주시 광탄면 혜음로1128번길 16","(광탄면)","10948","J10","일반고","사립","20260423"
"고등학교","assigned","7531100","광휘고등학교","경기도","경기도 광명시 서원로 41",", 광휘고등학교 (소하동)","14330","J10","일반고","공립","20260423"
"고등학교","assigned","7530774","교하고등학교","경기도","경기도 파주시 책향기로 180","교하고등학교","10874","J10","일반고","공립","20260423"
"고등학교","assigned","7530054","구리고등학교","경기도","경기도 구리시 장자대로 89","(수택동, 구리고등학교)","11940","J10","일반고","공립","20260423"
"고등학교","assigned","7530055","구리여자고등학교","경기도","경기도 구리시 벌말로 168",", 구리여자고등학교 (토평동)","11945","J10","일반고","공립","20260423"
"고등학교","assigned","7530611","구성고등학교","경기도","경기도 용인시 기흥구 연원로42번길 47",", 구성고등학교 (마북동)","16917","J10","일반고","공립","20260423"
"고등학교","assigned","7530766","군서고등학교","경기도","경기도 시흥시 군서마을로 100","(정왕동)","15054","J10","일반고","공립","20260423"
"고등학교","assigned","7531293","군자디지털과학고등학교","경기도","경기도 시흥시 군자로487번길 54","(거모동,군자디지털과학고등학교)","15067","J10","특성화고","공립","20260423"
"고등학교","assigned","7530148","군포고등학교","경기도","경기도 군포시 오금로 118",", 군포고등학교 (금정동)","15833","J10","일반고","사립","20260423"
"고등학교","assigned","7531272","군포중앙고등학교","경기도","경기도 군포시 송부로 239",", 군포중앙고등학교 (부곡동)","15881","J10","자율고","공립","20260423"
"고등학교","assigned","7530902","군포e비즈니스고등학교","경기도","경기도 군포시 수리산로 153","(산본동,군포e비즈니스고등학교)","15819","J10","특성화고","공립","20260423"
"고등학교","assigned","7530057","권선고등학교","경기도","경기도 수원시 권선구 세권로 276","(권선동,권선고등학교)","16557","J10","일반고","공립","20260423"
"고등학교","assigned","7531381","근명고등학교","경기도","경기도 안양시 만안구 삼덕로 49","(안양동)","13998","J10","특성화고","사립","20260423"
"고등학교","assigned","7530629","금곡고등학교","경기도","경기도 남양주시 경춘로992번길 10","(금곡동)","12238","J10","일반고","공립","20260423"
"고등학교","assigned","7530656","금촌고등학교","경기도","경기도 파주시 쇠재1길 18","(금릉동, 금촌고등학교)","10934","J10","일반고","공립","20260423"
"고등학교","assigned","7530522","기흥고등학교","경기도","경기도 용인시 기흥구 관곡로 20",", 기흥고등학교 (신갈동)","16964","J10","일반고","공립","20260423"
"고등학교","assigned","7530058","김포고등학교","경기도","경기도 김포시 봉화로 37-15",", 김포고등학교 (사우동)","10107","J10","일반고","공립","20260423"
"고등학교","assigned","7531517","김포과학기술고등학교","경기도","경기도 김포시 봉화로 69","(북변동, 김포과학기술고등학교)","10106","J10","특성화고","공립","20260423"
"고등학교","assigned","7530745","김포외국어고등학교","경기도","경기도 김포시 월곶면 김포대로 2537","(월곶면,김포외국어고등학교)","10023","J10","특목고","사립","20260423"
"고등학교","assigned","7531149","김포제일고등학교","경기도","경기도 김포시 김포한강11로 242",", 김포제일고등학교 (운양동)","10073","J10","일반고","공립","20260423"
"고등학교","assigned","7531530","김포호수고등학교","경기도","경기도 김포시 김포한강4로420번길 115","(구래동)","10063","J10","일반고","공립","20260423"
"고등학교","assigned","7530880","나루고등학교","경기도","경기도 화성시 동탄구 금반2길 13","(반송동)","18440","J10","일반고","공립","20260423"
"고등학교","assigned","7530149","낙생고등학교","경기도","경기도 성남시 분당구 대왕판교로 477","(판교동)","13480","J10","일반고","사립","20260423"
"고등학교","assigned","7530783","남양고등학교","경기도","경기도 화성시 남양읍 시청로45번길 23",", 남양고등학교 (남양읍)","18262","J10","일반고","공립","20260423"
"고등학교","assigned","7531425","남양주고등학교","경기도","경기도 남양주시 화도읍 경춘로2192번길 25","(화도읍, 남양주고등학교)","12190","J10","특성화고","공립","20260423"
"고등학교","assigned","7531376","남양주다산고등학교","경기도","경기도 남양주시 다산중앙로146번길 50","(다산동, 남양주다산고등학교)","12285","J10","일반고","공립","20260423"
"고등학교","assigned","7530059","남한고등학교","경기도","경기도 하남시 신평로 25",", 남한고등학교 (덕풍동)","12978","J10","일반고","공립","20260423"
"고등학교","assigned","7531527","내손고등학교","경기도","경기도 의왕시 내손순환로 51","(내손동)","16033","J10","특성화고","공립","20260423"
"고등학교","assigned","7530625","늘푸른고등학교","경기도","경기도 성남시 분당구 성남대로407번길 26","(정자동)","13554","J10","일반고","공립","20260423"
"고등학교","assigned","7530060","능곡고등학교","경기도","경기도 고양시 덕양구 지도로 76","(토당동)","10515","J10","일반고","공립","20260423"
"고등학교","assigned","7530942","능동고등학교","경기도","경기도 화성시 동탄구 동탄원천로 315-26","(능동고등학교)","18424","J10","일반고","공립","20260423"
"고등학교","assigned","7530608","다산고등학교","경기도","경기도 이천시 경충대로 2856",", 다산고등학교 (사음동)","17308","J10","일반고","사립","20260423"
"고등학교","assigned","7531604","다율고등학교","경기도","경기도 파주시 청암로 140","(다율동)","10865","J10","일반고","공립","20260517"
"고등학교","assigned","7530654","단원고등학교","경기도","경기도 안산시 단원구 단원로 55","(고잔동)","15334","J10","일반고","공립","20260423"
"고등학교","assigned","7530785","대부고등학교","경기도","경기도 안산시 단원구 대부중앙로 3","(대부북동)","15645","J10","일반고","공립","20260423"
"고등학교","assigned","7530150","대신고등학교","경기도","경기도 여주시 대신면 여양로 1196",", 대신중고등학교 (대신면)","12611","J10","일반고","사립","20260423"
"고등학교","assigned","7530824","대지고등학교","경기도","경기도 용인시 수지구 동백죽전대로 1066","(죽전동, 대지고등학교)","16889","J10","일반고","공립","20260423"
"고등학교","assigned","7530554","대평고등학교","경기도","경기도 수원시 장안구 천천로22번길 21","(정자동,대평고등학교)","16332","J10","일반고","공립","20260423"
"고등학교","assigned","7531042","대화고등학교","경기도","경기도 고양시 일산서구 대화로 100","(대화동)","10221","J10","일반고","공립","20260423"
"고등학교","assigned","7530619","덕계고등학교","경기도","경기도 양주시 평화로1489번길 34","덕계고등학교","11440","J10","일반고","공립","20260423"
"고등학교","assigned","7530555","덕산고등학교","경기도","경기도 부천시 오정구 오정로 266번길 69","(오정동, 덕산고등학교)","14434","J10","일반고","공립","20260423"
"고등학교","assigned","7530151","덕소고등학교","경기도","경기도 남양주시 와부읍 덕소로 194","(와부읍,덕소고등학교)","12274","J10","일반고","사립","20260423"
"고등학교","assigned","7531328","덕영고등학교","경기도","경기도 용인시 처인구 고림로74번길 15",", 덕영고등학교 (고림동, 덕영고등학교)","17151","J10","특성화고","사립","20260423"
"고등학교","assigned","7531043","덕이고등학교","경기도","경기도 고양시 일산서구 하이파크1로 64","(덕이동, 덕이고등학교)","10236","J10","일반고","공립","20260423"
"고등학교","assigned","7530470","덕정고등학교","경기도","경기도 양주시 화합로 1488","(고암동)","11454","J10","일반고","공립","20260423"
"고등학교","assigned","7530979","덕현고등학교","경기도","경기도 양주시 고읍북로 36",", 덕현고등학교 (만송동)","11493","J10","일반고","공립","20260423"
"고등학교","assigned","7530857","도농고등학교","경기도","경기도 남양주시 다산순환로 1","(다산동, 도농고등학교)","12253","J10","일반고","공립","20260423"
"고등학교","assigned","7530471","도당고등학교","경기도","경기도 부천시 삼작로256번길 53-3","(도당동, 도당고등학교)","14481","J10","일반고","공립","20260423"
"고등학교","assigned","7531165","도래울고등학교","경기도","경기도 고양시 덕양구 도래울1로 67","(도내동)","10551","J10","일반고","공립","20260423"
"고등학교","assigned","7530523","돌마고등학교","경기도","경기도 성남시 분당구 이매로 105","(이매동,돌마고등학교)","13571","J10","일반고","공립","20260423"
"고등학교","assigned","7530990","동광고등학교","경기도","경기도 성남시 중원구 원터로 84","(성남동,동광고등학교)","13370","J10","일반고","사립","20260423"
"고등학교","assigned","7530999","동국대학교사범대학부속영석고등학교","경기도","경기도 의정부시 시민로 363","(용현동, 영석고등학교)","11783","J10","일반고","사립","20260423"
"고등학교","assigned","7530484","동남고등학교","경기도","경기도 포천시 소흘읍 솔모루로3번길 69","(소흘읍,동남고등학교)","11176","J10","일반고","사립","20260423"
"고등학교","assigned","7530153","동두천고등학교","경기도","경기도 동두천시 평화로2434번길 8","(생연동,동두천고등학교)","11314","J10","일반고","사립","20260423"
"고등학교","assigned","7530655","동두천외국어고등학교","경기도","경기도 동두천시 지행로 145","(지행동)","11361","J10","특목고","공립","20260423"
"고등학교","assigned","7530544","동두천중앙고등학교","경기도","경기도 동두천시 평화로 2280","(지행동)","11363","J10","일반고","공립","20260423"
"고등학교","assigned","7530823","동백고등학교","경기도","경기도 용인시 기흥구 동백7로 61",", 동백고등학교 (동백동)","17000","J10","일반고","공립","20260423"
"고등학교","assigned","7530063","동안고등학교","경기도","경기도 안양시 동안구 부림로 71","(평촌동,동안고등학교)","14070","J10","일반고","공립","20260423"
"고등학교","assigned","7530154","동우여자고등학교","경기도","경기도 수원시 장안구 장안로 426-1",", 동우여자고등학교 (이목동)","16208","J10","일반고","사립","20260423"
"고등학교","assigned","7531598","동원동우고등학교","경기도","경기도 수원시 장안구 장안로 426-1",", 동원동우고등학교 (이목동)","16208","J10","일반고","사립","20260423"
"고등학교","assigned","7530327","동일공업고등학교","경기도","경기도 평택시 중앙로 315","(비전동)","17873","J10","특성화고","사립","20260423"
"고등학교","assigned","7530820","동탄고등학교","경기도","경기도 화성시 동탄구 동탄공원로1길 26-7","(반송동)","18436","J10","일반고","공립","20260423"
"고등학교","assigned","7530976","동탄국제고등학교","경기도","경기도 화성시 동탄나루로 27",", 동탄국제고등학교 (반송동)","18441","J10","특목고","공립","20260423"
"고등학교","assigned","7531159","동탄중앙고등학교","경기도","경기도 화성시 동탄구 동탄대로시범길 167","(청계동)","18476","J10","일반고","공립","20260423"
"고등학교","assigned","7530969","동패고등학교","경기도","경기도 파주시 교하로 350","(동패동, 동패고등학교)","10903","J10","일반고","공립","20260423"
"고등학교","assigned","7530156","동화고등학교","경기도","경기도 남양주시 경춘로 434","(다산동, 동화중고교)","12259","J10","일반고","사립","20260423"
"고등학교","assigned","7530485","두레자연고등학교","경기도","경기도 화성시 우정읍 두레길 42","(우정읍, 두레자연고등학교)","18569","J10","특성화고","사립","20260423"
"고등학교","assigned","7531257","두원공업고등학교","경기도","경기도 안성시 미양면 미양로 727","(미양면)","17598","J10","특성화고","사립","20260423"
"고등학교","assigned","7531294","라온고등학교","경기도","경기도 평택시 경기대로1376번길 38-6",", 라온고등학교 (서정동)","17730","J10","일반고","사립","20260423"
"고등학교","assigned","7531603","마루고등학교","경기도","경기도 오산시 탑동1길 67","(탑동) 마루고등학교","18127","J10","일반고","공립","20260423"
"고등학교","assigned","7530972","마석고등학교","경기도","경기도 남양주시 화도읍 녹촌로 35","(화도읍,마석고등학교)","12187","J10","일반고","공립","20260423"
"고등학교","assigned","7530930","마송고등학교","경기도","경기도 김포시 통진읍 마송1로 155","(통진읍)","10031","J10","일반고","공립","20260423"
"고등학교","assigned","7530649","마장고등학교","경기도","경기도 이천시 마장면 마도로 23",", 마장고등학교 (마장면, 마장중고등학교)","17387","J10","일반고","공립","20260423"
"고등학교","assigned","7530844","망포고등학교","경기도","경기도 수원시 영통구 동탄지성로 468","(망포동)","16686","J10","일반고","공립","20260423"
"고등학교","assigned","7530845","매원고등학교","경기도","경기도 수원시 영통구 삼성로213번길 120","(매탄동)","16674","J10","일반고","공립","20260423"
"고등학교","assigned","7530652","매탄고등학교","경기도","경기도 수원시 영통구 매탄로126번길 11","(매탄동,매탄고등학교)","16544","J10","일반고","공립","20260423"
"고등학교","assigned","7530497","매향여자정보고등학교","경기도","경기도 수원시 팔달구 수원천로 350",", 매향여자정보고등학교 (매향동)","16254","J10","특성화고","사립","20260423"
"고등학교","assigned","7531139","매홀고등학교","경기도","경기도 오산시 내삼미로80번길 9-10","(수청동)","18114","J10","일반고","공립","20260423"
"고등학교","assigned","7530628","명문고등학교","경기도","경기도 광명시 광명로812번길 16","(광명동,명문고등학교)","14281","J10","일반고","공립","20260423"
"고등학교","assigned","7531108","모락고등학교","경기도","경기도 의왕시 모락로 134","(오전동,모락고등학교)","16047","J10","일반고","공립","20260423"
"고등학교","assigned","7531370","목감고등학교","경기도","경기도 시흥시 목감둘레로 150",", 목감고등학교 (조남동)","14988","J10","일반고","공립","20260423"
"고등학교","assigned","7530064","무원고등학교","경기도","경기도 고양시 덕양구 화신로 65","(행신동)","10518","J10","일반고","공립","20260423"
"고등학교","assigned","7530065","문산고등학교","경기도","경기도 파주시 문산읍 당동1로 22",", 문산고등학교 (문산읍)","10819","J10","일반고","공립","20260423"
"고등학교","assigned","7531236","문산수억고등학교","경기도","경기도 파주시 파주읍 우계로 357","(파주읍)","10836","J10","일반고","사립","20260423"
"고등학교","assigned","7530630","문산제일고등학교","경기도","경기도 파주시 평화로 190","(야동동)","10849","J10","일반고","공립","20260423"
"고등학교","assigned","7531244","미사강변고등학교","경기도","경기도 하남시 미사강변한강로 75","(선동, 미사강변고등학교)","12901","J10","일반고","공립","20260423"
"고등학교","assigned","7531163","미사고등학교","경기도","경기도 하남시 미사강변한강로 210","(망월동, 미사고등학교)","12911","J10","일반고","공립","20260423"
"고등학교","assigned","7530847","반송고등학교","경기도","경기도 화성시 동탄반석로 21","(반송동)","18442","J10","일반고","공립","20260423"
"고등학교","assigned","7530933","발곡고등학교","경기도","경기도 의정부시 동일로454번길 150","(신곡동,발곡고등학교)","11795","J10","일반고","공립","20260423"
"고등학교","assigned","7530904","발안바이오과학고등학교","경기도","경기도 화성시 만세구 향남읍 발안로 71","(향남읍, 발안바이오과학고등학교)","18592","J10","특성화고","공립","20260423"
"고등학교","assigned","7531246","배곧고등학교","경기도","경기도 시흥시 배곧4로 94-10","(정왕동)","15010","J10","일반고","공립","20260423"
"고등학교","assigned","7530066","백마고등학교","경기도","경기도 고양시 일산동구 백석로 155","(백석동,백마고등학교)","10418","J10","일반고","공립","20260423"
"고등학교","assigned","7530067","백석고등학교","경기도","경기도 고양시 일산동구 강촌로 115",", 백석고등학교 (마두동, 백석고등학교)","10416","J10","일반고","공립","20260423"
"고등학교","assigned","7531057","백송고등학교","경기도","경기도 고양시 일산서구 덕이로 172번길 4-39","(덕이동)","10228","J10","일반고","사립","20260423"
"고등학교","assigned","7530068","백신고등학교","경기도","경기도 고양시 일산동구 백석로 8","(백석동,백신고등학교)","10448","J10","일반고","공립","20260423"
"고등학교","assigned","7530650","백암고등학교","경기도","경기도 용인시 처인구 백암면 백원로 519-9","(백암면,백암중고등학교)","17177","J10","일반고","공립","20260423"
"고등학교","assigned","7530472","백양고등학교","경기도","경기도 고양시 덕양구 화신로 199","(행신동, 백양고등학교)","10483","J10","일반고","공립","20260423"
"고등학교","assigned","7530157","백영고등학교","경기도","경기도 안양시 동안구 관평로 94",", 백영고등학교 (평촌동)","14102","J10","일반고","사립","20260423"
"고등학교","assigned","7530069","백운고등학교","경기도","경기도 의왕시 내손순환로 136","(내손동)","16029","J10","일반고","공립","20260423"
"고등학교","assigned","7530763","범박고등학교","경기도","경기도 부천시 소사구 범박로 27-1","(범박동)","14783","J10","일반고","공립","20260423"
"고등학교","assigned","7531247","별가람고등학교","경기도","경기도 남양주시 순화궁로 393","(별내동, 별가람고등학교)","12103","J10","일반고","공립","20260423"
"고등학교","assigned","7531113","별내고등학교","경기도","경기도 남양주시 별내5로 36",", 별내고등학교 (별내동)","12108","J10","일반고","공립","20260423"
"고등학교","assigned","7530627","병점고등학교","경기도","경기도 화성시 병점중앙로 72","(병점동,병점고등학교)","18415","J10","일반고","공립","20260423"
"고등학교","assigned","7530882","보라고등학교","경기도","경기도 용인시 기흥구 한보라1로43번길 7","(보라동, 보라고등학교)","17081","J10","일반고","공립","20260913"
"고등학교","assigned","7530658","보정고등학교","경기도","경기도 용인시 기흥구 보정로 22",", 보정고등학교 (보정동)","16903","J10","일반고","공립","20260423"
"고등학교","assigned","7530921","보평고등학교","경기도","경기도 성남시 분당구 동판교로 124","(백현동, 보평고등학교)","13527","J10","일반고","공립","20260423"
"고등학교","assigned","7530940","복정고등학교","경기도","경기도 성남시 수정구 남위례로 93",", 복정고등학교 (복정동)","13114","J10","일반고","공립","20260423"
"고등학교","assigned","7530848","봉담고등학교","경기도","경기도 화성시 봉담읍 상봉길 42",", 봉담고등학교 (봉담읍)","18316","J10","일반고","공립","20260423"
"고등학교","assigned","7530825","봉일천고등학교","경기도","경기도 파주시 조리읍 소곡로 54","(조리읍)","10938","J10","일반고","공립","20260423"
"고등학교","assigned","7531106","부곡고등학교","경기도","경기도 안산시 상록구 시낭로 78","(부곡동)","15278","J10","일반고","공립","20260423"
"고등학교","assigned","7530070","부명고등학교","경기도","경기도 부천시 석천로 127",", 부명고등학교 (중동, 부명고등학교)","14586","J10","일반고","공립","20260423"
"고등학교","assigned","7530575","부용고등학교","경기도","경기도 의정부시 오목로 96",", 부용고등학교 (민락동)","11811","J10","일반고","공립","20260423"
"고등학교","assigned","7530842","부원고등학교","경기도","경기도 이천시 장호원읍 서동대로 8857",", 부원고등학교 (장호원읍, 부원고등학교)","17421","J10","일반고","사립","20260423"
"고등학교","assigned","7530071","부천고등학교","경기도","경기도 부천시 경인로92번길 70","(송내동, 부천고등학교)","14733","J10","일반고","공립","20260423"
"고등학교","assigned","7530254","부천공업고등학교","경기도","경기도 부천시 소사구 경인로120번길 82",", 부천공업고등학교 (송내동 455)","14733","J10","특성화고","공립","20260423"
"고등학교","assigned","7530072","부천북고등학교","경기도","경기도 부천시 삼작로256번길 40",", 부천북고등학교 (도당동)","14481","J10","일반고","공립","20260423"
"고등학교","assigned","7530073","부천여자고등학교","경기도","경기도 부천시 원미구 석천로16번길 37",", 부천여자고등학교 (상동)","14621","J10","일반고","공립","20260423"
"고등학교","assigned","7530256","부천정보산업고등학교","경기도","경기도 부천시 원미구 신상로 94","(상동, 부천정보산업고등학교)","14596","J10","특성화고","공립","20260423"
"고등학교","assigned","7530074","부흥고등학교","경기도","경기도 안양시 동안구 달안로 15","(비산동, 부흥고등학교)","14044","J10","일반고","공립","20260423"
"고등학교","assigned","7531114","분당경영고등학교","경기도","경기도 성남시 분당구 금곡로 289","(금곡동)","13617","J10","특성화고","공립","20260423"
"고등학교","assigned","7530075","분당고등학교","경기도","경기도 성남시 분당구 내정로165번길 31","(수내동, 분당고등학교)","13597","J10","일반고","공립","20260423"
"고등학교","assigned","7530160","분당대진고등학교","경기도","경기도 성남시 분당구 분당로 271","(분당동, 대진고등학교)","13583","J10","일반고","사립","20260423"
"고등학교","assigned","7531423","분당아람고등학교","경기도","경기도 성남시 분당구 장미로 153","(야탑동, 분당아람고등학교)","13500","J10","특성화고","공립","20260423"
"고등학교","assigned","7530598","분당영덕여자고등학교","경기도","경기도 성남시 분당구 판교로592번길 13","(야탑동, 분당영덕여자고등학교)","13515","J10","일반고","사립","20260423"
"고등학교","assigned","7530076","분당중앙고등학교","경기도","경기도 성남시 분당구 불정로 174",", 분당중앙고등학교 (정자동)","13604","J10","일반고","공립","20260423"
"고등학교","assigned","7530077","불곡고등학교","경기도","경기도 성남시 분당구 금곡로 149","(구미동, 불곡고등학교)","13629","J10","일반고","공립","20260423"
"고등학교","assigned","7530603","비봉고등학교","경기도","경기도 화성시 비봉면 양노로109번길 5",", 비봉고등학교 (비봉면)","18284","J10","일반고","사립","20260423"
"고등학교","assigned","7531109","비전고등학교","경기도","경기도 평택시 비전3로 12","비전동","17853","J10","일반고","공립","20260423"
"고등학교","assigned","7530474","사우고등학교","경기도","경기도 김포시 김포대로 824",", 사우고등학교 (사우동, 사우고등학교)","10111","J10","일반고","공립","20260423"
"고등학교","assigned","7530079","산본고등학교","경기도","경기도 군포시 산본로 451-12","(산본동)","15820","J10","일반고","공립","20260423"
"고등학교","assigned","7530163","삼광고등학교","경기도","경기도 파주시 적성면 청송로 701","(적성면,삼광고등학교)","10801","J10","일반고","사립","20260423"
"고등학교","assigned","7530660","삼괴고등학교","경기도","경기도 화성시 우정읍 장안로 35","(우정읍, 삼괴고등학교)","18564","J10","일반고","사립","20260423"
"고등학교","assigned","7531427","삼일고등학교","경기도","경기도 수원시 팔달구 매향삼일로 20","(매향동)","16254","J10","특성화고","사립","20260423"
"고등학교","assigned","7530335","삼일공업고등학교","경기도","경기도 수원시 팔달구 매향삼일로 32","","16254","J10","특성화고","사립","20260423"
"고등학교","assigned","7530577","상동고등학교","경기도","경기도 부천시 원미구 상이로 22","","14594","J10","일반고","공립","20260423"
"방송통신고등학교","assigned","7531142","상동고등학교부설방송통신고등학교","경기도","경기도 부천시 원미구 상이로 22","(상동)","14594","J10","일반고","공립","20260423"
"고등학교","assigned","7531107","상록고등학교","경기도","경기도 안산시 상록구 반석로4길 34","(본오동, 상록고등학교)","15546","J10","일반고","공립","20260423"
"고등학교","assigned","7530571","상우고등학교","경기도","경기도 의정부시 범골로 79","(의정부동, 상우고등학교)","11626","J10","일반고","사립","20260423"
"고등학교","assigned","7530764","상원고등학교","경기도","경기도 부천시 원미구 상동로 10","(상동, 상원고등학교)","14590","J10","일반고","공립","20260423"
"고등학교","assigned","7530616","상일고등학교","경기도","경기도 부천시 부흥로 13","(상동)","14592","J10","일반고","공립","20260423"
"고등학교","assigned","7531014","상현고등학교","경기도","경기도 용인시 수지구 법조로 222","(상현동)","16942","J10","일반고","공립","20260423"
"고등학교","assigned","7531374","새솔고등학교","경기도","경기도 화성시 만세구 큰나래3길 25",", 새솔고등학교 (새솔동)","18241","J10","일반고","공립","20260423"
"고등학교","assigned","7531373","서연고등학교","경기도","경기도 화성시 동탄대로4가길 6",", 서연고등학교 (장지동)","18506","J10","일반고","공립","20260423"
"고등학교","assigned","7530164","서울삼육고등학교","경기도","경기도 구리시 아차산로487번길 70","(교문동, 삼육중고등학교)","11952","J10","일반고","사립","20260423"
"고등학교","assigned","7530574","서원고등학교","경기도","경기도 용인시 수지구 상현로42번길 26-7","(상현동)","16939","J10","일반고","공립","20260423"
"고등학교","assigned","7531044","서정고등학교","경기도","경기도 고양시 덕양구 서정마을2로 39",", 서정고등학교 (행신동)","10491","J10","일반고","공립","20260423"
"고등학교","assigned","7531096","서천고등학교","경기도","경기도 용인시 기흥구 서천서로 126","(농서동)","17110","J10","일반고","공립","20260423"
"고등학교","assigned","7530082","서해고등학교","경기도","경기도 시흥시 정왕신길로 13","(정왕동, 서해고등학교)","15021","J10","일반고","공립","20260423"
"고등학교","assigned","7530081","서현고등학교","경기도","경기도 성남시 분당구 분당로 87",", 서현고등학교 (서현동)","13588","J10","일반고","공립","20260423"
"방송통신고등학교","assigned","7531141","서현고등학교부설방송통신고등학교","경기도","경기도 성남시 분당구 분당로 87",", 서현고등학교부설방송통신고등학교 (서현동)","13588","J10","일반고","공립","20260423"
"고등학교","assigned","7530887","선부고등학교","경기도","경기도 안산시 단원구 지곡로 138",", 선부고등학교 (선부동)","15224","J10","일반고","공립","20260423"
"고등학교","assigned","7530083","설악고등학교","경기도","경기도 가평군 설악면 한양부로 21-1",", 설악고등학교 (설악면, 설악중고등학교)","12465","J10","일반고","공립","20260423"
"고등학교","assigned","7531291","성남고등학교","경기도","경기도 성남시 중원구 시민로 61",", 성남고등학교 (성남동)","13359","J10","일반고","공립","20260423"
"고등학교","assigned","7530085","성남여자고등학교","경기도","경기도 성남시 중원구 원터로94번길 6","(성남동)","13370","J10","일반고","공립","20260423"
"고등학교","assigned","7530762","성남외국어고등학교","경기도","경기도 성남시 분당구 대왕판교로385번길 28","(백현동)","13543","J10","특목고","공립","20260423"
"고등학교","assigned","7531256","성남테크노과학고등학교","경기도","경기도 성남시 중원구 둔촌대로258번길 7","(하대원동)","13406","J10","특성화고","공립","20260423"
"고등학교","assigned","7530528","성문고등학교","경기도","경기도 안양시 만안구 성문길 1","","14097","J10","일반고","사립","20260423"
"고등학교","assigned","7531054","성보경영고등학교","경기도","경기도 성남시 수정구 논골로 82","(단대동)","13132","J10","특성화고","사립","20260423"
"고등학교","assigned","7530973","성복고등학교","경기도","경기도 용인시 수지구 도마치로 92","(성복동, 성복고등학교)","16807","J10","일반고","공립","20260423"
"고등학교","assigned","7530770","성사고등학교","경기도","경기도 고양시 덕양구 호국로 869",", 성사고등학교 (성사동)","10294","J10","일반고","공립","20260423"
"고등학교","assigned","7530475","성안고등학교","경기도","경기도 안산시 상록구 용신로 170","(사동,성안고등학교)","15578","J10","일반고","공립","20260423"
"고등학교","assigned","7530167","성일고등학교","경기도","경기도 성남시 중원구 시민로77번길 10",", 성일고등학교 (성남동)","13370","J10","일반고","사립","20260423"
"고등학교","assigned","7530591","성일정보고등학교","경기도","경기도 성남시 중원구 시민로77번길 10-2",", 성일정보고등학교 (성남동, 성일고, 성일정보고, 성일중)","13370","J10","특성화고","사립","20260423"
"고등학교","assigned","7530767","성지고등학교","경기도","경기도 용인시 기흥구 갈곡로12번길 13","(구갈동)","16979","J10","일반고","공립","20260423"
"고등학교","assigned","7530765","성포고등학교","경기도","경기도 안산시 상록구 충장로 538","(성포동, 성포고등학교)","15293","J10","일반고","공립","20260423"
"고등학교","assigned","7530086","성호고등학교","경기도","경기도 오산시 동부대로436번길 46","(원동,성호고등학교)","18150","J10","일반고","공립","20260423"
"고등학교","assigned","7530947","세경고등학교","경기도","경기도 파주시 파주읍 술이홀로 379","(파주읍)","10834","J10","특성화고","사립","20260423"
"고등학교","assigned","7531046","세교고등학교","경기도","경기도 오산시 수청로 112",", 세교고등학교 (금암동)","18108","J10","일반고","공립","20260423"
"고등학교","assigned","7530936","세마고등학교","경기도","경기도 오산시 수목원로 559-17","(세교동, 세마고등학교)","18107","J10","일반고","공립","20260423"
"고등학교","assigned","7530169","세원고등학교","경기도","경기도 고양시 일산동구 숲속마을로 202","(풍동,세원고등학교)","10305","J10","일반고","사립","20260423"
"고등학교","assigned","7531051","세종고등학교","경기도","경기도 여주시 청심로 221","(상동, 세종고등학교)","12620","J10","일반고","공립","20260423"
"고등학교","assigned","7530262","소래고등학교","경기도","경기도 시흥시 수인로3287번길 26","(은행동,소래고등학교)","14950","J10","일반고","공립","20260423"
"고등학교","assigned","7530170","소명여자고등학교","경기도","경기도 부천시 원미구 부일로 571번길",", 84","14647","J10","일반고","사립","20260423"
"고등학교","assigned","7530087","소사고등학교","경기도","경기도 부천시 소사로78번길 22","(소사본동)","14774","J10","일반고","공립","20260423"
"고등학교","assigned","7530088","소하고등학교","경기도","경기도 광명시 소하일로 21",", 소하고등학교 (소하동,소하고등학교)","14317","J10","일반고","공립","20260423"
"고등학교","assigned","7531102","솔터고등학교","경기도","경기도 김포시 김포한강7로22번길 109","(마산동,솔터고등학교)","10067","J10","일반고","공립","20260423"
"고등학교","assigned","7530617","송내고등학교","경기도","경기도 부천시 서촌로20번길 13","(송내동)","14741","J10","일반고","공립","20260423"
"고등학교","assigned","7530171","송림고등학교","경기도","경기도 성남시 분당구 이매로 100",", 송림고등학교 (이매동)","13571","J10","일반고","사립","20260423"
"고등학교","assigned","7530665","송산고등학교","경기도","경기도 화성시 송산면 송산포도로 102-21","송산고등학교","18550","J10","일반고","사립","20260423"
"고등학교","assigned","7531167","송양고등학교","경기도","경기도 의정부시 송양로 6",", 송양고등학교 (낙양동)","11812","J10","일반고","공립","20260423"
"고등학교","assigned","7530806","송우고등학교","경기도","경기도 포천시 소흘읍 태봉로 125","(소흘읍,송우고교)","11176","J10","일반고","공립","20260423"
"고등학교","assigned","7530480","송탄고등학교","경기도","경기도 평택시 고덕국제1로 176","(고덕동), 송탄고등학교","18007","J10","일반고","공립","20260423"
"고등학교","assigned","7530481","송현고등학교","경기도","경기도 의정부시 용민로 159","(민락동)","11803","J10","일반고","공립","20260423"
"고등학교","assigned","7530573","송호고등학교","경기도","경기도 안산시 상록구 광덕3로 296",", 송호고등학교 (이동)","15490","J10","일반고","공립","20260423"
"고등학교","assigned","7530089","수내고등학교","경기도","경기도 성남시 분당구 발이봉북로 15",", 수내고등학교 (수내동)","13601","J10","일반고","공립","20260423"
"고등학교","assigned","7530090","수리고등학교","경기도","경기도 군포시 수리산로 39","(산본동, 수리고등학교)","15868","J10","일반고","공립","20260423"
"고등학교","assigned","7530091","수성고등학교","경기도","경기도 수원시 장안구 장안로90번길 39","(정자동, 수성고등학교)","16313","J10","일반고","공립","20260423"
"방송통신고등학교","assigned","7530386","수성고등학교부설방송통신고등학교","경기도","경기도 수원시 장안구 장안로90번길 39","(정자동, 수성고등학교)","16313","J10","일반고","공립","20260423"
"고등학교","assigned","7530174","수원고등학교","경기도","경기도 수원시 팔달구 정조로 666-10","(매교동)","16469","J10","일반고","사립","20260423"
"고등학교","assigned","7530344","수원공업고등학교","경기도","경기도 수원시 팔달구 세지로 254","(인계동,수원공업고등학교)","16472","J10","특성화고","사립","20260423"
"고등학교","assigned","7530265","수원농생명과학고등학교","경기도","경기도 수원시 장안구 광교산로 13","(영화동,농생명과학고등학교)","16277","J10","특성화고","공립","20260423"
"고등학교","assigned","7530092","수원여자고등학교","경기도","경기도 수원시 팔달구 고등로59번길 72",", 수원여자고등학교 (고등동)","16448","J10","일반고","공립","20260423"
"방송통신고등학교","assigned","7530387","수원여자고등학교부설방송통신고등학교","경기도","경기도 수원시 팔달구 고등로59번길 72","(고등동, 수원여자고등학교)","16448","J10","일반고","공립","20260423"
"고등학교","assigned","7530761","수원외국어고등학교","경기도","경기도 수원시 영통구 창룡대로 263","(이의동)","16227","J10","특목고","공립","20260423"
"고등학교","assigned","7530899","수원정보과학고등학교","경기도","경기도 수원시 영통구 동수원로551번길 16","(원천동)","16501","J10","특성화고","공립","20260423"
"고등학교","assigned","7531138","수원칠보고등학교","경기도","경기도 수원시 권선구 금곡로 127","(금곡동)","16389","J10","일반고","공립","20260423"
"고등학교","assigned","7530900","수원하이텍고등학교","경기도","경기도 수원시 영통구 청명북로 56(영통동)",", 수원하이텍고등학교","16710","J10","특목고","공립","20260423"
"고등학교","assigned","7530524","수일고등학교","경기도","경기도 수원시 장안구 수일로233번길 59","(조원동)","16293","J10","일반고","공립","20260423"
"고등학교","assigned","7530846","수주고등학교","경기도","경기도 부천시 역곡로 531","(고강동, 수주고등학교)","14403","J10","일반고","공립","20260423"
"고등학교","assigned","7530093","수지고등학교","경기도","경기도 용인시 수지구 수풍로 73","(풍덕천동)","16821","J10","일반고","공립","20260423"
"고등학교","assigned","7530557","수택고등학교","경기도","경기도 구리시 검배로 145",", 수택고등학교 (수택동)","11944","J10","일반고","공립","20260423"
"고등학교","assigned","7530094","숙지고등학교","경기도","경기도 수원시 팔달구 수성로182번길 100","(화서동,숙지고등학교)","16435","J10","일반고","공립","20260423"
"고등학교","assigned","7531616","숭신고등학교","경기도","경기도 성남시 중원구 황송로77번길 34","(금광동) 숭신고등학교","13165","J10","일반고","사립","20260423"
"고등학교","assigned","7530176","시온고등학교","경기도","경기도 부천시 은성로 172-20",", 시온고등학교 (범박동)","14773","J10","일반고","사립","20260423"
"고등학교","assigned","7530570","시흥고등학교","경기도","경기도 시흥시 상직길 25",", 시흥고등학교 (하상동)","14977","J10","일반고","공립","20260423"
"고등학교","assigned","7530894","시흥능곡고등학교","경기도","경기도 시흥시 승지로 107",", 시흥능곡고등학교 (능곡동)","14994","J10","일반고","공립","20260423"
"고등학교","assigned","7530898","시흥매화고등학교","경기도","경기도 시흥시 매화로 35","(매화동, 시흥매화고등학교)","14941","J10","일반고","공립","20260423"
"고등학교","assigned","7530177","신갈고등학교","경기도","경기도 용인시 기흥구 백남준로 13","(상갈동,신갈고등학교)","17068","J10","일반고","사립","20260423"
"고등학교","assigned","7530886","신길고등학교","경기도","경기도 안산시 단원구 신길로 45",", 신길고등학교 (신길동)","15402","J10","일반고","공립","20260423"
"고등학교","assigned","7531528","신동고등학교","경기도","경기도 화성시 동탄신동 2길 5","신동고등학교(신동)","18495","J10","일반고","공립","20260423"
"고등학교","assigned","7531013","신봉고등학교","경기도","경기도 용인시 수지구 신봉3로 45","(신봉동, 신봉고등학교)","16808","J10","일반고","공립","20260423"
"고등학교","assigned","7530178","신성고등학교","경기도","경기도 안양시 만안구 소곡로 93","(안양동,신성중 고등학교)","14090","J10","일반고","사립","20260423"
"고등학교","assigned","7531607","신양고등학교","경기도","경기도 김포시 양촌읍 양곡3로 57","신양고등학교","10061","J10","일반고","공립","20260423"
"고등학교","assigned","7531394","신원고등학교","경기도","경기도 고양시 덕양구 통일로 391",", 신원고등학교 (신원동)","10567","J10","일반고","공립","20260423"
"고등학교","assigned","7530998","신일비즈니스고등학교","경기도","경기도 고양시 일산서구 킨텍스로 452","(일산동)","10372","J10","특성화고","공립","20260423"
"고등학교","assigned","7530657","신장고등학교","경기도","경기도 하남시 신장동로 19",", 신장고등학교 (신장동)","12948","J10","일반고","공립","20260423"
"고등학교","assigned","7530929","신천고등학교","경기도","경기도 시흥시 포도원로 50","(신천동)","14953","J10","일반고","공립","20260423"
"고등학교","assigned","7530179","신한고등학교","경기도","경기도 평택시 신한1길 26","(비전동, 신한고등학교)","17899","J10","일반고","사립","20260423"
"고등학교","assigned","7530180","신흥고등학교","경기도","경기도 동두천시 신천로 159","(안흥동)","11304","J10","일반고","사립","20260423"
"고등학교","assigned","7530546","심석고등학교","경기도","경기도 남양주시 화도읍 마석로 62","(화도읍,심석고등학교)","12176","J10","일반고","사립","20260423"
"고등학교","assigned","7530095","심원고등학교","경기도","경기도 부천시 계남로 284","(중동, 심원고등학교)","14534","J10","일반고","공립","20260423"
"고등학교","assigned","7531469","심학고등학교","경기도","경기도 파주시 운정중앙로 21","심학고등학교","10923","J10","일반고","공립","20260423"
"고등학교","assigned","7530855","안곡고등학교","경기도","경기도 고양시 일산동구 하늘마을로 75","(중산동, 안곡고등학교)","10335","J10","일반고","공립","20260423"
"고등학교","assigned","7530181","안법고등학교","경기도","경기도 안성시 명륜길 66",", 안법고등학교 (구포동)","17587","J10","일반고","사립","20260423"
"고등학교","assigned","7530182","안산강서고등학교","경기도","경기도 안산시 단원구 삼일로 367","(와동)","15267","J10","일반고","사립","20260423"
"고등학교","assigned","7530183","안산고등학교","경기도","경기도 안산시 상록구 청룡4길 8","(장상동, 안산고등학교)","15204","J10","일반고","사립","20260423"
"고등학교","assigned","7530348","안산공업고등학교","경기도","경기도 안산시 상록구 안산공고로 51","(부곡동)","15276","J10","특성화고","사립","20260423"
"고등학교","assigned","7531119","안산국제비즈니스고등학교","경기도","경기도 안산시 상록구 수인로 1981",", 안산국제비즈니스고등학교 (장상동)","15204","J10","특성화고","사립","20260423"
"고등학교","assigned","7530184","안산동산고등학교","경기도","경기도 안산시 상록구 충장로 56","(본오동, 동산고등학교)","15573","J10","자율고","사립","20260423"
"고등학교","assigned","7530991","안산디자인문화고등학교","경기도","경기도 안산시 상록구 각골로 87",", 안산디자인문화고등학교 (본오동)","15535","J10","특성화고","사립","20260423"
"고등학교","assigned","7530096","안성고등학교","경기도","경기도 안성시 금산길 57",", 안성고등학교 (금산동)","17587","J10","일반고","공립","20260423"
"고등학교","assigned","7530097","안성여자고등학교","경기도","경기도 안성시 남파로 73-10","(신소현동)","17568","J10","일반고","공립","20260423"
"고등학교","assigned","7530098","안양고등학교","경기도","경기도 안양시 만안구 삼봉로 46",", 안양고등학교 (박달동)","14016","J10","일반고","공립","20260423"
"고등학교","assigned","7530270","안양공업고등학교","경기도","경기도 안양시 만안구 양화로28번길 69",", 안양공업고등학교 (안양동,안양공업고등학교)","14007","J10","특성화고","공립","20260423"
"고등학교","assigned","7531409","안양문화고등학교","경기도","경기도 안양시 만안구 양화로37번길 36","(안양동, 안양외국어고등학교, 안양문화고등학교)","14011","J10","특성화고","사립","20260423"
"고등학교","assigned","7530185","안양여자고등학교","경기도","경기도 안양시 만안구 안양로 357","(안양동)","13988","J10","일반고","사립","20260423"
"고등학교","assigned","7530486","안양예술고등학교","경기도","경기도 안양시 만안구 양화로25번길 40","(안양동,안양예술고등학교)","14012","J10","특목고","사립","20260423"
"고등학교","assigned","7530187","안양외국어고등학교","경기도","경기도 안양시 만안구 양화로37번길 36","(안양동,안양외국어고등학교)","14011","J10","특목고","사립","20260423"
"고등학교","assigned","7530594","안중고등학교","경기도","경기도 평택시 안중읍 안중믿음길 32","(안중읍, 안중고등학교)","17932","J10","일반고","사립","20260423"
"고등학교","assigned","7530821","안화고등학교","경기도","경기도 화성시 병점3로 132-19","(병점동)","18408","J10","일반고","공립","20260423"
"고등학교","assigned","7530548","야탑고등학교","경기도","경기도 성남시 분당구 판교로 738","(야탑동)","13510","J10","일반고","사립","20260423"
"고등학교","assigned","7530609","양곡고등학교","경기도","경기도 김포시 양촌읍 양곡4로 138","(양촌읍,양곡고등학교)","10057","J10","일반고","사립","20260423"
"고등학교","assigned","7530606","양동고등학교","경기도","경기도 양평군 양동면 학둔지윗길 47-7",", 양동고등학교 (양동면)","12539","J10","일반고","사립","20260423"
"고등학교","assigned","7530189","양명고등학교","경기도","경기도 안양시 만안구 경수대로1001번길 184",", 양명고등학교 (안양동)","13959","J10","일반고","사립","20260423"
"고등학교","assigned","7530190","양명여자고등학교","경기도","경기도 안양시 만안구 경수대로1001번길 150",", 양명여자고등학교 (안양동)","13959","J10","일반고","사립","20260423"
"고등학교","assigned","7530588","양서고등학교","경기도","경기도 양평군 양서면 상촌길 31-12","(양서면,양서고등학교)","12584","J10","일반고","사립","20260423"
"고등학교","assigned","7530782","양영디지털고등학교","경기도","경기도 성남시 분당구 불정로386번길 35","(서현동)","13587","J10","특성화고","공립","20260423"
"고등학교","assigned","7530607","양일고등학교","경기도","경기도 양평군 양평읍 관문2길 9",", 양일고등학교 (양평읍)","12552","J10","일반고","사립","20260423"
"고등학교","unassigned","","양주2고(개교예정)","경기도","경기도 양주시 고덕로 15","양주2고(개교예정)","11444","J10","일반고","공립","20260423"
"고등학교","assigned","7531116","양주고등학교","경기도","경기도 양주시 삼숭로38번길 78-52","(삼숭동, 양주고등학교)","11487","J10","자율고","공립","20260423"
"고등학교","assigned","7530746","양주백석고등학교","경기도","경기도 양주시 백석읍 꿈나무로 205","(백석읍)","11510","J10","일반고","공립","20260423"
"고등학교","assigned","7530558","양지고등학교","경기도","경기도 안산시 단원구 화정천동로 50","(고잔동,양지고등학교)","15474","J10","일반고","공립","20260423"
"고등학교","assigned","7530581","양평고등학교","경기도","경기도 양평군 양평읍 양근로 260","(양평읍)","12562","J10","일반고","공립","20260423"
"고등학교","assigned","7531053","양평전자과학고등학교","경기도","경기도 양평군 양서면 대심상심길 13","(양서면, 양평전자과학고등학교)","12582","J10","특성화고","공립","20260423"
"고등학교","assigned","7530586","여강고등학교","경기도","경기도 여주시 북내면 여강로 337-8",", 여강고등학교 (북내면)","12614","J10","일반고","사립","20260423"
"고등학교","assigned","7530191","여주고등학교","경기도","경기도 여주시 세종로 254-58",", 여주고등학교 (교동)","12652","J10","일반고","사립","20260423"
"고등학교","assigned","7530278","여주자영농업고등학교","경기도","경기도 여주시 세종대왕면 농도원1길 76","(세종대왕면)","12643","J10","특성화고","공립","20260423"
"고등학교","assigned","7530583","여주제일고등학교","경기도","경기도 여주시 가남읍 여주남로 1155-15","(가남읍)","12661","J10","일반고","사립","20260423"
"고등학교","assigned","7531105","역곡고등학교","경기도","경기도 부천시 원미구 안곡로 322","(역곡동, 역곡고등학교)","14657","J10","일반고","공립","20260423"
"고등학교","assigned","7530579","연천고등학교","경기도","경기도 연천군 연천읍 연천로336번길 13","(연천읍,연천중고등학교)","11013","J10","일반고","공립","20260423"
"고등학교","assigned","7530101","영덕고등학교","경기도","경기도 수원시 영통구 매영로 334","(영통동,영덕고등학교)","16699","J10","일반고","공립","20260423"
"고등학교","assigned","7530194","영복여자고등학교","경기도","경기도 수원시 팔달구 장안로7번길 49-1","(화서동)","16434","J10","일반고","사립","20260423"
"고등학교","assigned","7530910","영북고등학교","경기도","경기도 포천시 영북면 영북로 136","(영북면, 영북고등학교)","11104","J10","특성화고","공립","20260423"
"고등학교","assigned","7530195","영생고등학교","경기도","경기도 수원시 장안구 서부로2198번길 22",", 영생고등학교 (천천동)","16322","J10","일반고","사립","20260423"
"고등학교","assigned","7530197","영신여자고등학교","경기도","경기도 수원시 권선구 삼천병마로1566번길 30",", 영신여자고등학교 (오목천동)","16636","J10","일반고","사립","20260423"
"고등학교","assigned","7530849","예당고등학교","경기도","경기도 화성시 삼성1로 47","(석우동,예당고등학교)","18460","J10","일반고","공립","20260423"
"고등학교","assigned","7530893","오남고등학교","경기도","경기도 남양주시 오남읍 진건오남로 784-27",", 오남고등학교 (오남읍)","12036","J10","일반고","공립","20260423"
"고등학교","assigned","7530198","오산고등학교","경기도","경기도 오산시 청학로 43",", 오산고등학교 (청학동)","18119","J10","일반고","사립","20260423"
"고등학교","assigned","7530784","오산정보고등학교","경기도","경기도 오산시 청학로5번길 20","(청학동, 오산정보고등학교)","18119","J10","특성화고","공립","20260423"
"고등학교","assigned","7531605","오포고등학교","경기도","경기도 광주시 태성3로 35","(고산동)","12790","J10","일반고","공립","20260423"
"고등학교","assigned","7531599","옥길새길고등학교","경기도","경기도 부천시 소사구 양지로166번길 45","(옥길동)","14788","J10","특성화고","공립","20260423"
"고등학교","assigned","7531393","옥빛고등학교","경기도","경기도 양주시 옥정로4길 12","(옥정동)","11478","J10","일반고","공립","20260423"
"고등학교","assigned","7531158","옥정고등학교","경기도","경기도 양주시 옥정로7길 47","(옥정동, 옥정고등학교)","11468","J10","일반고","공립","20260423"
"고등학교","assigned","7530858","와부고등학교","경기도","경기도 남양주시 와부읍 수레로 127-20","와부고등학교(와부읍)","12204","J10","일반고","공립","20260423"
"고등학교","assigned","7531428","와우고등학교","경기도","경기도 화성시 봉담읍 동화서북안길 5","(봉담읍)","18298","J10","일반고","공립","20260423"
"고등학교","assigned","7530605","용문고등학교","경기도","경기도 양평군 용문면 용문로 437","(용문면, 용문중고등학교)","12515","J10","일반고","사립","20260423"
"고등학교","assigned","7530102","용인고등학교","경기도","경기도 용인시 처인구 금학로253번길 20-21","(역북동, 용인고등학교)","17046","J10","일반고","공립","20260423"
"고등학교","assigned","7530905","용인바이오고등학교","경기도","경기도 용인시 처인구 이동읍 경기동로687번길 28-14","28-14, 용인바이오고등학교","17136","J10","특성화고","공립","20260423"
"고등학교","assigned","7530778","용인백현고등학교","경기도","경기도 용인시 기흥구 동백7로 112",", 용인백현고등학교 (동백동)","17003","J10","일반고","공립","20260423"
"고등학교","assigned","7531161","용인삼계고등학교","경기도","경기도 용인시 처인구 포곡읍 백옥대로1898번길 34-42","(포곡읍)","17029","J10","일반고","공립","20260423"
"고등학교","assigned","7531146","용인한국외국어대학교부설고등학교","경기도","경기도 용인시 처인구 모현읍 외대로54번길 50",", 용인한국외국어대학교부설고등학교","17035","J10","자율고","사립","20260423"
"고등학교","assigned","7531379","용인홍천고등학교","경기도","경기도 용인시 수지구 수지로227번길 22","(신봉동)","16816","J10","일반고","공립","20260423"
"고등학교","assigned","7531600","용죽고등학교","경기도","경기도 평택시 용죽2로 100","용죽고등학교","18033","J10","일반고","공립","20260423"
"고등학교","assigned","7530104","용호고등학교","경기도","경기도 군포시 용호2로 10","(당동, 용호고등학교)","15876","J10","일반고","공립","20260423"
"고등학교","assigned","7530200","우성고등학교","경기도","경기도 의왕시 오전로 37","(고천동,우성고등학교)","16062","J10","일반고","사립","20260423"
"고등학교","assigned","7530982","운산고등학교","경기도","경기도 광명시 한내일로 17",", 운산고등학교 (소하동)","14311","J10","일반고","공립","20260423"
"고등학교","assigned","7530822","운암고등학교","경기도","경기도 오산시 운천로 12","(원동, 운암고등학교)","18140","J10","일반고","공립","20260423"
"고등학교","assigned","7531103","운양고등학교","경기도","경기도 김포시 김포한강11로 58","(운양동, 운양고등학교)","10077","J10","일반고","공립","20260423"
"고등학교","assigned","7531468","운유고등학교","경기도","경기도 김포시 김포한강2로 236","(장기동)","10083","J10","일반고","공립","20260423"
"고등학교","assigned","7531047","운정고등학교","경기도","경기도 파주시 와석순환로 267","(목동동, 운정고등학교)","10891","J10","자율고","공립","20260423"
"고등학교","assigned","7530941","운중고등학교","경기도","경기도 성남시 분당구 운중로 95","운중고등학교","13462","J10","일반고","공립","20260423"
"고등학교","assigned","7530572","운천고등학교","경기도","경기도 오산시 운천로 193","(부산동,운천고등학교)","18132","J10","일반고","공립","20260423"
"고등학교","assigned","7530105","원곡고등학교","경기도","경기도 안산시 단원구 화랑로 15","(원곡동, 원곡고등학교)","15364","J10","일반고","공립","20260423"
"고등학교","assigned","7530106","원미고등학교","경기도","경기도 부천시 옥산로 48","(중동, 원미고등학교)","14575","J10","일반고","공립","20260423"
"고등학교","assigned","7530107","원종고등학교","경기도","경기도 부천시 소사로 807번길 68","(원종동,원종고등학교)","14426","J10","일반고","공립","20260621"
"고등학교","assigned","7531245","위례고등학교","경기도","경기도 하남시 위례순환로 323",", 위례고등학교 (학암동)","13014","J10","일반고","공립","20260423"
"고등학교","assigned","7531243","위례한빛고등학교","경기도","경기도 성남시 수정구 위례동로 86","(창곡동, 위례한빛고등학교)","13644","J10","일반고","공립","20260423"
"고등학교","assigned","7530201","유신고등학교","경기도","경기도 수원시 팔달구 월드컵로 216","(우만동, 유신고등학교)","16495","J10","일반고","사립","20260423"
"고등학교","assigned","7530202","율곡고등학교","경기도","경기도 파주시 법원읍 사임당로 905",", 10 (법원읍)","10826","J10","일반고","사립","20260423"
"고등학교","assigned","7530531","율면고등학교","경기도","경기도 이천시 율면 고당로 48","(율면)","17423","J10","일반고","공립","20260423"
"고등학교","assigned","7530981","율천고등학교","경기도","경기도 수원시 팔달구 일월로 50","(화서동, 율천고등학교)","16422","J10","일반고","공립","20260423"
"고등학교","assigned","7530108","은행고등학교","경기도","경기도 시흥시 은행고길 85","(은행동,은행고등학교)","14916","J10","일반고","공립","20260423"
"고등학교","assigned","7530664","은혜고등학교","경기도","경기도 평택시 장안웃길 66",", 은혜고등학교 (장안동)","17731","J10","일반고","사립","20260423"
"고등학교","assigned","7530889","의왕고등학교","경기도","경기도 의왕시 덕영대로 115","(삼동,의왕고등학교)","16103","J10","자율고","공립","20260423"
"고등학교","assigned","7530109","의정부고등학교","경기도","경기도 의정부시 녹양로 29",", 의정부고등학교 (가능동)","11617","J10","일반고","공립","20260423"
"고등학교","assigned","7530663","의정부광동고등학교","경기도","경기도 의정부시 서부로 691","(가능동,의정부광동고등학교)","11615","J10","일반고","사립","20260423"
"고등학교","assigned","7530110","의정부여자고등학교","경기도","경기도 의정부시 신흥로365번길 10","(가능동, 의정부여자고등학교)","11679","J10","일반고","공립","20260423"
"고등학교","assigned","7530111","이매고등학교","경기도","경기도 성남시 분당구 탄천로 1",", 이매고등학교 (이매동)","13565","J10","일반고","공립","20260423"
"고등학교","assigned","7531290","이산고등학교","경기도","경기도 화성시 동탄기흥로353번길 61","(오산동)","18480","J10","일반고","공립","20260423"
"고등학교","assigned","7531406","이솔고등학교","경기도","경기도 화성시 동탄순환대로7길 10","(산척동)","18505","J10","일반고","공립","20260423"
"고등학교","assigned","7530587","이우고등학교","경기도","경기도 성남시 분당구 동막로 287",", 이우중고등학교 (동원동)","13547","J10","특성화고","사립","20260423"
"고등학교","assigned","7531166","이의고등학교","경기도","경기도 수원시 영통구 법조로 145",", 이의고등학교 (하동)","16512","J10","일반고","공립","20260423"
"고등학교","assigned","7530112","이천고등학교","경기도","경기도 이천시 아리역로16번길 1",", 이천고등학교 (증포동)","17353","J10","일반고","공립","20260423"
"고등학교","assigned","7531143","이천세무고등학교","경기도","경기도 이천시 설성면 설성로15번길 26",", 이천세무고등학교 (설성면)","17411","J10","특성화고","공립","20260423"
"고등학교","assigned","7530538","이천양정여자고등학교","경기도","경기도 이천시 영창로 119","(관고동,이천양정여자고등학교)","17354","J10","일반고","사립","20260423"
"고등학교","assigned","7530582","이천제일고등학교","경기도","경기도 이천시 애련정로 26","(안흥동)","17361","J10","일반고","공립","20260423"
"고등학교","assigned","7530891","이충고등학교","경기도","경기도 평택시 이충로35번길 50","(이충동,이충고등학교)","17735","J10","일반고","공립","20260423"
"고등학교","assigned","7530113","이포고등학교","경기도","경기도 여주시 흥천면 이여로 1075",", 이포고등학교 (흥천면, 이포중고등학교)","12604","J10","일반고","공립","20260423"
"고등학교","assigned","7530983","이현고등학교","경기도","경기도 이천시 증신로 88",", 이현고등학교 (갈산동)","17350","J10","일반고","공립","20260423"
"고등학교","assigned","7530818","인덕원고등학교","경기도","경기도 안양시 동안구 안양판교로 43","(관양동,인덕원고등학교)","13942","J10","일반고","공립","20260423"
"고등학교","assigned","7530114","인창고등학교","경기도","경기도 구리시 왕숙천로 339","(인창동,인창고등학교)","11922","J10","일반고","공립","20260423"
"고등학교","assigned","7530790","일동고등학교","경기도","경기도 포천시 일동면 화동로1079번길 28",", 일동고등학교","11116","J10","일반고","공립","20260423"
"고등학교","assigned","7530852","일산고등학교","경기도","경기도 고양시 일산서구 원일로 53",", 일산고등학교 (일산동)","10348","J10","특성화고","공립","20260423"
"고등학교","assigned","7531050","일산국제컨벤션고등학교","경기도","경기도 고양시 일산서구 고봉로 133","(주엽동)","10360","J10","특성화고","공립","20260423"
"고등학교","assigned","7530203","일산대진고등학교","경기도","경기도 고양시 일산서구 대산로 246","(대화동, 일산대진고등학교)","10367","J10","일반고","사립","20260423"
"고등학교","assigned","7530115","일산동고등학교","경기도","경기도 고양시 일산서구 탄현로 100",", 일산동고등학교 (탄현동,일산동고등학교)","10249","J10","일반고","공립","20260423"
"고등학교","assigned","7530840","일죽고등학교","경기도","경기도 안성시 서동대로 7446",", (송천리 243-1,일죽고등학교) (일죽면)","17529","J10","특성화고","공립","20260423"
"고등학교","assigned","7530476","장곡고등학교","경기도","경기도 시흥시 장곡로70번길 8","(장곡동,장곡고등학교)","15002","J10","일반고","공립","20260423"
"고등학교","assigned","7530890","장기고등학교","경기도","경기도 김포시 김포한강2로 131","(장기동, 장기고등학교)","10087","J10","일반고","공립","20260423"
"고등학교","assigned","7530477","장안고등학교","경기도","경기도 수원시 장안구 대평로52번길 12","(정자동,장안고등학교)","16316","J10","일반고","공립","20260423"
"고등학교","assigned","7530116","장호원고등학교","경기도","경기도 이천시 장호원읍 샘재로 27-37",", (장호원읍, 장호원고등학교) (장호원읍)","17419","J10","일반고","공립","20260423"
"고등학교","assigned","7530117","저동고등학교","경기도","경기도 고양시 일산동구 무궁화로 165",", 저동고등학교 (정발산동)","10359","J10","일반고","공립","20260423"
"고등학교","assigned","7530980","저현고등학교","경기도","경기도 고양시 일산동구 위시티3로 37","(식사동)","10323","J10","일반고","공립","20260423"
"고등학교","assigned","7531426","적성융합고등학교","경기도","경기도 파주시 적성면 솥뒤로33번길 60","(적성면)","10803","J10","특성화고","공립","20260423"
"고등학교","assigned","7530580","전곡고등학교","경기도","경기도 연천군 전곡읍 전은길 9-89",", 11025 (전곡읍, 전곡고등학교)","11025","J10","일반고","공립","20260423"
"고등학교","assigned","7530836","점동고등학교","경기도","경기도 여주시 점동면 청안로 152","(점동면)","12667","J10","일반고","공립","20260423"
"고등학교","assigned","7530204","정명고등학교","경기도","경기도 부천시 소사구 심곡로 100","정명고등학교","14747","J10","일반고","사립","20260423"
"고등학교","assigned","7531617","정목고등학교","경기도","경기도 파주시 월롱면 함영골길 10","정목고등학교","10945","J10","일반고","사립","20260423"
"고등학교","assigned","7530119","정발고등학교","경기도","경기도 고양시 일산동구 정발산로 185",", 정발고등학교 (마두동)","10407","J10","일반고","공립","20260423"
"고등학교","assigned","7530120","정왕고등학교","경기도","경기도 시흥시 정왕대로118번길 13","(정왕동, 정왕고등학교)","15038","J10","일반고","공립","20260423"
"고등학교","assigned","7531330","정현고등학교","경기도","경기도 화성시 동탄구 동탄산척로 93-10","(산척동) 정현고등학교","18496","J10","일반고","공립","20260423"
"고등학교","assigned","7530613","조원고등학교","경기도","경기도 수원시 장안구 수일로233번길 15",", 조원고등학교 (조원동)","16293","J10","일반고","공립","20260423"
"고등학교","assigned","7530791","조종고등학교","경기도","경기도 가평군 조종면 연등윗길 22","(현리 438번지)","12438","J10","일반고","공립","20260423"
"고등학교","assigned","7530122","주엽고등학교","경기도","경기도 고양시 일산서구 킨텍스로 341","(대화동)","10377","J10","일반고","공립","20260423"
"고등학교","assigned","7530841","죽산고등학교","경기도","경기도 안성시 죽산면 죽산향교길 54-40","죽산고등학교","17519","J10","일반고","공립","20260423"
"고등학교","assigned","7530525","죽전고등학교","경기도","경기도 용인시 수지구 용구대로2771번길 23",", 죽전고등학교 (죽전동)","16867","J10","일반고","공립","20260423"
"고등학교","assigned","7530123","중산고등학교","경기도","경기도 고양시 일산동구 중산로 290","(중산동,중산고등학교)","10331","J10","일반고","공립","20260423"
"고등학교","assigned","7531533","중앙기독고등학교","경기도","경기도 수원시 영통구 월드컵로 70","(원천동)","16517","J10","특성화고","사립","20260423"
"고등학교","assigned","7530124","중원고등학교","경기도","경기도 부천시 도약로 111","(중동, 중원고등학교)","14510","J10","일반고","공립","20260423"
"고등학교","assigned","7530125","중흥고등학교","경기도","경기도 부천시 계남로 171",", 중흥고등학교 (중동)","14536","J10","일반고","공립","20260423"
"고등학교","assigned","7531248","지산고등학교","경기도","경기도 파주시 가람로21번길 27-37","(와동동)","10870","J10","일반고","공립","20260423"
"고등학교","assigned","7530648","지평고등학교","경기도","경기도 양평군 지평면 지평로 418",", 지평고등학교 (지평면,지평고등학교)","12541","J10","일반고","공립","20260423"
"고등학교","assigned","7530526","진건고등학교","경기도","경기도 남양주시 진건읍 진건오남로 369-1","(진건읍,진건고등학교)","12129","J10","일반고","공립","20260423"
"고등학교","assigned","7531606","진덕고등학교","경기도","경기도 용인시 처인구 고림로186번길 93","(고림동)298","17151","J10","일반고","공립","20260423"
"고등학교","assigned","7530207","진성고등학교","경기도","경기도 광명시 철망산로 84","(하안동,진성고등학교)","14246","J10","일반고","사립","20260423"
"고등학교","assigned","7530595","진위고등학교","경기도","경기도 평택시 진위면 진위서로 47","(진위면)","17714","J10","일반고","사립","20260423"
"고등학교","assigned","7530932","진접고등학교","경기도","경기도 남양주시 진접읍 해밀예당2로 13",", 진접고등학교 (진접읍)","12057","J10","일반고","공립","20260423"
"고등학교","assigned","7531407","창의경영고등학교","경기도","경기도 광명시 기아로13번안길 9-9","(소하동, 광명경영회계고교)","14326","J10","특성화고","공립","20260423"
"고등학교","assigned","7531292","창의고등학교","경기도","경기도 화성시 동탄신리천로1길 66","(목동)","18489","J10","일반고","공립","20260423"
"고등학교","assigned","7530208","창현고등학교","경기도","경기도 수원시 팔달구 월드컵로 216-1",", 창현고등학교 (우만동)","16495","J10","일반고","사립","20260423"
"고등학교","assigned","7531389","처인고등학교","경기도","경기도 용인시 처인구 남사읍 한숲로 32",", 처인고등학교 (남사읍)","17117","J10","일반고","공립","20260423"
"고등학교","assigned","7530612","천천고등학교","경기도","경기도 수원시 장안구 정자로42번길 31","(천천동,천천고등학교)","16325","J10","일반고","공립","20260423"
"고등학교","assigned","7530992","청담고등학교","경기도","경기도 평택시 팽성읍 팽성송화로 192","청담고등학교 (팽성읍)","17991","J10","특성화고","사립","20260423"
"고등학교","assigned","7530884","청덕고등학교","경기도","경기도 용인시 기흥구 구성1로 21",", 청덕고등학교 (청덕동)","16914","J10","일반고","공립","20260423"
"고등학교","assigned","7530126","청명고등학교","경기도","경기도 수원시 영통구 영통로 466","(영통동)","16707","J10","일반고","공립","20260423"
"고등학교","assigned","7531164","청북고등학교","경기도","경기도 평택시 청북읍 안청로4길 55","(청북읍)","17806","J10","일반고","공립","20260423"
"고등학교","assigned","7530776","청심국제고등학교","경기도","경기도 가평군 설악면 미사리로 324-213",", 청심국제중고등학교 (설악면, 청심국제중고등학교)","12461","J10","특목고","사립","20260423"
"고등학교","assigned","7530127","청운고등학교","경기도","경기도 양평군 청운면 청운로 28","(청운면,청운중고등학교)","12530","J10","일반고","공립","20260423"
"고등학교","assigned","7530944","청평고등학교","경기도","경기도 가평군 청평면 강변나루로40번길 23","청평고등학교 (청평면)","12454","J10","일반고","공립","20260423"
"고등학교","assigned","7530550","청학고등학교","경기도","경기도 남양주시 별내면 청학로68번길 47","(별내면,청학고등학교)","12080","J10","자율고","공립","20260423"
"고등학교","assigned","7530883","초당고등학교","경기도","경기도 용인시 기흥구 동백중앙로 21","(중동, 초당고등학교)","17013","J10","일반고","공립","20260423"
"고등학교","assigned","7531136","초월고등학교","경기도","경기도 광주시 초월읍 무들로 3-25",", 초월고등학교 (초월읍)","12735","J10","일반고","공립","20260423"
"고등학교","assigned","7530478","초지고등학교","경기도","경기도 안산시 단원구 광덕1로 13","(초지동,초지고등학교)","15444","J10","일반고","공립","20260423"
"고등학교","assigned","7530128","충현고등학교","경기도","경기도 광명시 오리로348번길 62",", 충현고등학교 (소하동,충현고등학교)","14328","J10","일반고","공립","20260423"
"고등학교","assigned","7530626","충훈고등학교","경기도","경기도 안양시 만안구 석수로 238","(석수동)","13971","J10","일반고","공립","20260423"
"고등학교","assigned","7531467","치동고등학교","경기도","경기도 화성시 동탄구 동탄순환대로 881-15","","18470","J10","일반고","공립","20260423"
"고등학교","assigned","7530600","태광고등학교","경기도","경기도 평택시 탄현1로 155(신장동 263)","태광고등학교","17767","J10","일반고","사립","20260423"
"고등학교","assigned","7530209","태성고등학교","경기도","경기도 용인시 처인구 백옥대로 1059-2","(남동,태성중학교)","17063","J10","일반고","사립","20260423"
"고등학교","assigned","7530210","태원고등학교","경기도","경기도 성남시 분당구 성남대로 822",", 태원고등학교 (야탑동)","13514","J10","일반고","사립","20260423"
"고등학교","assigned","7530129","태장고등학교","경기도","경기도 수원시 영통구 영통로 250","(영통동, 태장고등학교)","16698","J10","일반고","공립","20260423"
"고등학교","assigned","7531289","태전고등학교","경기도","경기도 광주시 태전동로 38","(태전동)","12787","J10","일반고","공립","20260423"
"고등학교","assigned","7530527","토평고등학교","경기도","경기도 구리시 장자대로111번길 41","(토평동,토평고등학교)","11947","J10","일반고","공립","20260423"
"고등학교","assigned","7530661","통진고등학교","경기도","경기도 김포시 통진읍 김포대로 2165","(통진읍, 통진고등학교)","10032","J10","일반고","사립","20260423"
"고등학교","assigned","7530130","퇴계원고등학교","경기도","경기도 남양주시 퇴계원읍 퇴계원로","149","12115","J10","일반고","공립","20260423"
"고등학교","assigned","7530604","파주고등학교","경기도","경기도 파주시 문산읍 독산로31번길 39",", 파주고등학교 (문산읍)","10821","J10","일반고","사립","20260423"
"고등학교","assigned","7531045","판곡고등학교","경기도","경기도 남양주시 늘을1로 127","(호평동)","12142","J10","일반고","공립","20260423"
"고등학교","assigned","7531255","판교고등학교","경기도","경기도 성남시 분당구 동판교로 257","(삼평동)","13489","J10","일반고","공립","20260423"
"고등학교","assigned","7530771","평내고등학교","경기도","경기도 남양주시 평내로 57","(평내동, 평내고등학교)","12225","J10","일반고","공립","20260423"
"고등학교","assigned","7531049","평촌경영고등학교","경기도","경기도 안양시 동안구 학의로 186","(관양동,평촌경영고등학교)","14050","J10","특성화고","공립","20260423"
"고등학교","assigned","7530131","평촌고등학교","경기도","경기도 안양시 동안구 동안로 80",", 평촌고등학교 (호계동,평촌고등학교)","14076","J10","일반고","공립","20260423"
"고등학교","assigned","7531424","평촌과학기술고등학교","경기도","경기도 안양시 동안구 갈산로 16",", 13 (호계동)","14110","J10","특성화고","공립","20260423"
"고등학교","assigned","7530132","평택고등학교","경기도","경기도 평택시 평택2로 101","","17890","J10","일반고","공립","20260423"
"고등학교","assigned","7531408","평택마이스터고등학교","경기도","경기도 평택시 중앙1로 61","(비전동, 평택마이스터고교)","17890","J10","특목고","공립","20260423"
"고등학교","assigned","7530578","평택여자고등학교","경기도","경기도 평택시 영신로 220","(세교동,평택여자종합고등학교)","17842","J10","일반고","공립","20260423"
"고등학교","assigned","7530881","포곡고등학교","경기도","경기도 용인시 처인구 포곡읍 포곡로210번길 26","(포곡읍)","17027","J10","일반고","공립","20260423"
"고등학교","assigned","7530133","포천고등학교","경기도","경기도 포천시 원모루로 40",", 포천고등학교 (신읍동)","11148","J10","일반고","공립","20260423"
"고등학교","assigned","7530789","포천일고등학교","경기도","경기도 포천시 군내면 청군로 3426",", 포천일고등학교 (군내면)","11153","J10","일반고","공립","20260423"
"고등학교","assigned","7530482","풍덕고등학교","경기도","경기도 용인시 수지구 정평로13번길 5",", 풍덕고등학교 (풍덕천동)","16843","J10","일반고","공립","20260423"
"고등학교","assigned","7530856","풍동고등학교","경기도","경기도 고양시 일산동구 숲속마을로 119","(풍동,풍동고등학교)","10303","J10","일반고","공립","20260423"
"고등학교","assigned","7530621","풍무고등학교","경기도","경기도 김포시 풍무로93번길 53","(풍무동, 풍무고등학교)","10116","J10","일반고","공립","20260423"
"고등학교","assigned","7531012","풍산고등학교","경기도","경기도 하남시 덕풍서로 11","(덕풍동)","12931","J10","일반고","공립","20260423"
"고등학교","assigned","7530213","풍생고등학교","경기도","경기도 성남시 수정구 산성대로 111","(수진동, 풍생고등학교)","13326","J10","일반고","사립","20260423"
"고등학교","assigned","7531241","하길고등학교","경기도","경기도 화성시 향남읍 상신하길로274번길 22","(향남읍)","18611","J10","일반고","공립","20260423"
"고등학교","assigned","7531144","하남경영고등학교","경기도","경기도 하남시 대청로116번길 11","(창우동, 하남경영고등학교)","12955","J10","특성화고","공립","20260423"
"고등학교","assigned","7530214","하남고등학교","경기도","경기도 하남시 미사강변남로 39","(망월동)","12914","J10","일반고","사립","20260423"
"고등학교","assigned","7530651","하성고등학교","경기도","경기도 김포시 하성면 애기봉로806번길 30","(하성면,하성고등학교)","10011","J10","일반고","공립","20260423"
"고등학교","assigned","7530775","한겨레고등학교","경기도","경기도 안성시 죽산면 칠장로 107-9","(죽산면)","17524","J10","특성화고","사립","20260423"
"고등학교","assigned","7530215","한광고등학교","경기도","경기도 평택시 중앙1로 115","(비전동)","17888","J10","일반고","사립","20260423"
"고등학교","assigned","7530216","한광여자고등학교","경기도","경기도 평택시 중앙1로 115",", 504 (비전동)","17888","J10","일반고","사립","20260423"
"고등학교","assigned","7530488","한국관광고등학교","경기도","경기도 평택시 고덕면 고덕북로 185","(고덕면)","17789","J10","특성화고","사립","20260423"
"고등학교","assigned","7530559","한국도예고등학교","경기도","경기도 이천시 신둔면 둔터로 61",", 한국도예고등학교 (신둔면)","17307","J10","특성화고","공립","20260423"
"고등학교","assigned","7530560","한국디지털미디어고등학교","경기도","경기도 안산시 단원구 사세충열로 94","(와동, 한국디지털미디어고등학교)","15255","J10","특성화고","사립","20260423"
"고등학교","assigned","7531615","한국모빌리티고등학교","경기도","경기도 의정부시 가능로 57","(가능동) 한국모빌리티고등학교","11682","J10","특성화고","공립","20260423"
"고등학교","assigned","7530912","한국문화영상고등학교","경기도","경기도 동두천시 평화로2452번길 32",", (한국문화영상고등학교 (생연동)","11314","J10","특성화고","사립","20260423"
"고등학교","assigned","7530495","한국애니메이션고등학교","경기도","경기도 하남시 검단산로 223","(창우동)","13023","J10","특성화고","공립","20260423"
"고등학교","assigned","7531060","한국외식과학고등학교","경기도","경기도 양주시 남면 개나리18길 1",", 한국외식과학고등학교 (남면)","11404","J10","특성화고","사립","20260423"
"고등학교","assigned","7530539","한국조리과학고등학교","경기도","경기도 시흥시 금오로 640","(과림동,한국조리과학고등학교)","14927","J10","특성화고","사립","20260423"
"고등학교","assigned","7531134","한민고등학교","경기도","경기도 파주시 광탄면 혜음로 765","(광탄면)","10955","J10","일반고","사립","20260423"
"고등학교","assigned","7531240","한백고등학교","경기도","경기도 화성시 동탄구 동탄순환대로26길 21","","18466","J10","일반고","공립","20260423"
"고등학교","assigned","7531327","한봄고등학교","경기도","경기도 수원시 권선구 호매실로 46-93","(탑동)","16626","J10","특성화고","사립","20260423"
"고등학교","assigned","7531137","한빛고등학교","경기도","경기도 파주시 한빛로 36","(야당동)","10908","J10","일반고","공립","20260423"
"고등학교","assigned","7531463","한빛누리고등학교","경기도","경기도 동두천시 동광로 124",", 한빛누리고등학교 (생연동)","11313","J10","일반고","사립","20260423"
"고등학교","assigned","7530136","한솔고등학교","경기도","경기도 성남시 분당구 내정로 70","(정자동)","13607","J10","일반고","공립","20260423"
"고등학교","assigned","7530134","함현고등학교","경기도","경기도 시흥시 역전로 463",", (정왕동,함현고등학교) (정왕동)","15017","J10","자율고","공립","20260423"
"고등학교","assigned","7530135","행신고등학교","경기도","경기도 고양시 덕양구 소만로 36","(행신동,행신고등학교)","10532","J10","일반고","공립","20260423"
"고등학교","assigned","7530879","향남고등학교","경기도","경기도 화성시 향남읍 행정동로 49","(향남읍)","18600","J10","일반고","공립","20260423"
"고등학교","assigned","7531395","향동고등학교","경기도","경기도 고양시 덕양구 향기3로 6","(향동동)","10546","J10","일반고","공립","20260423"
"고등학교","assigned","7531010","향일고등학교","경기도","경기도 화성시 향남읍 행정중앙2로 28 향일고등학교","(향남읍)","18599","J10","일반고","공립","20260423"
"고등학교","assigned","7530769","현암고등학교","경기도","경기도 용인시 수지구 디지털벨리로 17",", 현암고등학교 (죽전동)","16882","J10","일반고","공립","20260423"
"고등학교","assigned","7530819","현화고등학교","경기도","경기도 평택시 안중읍 안현로서8길 65",", 현화고등학교 (안중읍)","17944","J10","일반고","공립","20260423"
"고등학교","assigned","7531041","호매실고등학교","경기도","경기도 수원시 권선구 칠보로 142-1","(호매실동)","16401","J10","일반고","공립","20260423"
"고등학교","assigned","7531601","호연고등학교","경기도","경기도 화성시 동탄구 동탄대로1길 56","(장지동)","18499","J10","일반고","공립","20260423"
"고등학교","assigned","7530483","호원고등학교","경기도","경기도 의정부시 망월로 56","(호원동)","11646","J10","일반고","공립","20260423"
"방송통신고등학교","assigned","7530859","호원고등학교부설방송통신고등학교","경기도","경기도 의정부시 망월로 56","(호원동, 호원고등학교)","11646","J10","일반고","공립","20260423"
"고등학교","assigned","7530772","호평고등학교","경기도","경기도 남양주시 호평로 109","(호평동,호평고등학교)","12146","J10","일반고","공립","20260423"
"고등학교","assigned","7531117","홍익디자인고등학교","경기도","경기도 화성시 효행로 387","(기안동)","18343","J10","특성화고","사립","20260423"
"고등학교","assigned","7531529","화담고등학교","경기도","경기도 화성시 효행구 봉담읍 상리1길 128","화담고등학교","18306","J10","일반고","공립","20260423"
"고등학교","assigned","7530584","화성고등학교","경기도","경기도 화성시 향남읍 장짐길 4",", (화성고등학교) (향남읍)","18587","J10","일반고","사립","20260423"
"고등학교","assigned","7531162","화성반월고등학교","경기도","경기도 화성시 효행로 1281-66","(반월동,화성반월고등학교)","18396","J10","일반고","공립","20260423"
"고등학교","assigned","7530137","화수고등학교","경기도","경기도 고양시 덕양구 화수로 51","(화정동)","10473","J10","일반고","공립","20260423"
"고등학교","assigned","7530138","화정고등학교","경기도","경기도 고양시 덕양구 화정로 17","(화정동,고양화정고등학교)","10496","J10","일반고","공립","20260423"
"고등학교","assigned","7530479","화홍고등학교","경기도","경기도 수원시 권선구 세권로 331","(권선동,화홍고등학교)","16551","J10","일반고","공립","20260423"
"고등학교","assigned","7530601","효명고등학교","경기도","경기도 평택시 송탄로 51","(장당동, 효명중고등학교)","17784","J10","일반고","사립","20260423"
"고등학교","assigned","7530219","효성고등학교","경기도","경기도 성남시 수정구 심곡로 16","(심곡동,효성고등학교)","13103","J10","일반고","사립","20260423"
"고등학교","assigned","7530620","효양고등학교","경기도","경기도 이천시 부발읍 효양로 214","(부발읍,효양고등학교)","17327","J10","일반고","공립","20260423"
"고등학교","assigned","7530139","효원고등학교","경기도","경기도 수원시 영통구 동수원로 336",", 효원고등학교 (매탄동)","16546","J10","일반고","공립","20260423"
"고등학교","assigned","7530773","효자고등학교","경기도","경기도 의정부시 부용로 165",", 효자고등학교 (신곡동)","11771","J10","일반고","공립","20260423"
"고등학교","assigned","7530924","흥덕고등학교","경기도","경기도 용인시 기흥구 흥덕2로 36","(영덕동)","16952","J10","일반고","공립","20260423"
"고등학교","assigned","7530140","흥진고등학교","경기도","경기도 군포시 오금로 15-17","(금정동,흥진고등학교)","15864","J10","일반고","공립","20260423"
"고등학교","assigned","9010438","간디고등학교","경상남도","경상남도 산청군 신안면 둔철산로 210",", 간디고등학교 (신안면, 간디학교)","52262","S10","특성화고","사립","20260423"
"고등학교","assigned","9010079","거제고등학교","경상남도","경상남도 거제시 아주로3길 61",", 거제고등학교 (아주동)","53310","S10","일반고","사립","20260423"
"고등학교","assigned","9010123","거제공업고등학교","경상남도","경상남도 거제시 계룡로11길 63",", (고현동,거제공업고등학교) (고현동)","53257","S10","특목고","공립","20260423"
"고등학교","assigned","9010480","거제상문고등학교","경상남도","경상남도 거제시 수양로 29","거제상문고등학교(문동동)","53297","S10","일반고","공립","20260423"
"고등학교","assigned","9010479","거제여자상업고등학교","경상남도","경상남도 거제시 거제면 동상3길 21",", (거제면, 거제여자상업고등학교)","53286","S10","특성화고","공립","20260423"
"고등학교","assigned","9010323","거제옥포고등학교","경상남도","경상남도 거제시 연초면 국산로 27","(연초면,거제옥포고등학교)","53211","S10","일반고","공립","20260423"
"고등학교","assigned","9010275","거제제일고등학교","경상남도","경상남도 거제시 거제면 읍내로13길 22-5","(거제면, 거제제일고등학교)","53285","S10","일반고","공립","20260423"
"고등학교","assigned","9010031","거제중앙고등학교","경상남도","경상남도 거제시 중곡로2길 61","(고현동, 거제중앙고등학교)","53248","S10","일반고","공립","20260423"
"고등학교","assigned","9010080","거창고등학교","경상남도","경상남도 거창군 거창읍 죽전4길 36",", 거창고등학교 (거창읍)","50128","S10","일반고","사립","20260423"
"고등학교","assigned","9010081","거창대성고등학교","경상남도","경상남도 거창군 거창읍 거열로 81","(거창읍, 거창대성고등학교)","50130","S10","일반고","사립","20260423"
"고등학교","assigned","9010690","거창승강기고등학교","경상남도","경상남도 거창군 가조면 마상3길 33-20","(가조면, 거창승강기고등학교)","50118","S10","특성화고","공립","20260423"
"고등학교","assigned","9010032","거창여자고등학교","경상남도","경상남도 거창군 거창읍 죽전1길 72","(거창읍,거창여자고등학교)","50128","S10","일반고","공립","20260423"
"고등학교","assigned","9010240","거창중앙고등학교","경상남도","경상남도 거창군 거창읍 성산길 36","(거창읍)","50130","S10","일반고","사립","20260423"
"고등학교","assigned","9010437","경남간호고등학교","경상남도","경상남도 산청군 생비량면 지리산대로4763번길 89-15","(생비량면)","52255","S10","특성화고","사립","20260423"
"고등학교","assigned","9010033","경남과학고등학교","경상남도","경상남도 진주시 진성면 진의로 178-22","(진성면)","52620","S10","특목고","공립","20260423"
"고등학교","assigned","9010334","경남관광고등학교","경상남도","경상남도 창원시 의창구 사림로29번길 12","(봉곡동,경남관광고등학교)","51144","S10","특성화고","사립","20260423"
"고등학교","assigned","9010505","경남로봇고등학교","경상남도","경상남도 함안군 대산면 대산중앙로 102-2","(대산면, 경남로봇고등학교,함안대산중학교)","52011","S10","특성화고","사립","20260423"
"고등학교","assigned","9010332","경남산업고등학교","경상남도","경상남도 거제시 하청면 서리1길 17","(하청면, 경남산업고등학교)","53204","S10","특성화고","공립","20260423"
"고등학교","assigned","9010082","경남예술고등학교","경상남도","경상남도 진주시 진산로322번길 11-7","(장재동, 경남예술고등학교)","52730","S10","특목고","사립","20260423"
"고등학교","assigned","9010083","경남외국어고등학교","경상남도","경상남도 양산시 어실로 388","(어곡동)","50590","S10","특목고","사립","20260423"
"고등학교","assigned","9010335","경남자동차고등학교","경상남도","경상남도 진주시 진산로 378",", 경남자동차고등학교 (장재동)","52730","S10","특성화고","사립","20260423"
"고등학교","assigned","9010128","경남자영고등학교","경상남도","경상남도 사천시 정동면 옥산로 143",", 경남자영고등학교 (정동면)","52523","S10","특성화고","공립","20260423"
"고등학교","assigned","9010234","경남정보고등학교","경상남도","경상남도 진주시 가호방아길 32","(호탄동, 경남정보고등학교)","52825","S10","특성화고","공립","20260423"
"고등학교","assigned","9010034","경남체육고등학교","경상남도","경상남도 진주시 진성면 진의로 178-27","(진성면, 경남체육고등학교)","52620","S10","특목고","공립","20260423"
"고등학교","assigned","9010129","경남항공고등학교","경상남도","경상남도 고성군 고성읍 송학고분로 127","(고성읍)","52932","S10","특성화고","공립","20260423"
"고등학교","assigned","9010301","경남해양과학고등학교","경상남도","경상남도 남해군 삼동면 동부대로 1810",", 경남해양과학고등학교 (삼동면)","52444","S10","특성화고","공립","20260423"
"고등학교","assigned","9010084","경상고등학교","경상남도","경상남도 창원시 의창구 금강로379번길 46",", 경상고등학교 (소계동,경상고등학교)","51184","S10","일반고","사립","20260423"
"고등학교","assigned","C020714","경상국립대학교사범대학부설고등학교","경상남도","경상남도 진주시 가좌길29번길",", 63 (가좌동)","52828","S10","일반고","국립","20260423"
"고등학교","assigned","9010280","경진고등학교","경상남도","경상남도 진주시 의병로71번길 3-21","(상봉동, 경진고등학교)","52655","S10","특성화고","사립","20260423"
"고등학교","assigned","9010085","경해여자고등학교","경상남도","경상남도 진주시 남강로 39","(평거동)","52651","S10","일반고","사립","20260423"
"고등학교","assigned","9010160","고성고등학교","경상남도","경상남도 고성군 회화면 배둔서길 42-5","(회화면)","52914","S10","일반고","사립","20260423"
"고등학교","assigned","9010276","고성중앙고등학교","경상남도","경상남도 고성군 고성읍 남포로 45","고성중앙고등학교","52935","S10","일반고","공립","20260423"
"고등학교","assigned","9010037","곤양고등학교","경상남도","경상남도 사천시 곤양면 솥골길 120",", 곤양고등학교 (곤양면)","52504","S10","일반고","공립","20260423"
"고등학교","assigned","9010388","공군항공과학고등학교","경상남도","경상남도 진주시 금산면 송백로 46",", 사서함 306-3호 (금산면)","52634","S10","특목고","국립","20260423"
"고등학교","assigned","9010516","구산고등학교","경상남도","경상남도 김해시 가야로 311","(구산동, 구산고등학교)","50832","S10","일반고","공립","20260423"
"고등학교","assigned","9010086","군북고등학교","경상남도","경상남도 함안군 군북면 사군로 1558","(군북면, 군북고등학교)","52065","S10","일반고","사립","20260423"
"고등학교","assigned","9010038","금남고등학교","경상남도","경상남도 하동군 금남면 섬진강대로 656-8","(금남면, 금남고등학교)","52350","S10","일반고","공립","20260423"
"고등학교","assigned","9010039","김해가야고등학교","경상남도","경상남도 김해시 경원로 98","(내동, 김해가야고등학교)","50953","S10","일반고","공립","20260423"
"고등학교","assigned","9010130","김해건설공업고등학교","경상남도","경상남도 김해시 두곡로 80","","50830","S10","특성화고","공립","20260423"
"고등학교","assigned","9010040","김해경원고등학교","경상남도","경상남도 김해시 우암로 18","(외동, 김해경원고등학교)","50957","S10","일반고","공립","20260423"
"고등학교","assigned","9010041","김해고등학교","경상남도","경상남도 김해시 활천로24번길 29","(삼정동, 김해고등학교)","50934","S10","일반고","공립","20260423"
"고등학교","assigned","9010282","김해대청고등학교","경상남도","경상남도 김해시 번화1로 7","(대청동, 대청고등학교)","51003","S10","일반고","공립","20260423"
"고등학교","assigned","9010281","김해분성고등학교","경상남도","경상남도 김해시 가야로147번길 29","(삼계동,김해분성고등학교)","50899","S10","일반고","공립","20260423"
"고등학교","assigned","9010294","김해분성여자고등학교","경상남도","경상남도 김해시 삼계로 171","(삼계동)","50899","S10","일반고","공립","20260423"
"고등학교","assigned","9010295","김해삼문고등학교","경상남도","경상남도 김해시 번화1로 127","(삼문동, 김해삼문고등학교)","50986","S10","일반고","공립","20260423"
"고등학교","assigned","9010346","김해삼방고등학교","경상남도","경상남도 김해시 신어산길 17",", 삼방고등학교 (삼방동)","50811","S10","일반고","공립","20260423"
"고등학교","assigned","9010327","김해생명과학고등학교","경상남도","경상남도 김해시 금관대로 1239","(외동,김해생명과학고등학교)","50894","S10","특성화고","공립","20260423"
"고등학교","assigned","9010537","김해수남고등학교","경상남도","경상남도 김해시 율하로 381","(율하동, 김해수남고등학교)","51017","S10","일반고","공립","20260423"
"고등학교","assigned","9010042","김해여자고등학교","경상남도","경상남도 김해시 향교길 9","(대성동)","50917","S10","일반고","공립","20260423"
"고등학교","assigned","9010321","김해영운고등학교","경상남도","경상남도 김해시 인제로284번길 33",", 김해영운고등학교 (삼방동)","50811","S10","일반고","공립","20260423"
"고등학교","assigned","9010322","김해외국어고등학교","경상남도","경상남도 김해시 율하로 266","(율하동, 김해외국어고등학교)","51021","S10","특목고","공립","20260423"
"고등학교","assigned","9010431","김해율하고등학교","경상남도","경상남도 김해시 율하1로 21","(율하동)","51014","S10","일반고","공립","20260423"
"고등학교","assigned","9010462","김해임호고등학교","경상남도","경상남도 김해시 분성로3번길 77",", 김해임호고등학교 (외동)","50886","S10","일반고","공립","20260423"
"고등학교","assigned","9010430","김해제일고등학교","경상남도","경상남도 김해시 분성로3번길 105","(외동, 김해제일고등학교)","50886","S10","일반고","공립","20260423"
"고등학교","assigned","9010087","김해중앙여자고등학교","경상남도","경상남도 김해시 분성로376번길 21-22","(동상동,김해중앙여자고등학교)","50922","S10","일반고","사립","20260423"
"고등학교","assigned","9010241","김해한일여자고등학교","경상남도","경상남도 김해시 삼안로112번길 1","(안동, 김해한일여자고등학교)","50824","S10","특성화고","사립","20260423"
"고등학교","assigned","9010088","남지고등학교","경상남도","경상남도 창녕군 남지읍 남고길 11","(남지읍)","50355","S10","일반고","사립","20260423"
"고등학교","assigned","9010089","남해고등학교","경상남도","경상남도 남해군 이동면 무림로 46-2","(이동면,남해고등학교)","52431","S10","일반고","사립","20260423"
"고등학교","assigned","9010132","남해정보산업고등학교","경상남도","경상남도 남해군 고현면 탑동로 46","(고현면, 남해정보산업고등학교)","52404","S10","특성화고","공립","20260423"
"고등학교","assigned","9010229","남해제일고등학교","경상남도","경상남도 남해군 남해읍 남해대로 2800-11",", 남해제일고등학교","52413","S10","일반고","공립","20260423"
"고등학교","assigned","9010090","남해해성고등학교","경상남도","경상남도 남해군 남면 남면로1835번길 8-4","(남면, 해성고등학교,해성중학교)","52434","S10","일반고","사립","20260423"
"고등학교","assigned","9010135","단성고등학교","경상남도","경상남도 산청군 단성면 강누방목로 2","","52248","S10","일반고","공립","20260423"
"고등학교","assigned","9010044","대곡고등학교","경상남도","경상남도 진주시 대곡면 남강로2438번길 39",", 대곡고등학교 (대곡면, 대곡고등학교)","52605","S10","일반고","공립","20260607"
"고등학교","assigned","9010398","대성일고등학교","경상남도","경상남도 거창군 거창읍 거열로7길 57","(거창읍)","50130","S10","일반고","사립","20260423"
"고등학교","assigned","9010091","대아고등학교","경상남도","경상남도 진주시 서장대로185번길 14","(이현동,대아중고등학교)","52669","S10","일반고","사립","20260423"
"고등학교","assigned","9010045","덕산고등학교","경상남도","경상남도 산청군 시천면 남명로159번길 1",", 덕산고등학교 (시천면)","52239","S10","일반고","공립","20260423"
"고등학교","assigned","9010463","동원고등학교","경상남도","경상남도 통영시 광도면 용호로 12-29","(광도면, 동원중.고등학교)","53021","S10","일반고","사립","20260423"
"고등학교","assigned","9010046","마산가포고등학교","경상남도","경상남도 창원시 마산합포구 가포로 262","(가포동,가포고등학교)","51755","S10","일반고","공립","20260423"
"고등학교","assigned","9010047","마산고등학교","경상남도","경상남도 창원시 마산합포구 심온길 33","(완월동, 마산고등학교)","51259","S10","일반고","공립","20260423"
"방송통신고등학교","assigned","9010191","마산고등학교부설방송통신고등학교","경상남도","경상남도 창원시 마산합포구 심온길 33","(완월동, 마산고등학교 부설 방송통신고등학교)","51259","S10","일반고","공립","20260423"
"고등학교","assigned","9010165","마산공업고등학교","경상남도","경상남도 창원시 마산회원구 학교단지로 53",", 마산공업고등학교 (합성동)","51353","S10","특성화고","사립","20260423"
"고등학교","assigned","9010048","마산구암고등학교","경상남도","경상남도 창원시 마산회원구 팔용로 220","(구암동, 마산구암고등학교)","51351","S10","일반고","공립","20260423"
"고등학교","assigned","9010296","마산내서여자고등학교","경상남도","경상남도 창원시 마산회원구 내서읍 삼풍로 133",", 마산내서여자고등학교 (내서읍)","51226","S10","일반고","공립","20260423"
"고등학교","assigned","9010237","마산무학여자고등학교","경상남도","경상남도 창원시 마산회원구 회원동33길 17","(회원동, 마산무학여자고등학교)","51324","S10","일반고","사립","20260423"
"고등학교","assigned","9010242","마산삼진고등학교","경상남도","경상남도 창원시 마산합포구 진동면 삼진의거대로 661-13","(진동면, 삼진고등학교)","51793","S10","일반고","사립","20260423"
"고등학교","assigned","9010049","마산여자고등학교","경상남도","경상남도 창원시 마산합포구 고운로 157","(완월동,마산여자고등학교)","51267","S10","일반고","공립","20260423"
"고등학교","assigned","9010273","마산용마고등학교","경상남도","경상남도 창원시 마산합포구 허당로 51","(산호동, 마산용마고등학교)","51334","S10","일반고","공립","20260423"
"고등학교","assigned","9010092","마산제일고등학교","경상남도","경상남도 창원시 마산회원구 내서읍 함마대로 2610",", 마산제일고등학교 (내서읍)","51217","S10","일반고","사립","20260423"
"고등학교","assigned","9010093","마산제일여자고등학교","경상남도","경상남도 창원시 마산합포구 고운로 65","(문화동)","51759","S10","일반고","사립","20260423"
"고등학교","assigned","9010094","마산중앙고등학교","경상남도","경상남도 창원시 마산합포구 고운로 103","(신월동, 마산중앙고등학교)","51759","S10","일반고","사립","20260423"
"고등학교","assigned","9010267","명덕고등학교","경상남도","경상남도 함안군 가야읍 고분길 107","(가야읍, 명덕고등학교,함안여자중학교)","52043","S10","일반고","사립","20260423"
"고등학교","assigned","9010050","명신고등학교","경상남도","경상남도 진주시 대신로 614","(초전동, 명신고등학교)","52732","S10","일반고","공립","20260423"
"고등학교","assigned","9010333","물금고등학교","경상남도","경상남도 양산시 물금읍 신주1길 20","(물금읍)","50605","S10","일반고","공립","20260423"
"고등학교","assigned","9010095","밀성고등학교","경상남도","경상남도 밀양시 석정로 127",", 밀성고등학교 (내이동)","50422","S10","일반고","사립","20260423"
"고등학교","assigned","9010329","밀성제일고등학교","경상남도","경상남도 밀양시 밀양대로 2078",", 밀성제일고등학교 (내이동)","50422","S10","특성화고","사립","20260423"
"고등학교","assigned","9010051","밀양고등학교","경상남도","경상남도 밀양시 약산로 15","(내이동, 밀양고등학교)","50423","S10","일반고","공립","20260423"
"고등학교","assigned","9010244","밀양동명고등학교","경상남도","경상남도 밀양시 하남읍 동명길 14","(하남읍, 동명중고등학교)","50460","S10","일반고","사립","20260423"
"고등학교","assigned","9010052","밀양여자고등학교","경상남도","경상남도 밀양시 내일중앙길 10","(내일동, 밀양여자고등학교)","50429","S10","일반고","공립","20260423"
"고등학교","assigned","9010433","범어고등학교","경상남도","경상남도 양산시 물금읍 신주로 88","(물금읍)","50607","S10","일반고","공립","20260423"
"고등학교","assigned","9010096","보광고등학교","경상남도","경상남도 양산시 하북면 신평로 46","(하북면)","50503","S10","일반고","사립","20260423"
"고등학교","assigned","9010730","사송고등학교","경상남도","경상남도 양산시 동면 외송로 21","","50659","S10","일반고","공립","20260423"
"고등학교","assigned","9010097","사천고등학교","경상남도","경상남도 사천시 사천읍 동문로 95","(사천읍,사천고등학교)","52517","S10","일반고","사립","20260423"
"고등학교","assigned","9010306","사천여자고등학교","경상남도","경상남도 사천시 사천읍 옥산로 47","(사천읍, 사천여자고등학교)","52518","S10","특성화고","사립","20260423"
"고등학교","assigned","9010138","산청고등학교","경상남도","경상남도 산청군 산청읍 웅석봉로86번길 9-12","(산청읍)","52226","S10","일반고","공립","20260423"
"고등학교","assigned","9010053","삼가고등학교","경상남도","경상남도 합천군 삼가면 봉두길 5","(삼가면)","50219","S10","일반고","공립","20260423"
"고등학교","assigned","9010098","삼랑진고등학교","경상남도","경상남도 밀양시 삼랑진읍 만어로 16","(삼랑진읍,삼랑진고등학교)","50467","S10","일반고","사립","20260423"
"고등학교","assigned","9010099","삼천포고등학교","경상남도","경상남도 사천시 벌리6길 77","(벌리동, 삼천포중고등학교)","52551","S10","일반고","사립","20260423"
"고등학교","assigned","9010139","삼천포공업고등학교","경상남도","경상남도 사천시 신항로 63","(동금동, 삼천포공업고등학교)","52561","S10","특목고","공립","20260423"
"고등학교","assigned","9010247","삼천포여자고등학교","경상남도","경상남도 사천시 삼상로 19",", 삼천포여자고등학교 (동금동)","52560","S10","일반고","사립","20260423"
"고등학교","assigned","9010054","삼천포중앙고등학교","경상남도","경상남도 사천시 삼상로 145","(벌리동, 삼천포중앙고등학교)","52550","S10","일반고","공립","20260423"
"고등학교","assigned","9010100","삼현여자고등학교","경상남도","경상남도 진주시 돗골로 95","(상평동)","52805","S10","일반고","사립","20260423"
"고등학교","assigned","9010305","서상고등학교","경상남도","경상남도 함양군 서상면 서상로 232-1","(서상면)","50003","S10","일반고","공립","20260423"
"고등학교","assigned","9010347","서창고등학교","경상남도","경상남도 양산시 삼호동부로 125","(삼호동, 서창고등학교)","50527","S10","일반고","공립","20260423"
"고등학교","assigned","9010172","선명여자고등학교","경상남도","경상남도 진주시 남강로 51-25",", 선명여자고등학교 (평거동)","52651","S10","특성화고","사립","20260423"
"고등학교","assigned","9010101","성지여자고등학교","경상남도","경상남도 창원시 마산합포구 완월남로 20","(완월동, 성지여자중고등학교)","51263","S10","일반고","사립","20260423"
"고등학교","assigned","9010102","세종고등학교","경상남도","경상남도 밀양시 가곡8길 28","(가곡동, 세종중고등학교)","50444","S10","일반고","사립","20260423"
"고등학교","assigned","9010056","신등고등학교","경상남도","경상남도 산청군 신등면 신등가회로 125","(신등면, 신등중고등학교)","52253","S10","일반고","공립","20260423"
"고등학교","assigned","9010223","신반정보고등학교","경상남도","경상남도 의령군 부림면 한지28길 8",", 신반정보고등학교 (부림면,강당)","52105","S10","특성화고","공립","20260423"
"고등학교","assigned","9010350","아림고등학교","경상남도","경상남도 거창군 거창읍 정장길 19",", 아림고등학교 (거창읍)","50147","S10","일반고","공립","20260423"
"고등학교","assigned","9010233","안의고등학교","경상남도","경상남도 함양군 안의면 안의배움길 30",", 안의고등학교 (안의면)","50010","S10","일반고","공립","20260423"
"고등학교","assigned","9010057","야로고등학교","경상남도","경상남도 합천군 야로면 역산길 13","(야로면,야로고등학교)","50206","S10","일반고","공립","20260423"
"고등학교","assigned","9010058","양산고등학교","경상남도","경상남도 양산시 호국학도병길 2","(북부동)","50617","S10","일반고","공립","20260423"
"고등학교","assigned","9010283","양산남부고등학교","경상남도","경상남도 양산시 양주로 7","(남부동)","50630","S10","일반고","공립","20260423"
"고등학교","assigned","9010300","양산여자고등학교","경상남도","경상남도 양산시 교동1길 21","(교동)","50593","S10","일반고","사립","20260423"
"고등학교","assigned","9010728","양산인공지능고등학교","경상남도","경상남도 양산시 동면 금오2길 24","","50639","S10","특성화고","공립","20260423"
"고등학교","assigned","9010299","양산제일고등학교","경상남도","경상남도 양산시 회현1길 36",", 양산제일고등학교 (교동)","50593","S10","일반고","사립","20260423"
"고등학교","assigned","9010432","연초고등학교","경상남도","경상남도 거제시 연초면 연사1길 40","(연초면, 연초고등학교)","53209","S10","일반고","공립","20260423"
"고등학교","assigned","9010060","영산고등학교","경상남도","경상남도 창녕군 영산면 영산새싹길 13","(영산면, 영산고등학교)","50343","S10","일반고","공립","20260423"
"고등학교","assigned","9010061","옥종고등학교","경상남도","경상남도 하동군 옥종면 옥수로 4-9","(옥종면,옥종고등학교)","52313","S10","일반고","공립","20260423"
"고등학교","assigned","9010106","용남고등학교","경상남도","경상남도 사천시 용현면 선진길 24",", 용남고등학교 (용현면)","52537","S10","일반고","사립","20260423"
"고등학교","assigned","9010221","웅상고등학교","경상남도","경상남도 양산시 배움터길 36","(평산동)","50541","S10","일반고","공립","20260423"
"고등학교","assigned","9010464","웅천고등학교","경상남도","경상남도 창원시 진해구 웅천중로 71","(성내동, 웅천고등학교)","51621","S10","일반고","공립","20260423"
"고등학교","assigned","9010222","의령고등학교","경상남도","경상남도 의령군 의령읍 백산로3길 4","(의령읍)","52146","S10","일반고","공립","20260423"
"고등학교","assigned","9010108","의령여자고등학교","경상남도","경상남도 의령군 가례면 의병로 67","(가례면)","52137","S10","일반고","사립","20260423"
"고등학교","assigned","9010260","장유고등학교","경상남도","경상남도 김해시 월산로 77","(부곡동,장유고등학교)","50980","S10","일반고","공립","20260423"
"고등학교","assigned","9010699","증산고등학교","경상남도","경상남도 양산시 물금읍 새실로 99","증산고등학교","50658","S10","일반고","공립","20260423"
"고등학교","assigned","9010298","지리산고등학교","경상남도","경상남도 산청군 단성면 덕천로 772","(단성면, 지리산고등학교)","52246","S10","특성화고","사립","20260423"
"고등학교","assigned","9010231","진교고등학교","경상남도","경상남도 하동군 진교면 민다리길 179","(진교면)","52345","S10","일반고","공립","20260423"
"고등학교","assigned","9010062","진서고등학교","경상남도","경상남도 진주시 수곡면 옥수로 625","(수곡면, 진서중고등학교)","52645","S10","일반고","공립","20260423"
"고등학교","assigned","9010063","진양고등학교","경상남도","경상남도 진주시 충의로100번길 12","(충무공동)","52853","S10","일반고","공립","20260423"
"고등학교","assigned","9010227","진영고등학교","경상남도","경상남도 김해시 진영읍 여래로20번길 35","(진영읍, 진영고등학교)","50865","S10","일반고","공립","20260423"
"고등학교","assigned","9010226","진영제일고등학교","경상남도","경상남도 김해시 진영읍 진영로265번길 9-4","(진영읍,진영제일고등학교)","50864","S10","특성화고","공립","20260423"
"고등학교","assigned","9010064","진주고등학교","경상남도","경상남도 진주시 의곡길 29","(상봉동, 진주고등학교)","52747","S10","일반고","공립","20260423"
"방송통신고등학교","assigned","9010192","진주고등학교부설방송통신고등학교","경상남도","경상남도 진주시 의곡길 29","(상봉동,진주고등학교)","52747","S10","일반고","공립","20260423"
"고등학교","assigned","9010147","진주기계공업고등학교","경상남도","경상남도 진주시 공단로43번길 25","(상평동, 진주기계공업고등학교)","52807","S10","특성화고","공립","20260423"
"고등학교","assigned","9010109","진주동명고등학교","경상남도","경상남도 진주시 대신로 454-25","(초전동, 진주동명고등학교)","52733","S10","일반고","사립","20260423"
"고등학교","assigned","9010065","진주여자고등학교","경상남도","경상남도 진주시 창렬로 185","(상봉동)","52746","S10","일반고","공립","20260423"
"고등학교","assigned","9010177","진주외국어고등학교","경상남도","경상남도 진주시 일반성면 동부로 2014-6","(일반성면, 진주외국어고등학교)","52616","S10","일반고","사립","20260423"
"고등학교","assigned","9010110","진주제일여자고등학교","경상남도","경상남도 진주시 하대로34번길 11-9",",   (하대동, 진주제일여자고등학교)","52761","S10","일반고","사립","20260423"
"고등학교","assigned","9010279","진주중앙고등학교","경상남도","경상남도 진주시 하대로 59","(하대동,진주중앙고등학교)","52762","S10","일반고","공립","20260423"
"고등학교","assigned","9010066","진해고등학교","경상남도","경상남도 창원시 진해구 여좌로 100","(여좌동, 진해고등학교)","51695","S10","일반고","공립","20260423"
"고등학교","assigned","9010265","진해세화여자고등학교","경상남도","경상남도 창원시 진해구 병암북로4번길 41","(석동, 진해세화여자고등학교)","51581","S10","일반고","사립","20260423"
"고등학교","assigned","9010067","진해여자고등학교","경상남도","경상남도 창원시 진해구 여좌남로 23","(여좌동,진해여자고등학교)","51691","S10","일반고","공립","20260423"
"고등학교","assigned","9010320","진해용원고등학교","경상남도","경상남도 창원시 진해구 용재로77번길 8","(용원동)","51604","S10","일반고","공립","20260423"
"고등학교","assigned","9010252","진해중앙고등학교","경상남도","경상남도 창원시 진해구 병암북로 9",", 진해중앙고등학교 (경화동)","51581","S10","일반고","사립","20260423"
"고등학교","assigned","9010111","창녕고등학교","경상남도","경상남도 창녕군 대지면 우포2로 1180-20","(대지면, 창녕고등학교)","50318","S10","일반고","사립","20260423"
"고등학교","assigned","9010253","창녕대성고등학교","경상남도","경상남도 창녕군 대합면 신안길 17","(대합면,대성중.고등학교)","50308","S10","일반고","사립","20260423"
"고등학교","assigned","9010570","창녕슈퍼텍고등학교","경상남도","경상남도 창녕군 창녕읍 남창녕로 36","(창녕읍)","50331","S10","특성화고","공립","20260423"
"고등학교","assigned","9010254","창녕여자고등학교","경상남도","경상남도 창녕군 창녕읍 신당길 30","(창녕읍,창녕여자고등학교)","50330","S10","일반고","사립","20260423"
"고등학교","assigned","9010330","창녕옥야고등학교","경상남도","경상남도 창녕군 이방면 이방로 943-15","창녕옥야고등학교","50300","S10","일반고","사립","20260423"
"고등학교","assigned","9010255","창선고등학교","경상남도","경상남도 남해군 창선면 창선로 97-12","(창선면, 창선고등학교)","52453","S10","일반고","사립","20260423"
"고등학교","assigned","9010112","창신고등학교","경상남도","경상남도 창원시 마산회원구 봉덕2길 106","(봉암동, 창신고등학교)","51347","S10","일반고","사립","20260423"
"고등학교","assigned","9010113","창원경일고등학교","경상남도","경상남도 창원시 성산구 두대로 165","(중앙동)","51519","S10","일반고","사립","20260423"
"고등학교","assigned","9010297","창원경일여자고등학교","경상남도","경상남도 창원시 성산구 두대로 163","(내동, 창원경일여자고등학교)","51519","S10","일반고","사립","20260423"
"고등학교","assigned","9010114","창원고등학교","경상남도","경상남도 창원시 의창구 태복산로 45","(도계동, 창원중고등학교)","51161","S10","일반고","사립","20260423"
"고등학교","assigned","9010183","창원공업고등학교","경상남도","경상남도 창원시 의창구 사화로 410","(팔용동, 창원공업고등학교)","51393","S10","특성화고","사립","20260423"
"고등학교","assigned","9010429","창원과학고등학교","경상남도","경상남도 창원시 의창구 평산로159번길 30","(서상동)","51371","S10","특목고","공립","20260423"
"고등학교","assigned","9010151","창원기계공업고등학교","경상남도","경상남도 창원시 성산구 두대로 219","(중앙동, 창원기계공업고등학교)","51519","S10","특성화고","공립","20260423"
"고등학교","assigned","9010115","창원남고등학교","경상남도","경상남도 창원시 성산구 창원대로 813","(외동, 창원남고등학교, 창원남중학교)","51508","S10","일반고","사립","20260423"
"고등학교","assigned","9010068","창원남산고등학교","경상남도","경상남도 창원시 성산구 가음로92번길 34","(가음동,남산고등학교)","51489","S10","일반고","공립","20260423"
"고등학교","assigned","9010116","창원대산고등학교","경상남도","경상남도 창원시 의창구 대산면 진산대로 378","(대산면,창원대산고등학교)","51123","S10","일반고","사립","20260423"
"고등학교","assigned","9010309","창원대암고등학교","경상남도","경상남도 창원시 성산구 대암로 203","(대방동, 창원대암고등학교)","51469","S10","일반고","공립","20260423"
"고등학교","assigned","9010293","창원명곡고등학교","경상남도","경상남도 창원시 의창구 서곡길25번길 16",", 창원명곡고등학교 (명곡동)","51171","S10","일반고","공립","20260423"
"고등학교","assigned","9010069","창원명지여자고등학교","경상남도","경상남도 창원시 의창구 명지로109번길 54","(명서동, 명지여자고등학교)","51172","S10","일반고","공립","20260423"
"고등학교","assigned","9010117","창원문성고등학교","경상남도","경상남도 창원시 성산구 원이대로 406","(두대동, 창원문성고등학교)","51410","S10","일반고","사립","20260423"
"고등학교","assigned","9010277","창원봉림고등학교","경상남도","경상남도 창원시 의창구 창이대로333번길 39","(봉곡동, 창원봉림고등학교)","51144","S10","일반고","공립","20260423"
"고등학교","assigned","9010698","창원북면고등학교","경상남도","경상남도 창원시 의창구 북면 동전로 36",", 창원북면고등학교 [지번: 북면 감계리 232-3]","51111","S10","일반고","공립","20260423"
"고등학교","assigned","9010261","창원사파고등학교","경상남도","경상남도 창원시 성산구 창이대로719번길 26",", 창원사파고등학교 (사파동)","51458","S10","일반고","공립","20260423"
"고등학교","assigned","9010405","창원성민여자고등학교","경상남도","경상남도 창원시 의창구 팔용로 481","(팔용동, 창원성민여자고등학교)","51368","S10","일반고","사립","20260423"
"고등학교","assigned","9010278","창원신월고등학교","경상남도","경상남도 창원시 성산구 신월로 66","(신월동, 창원신월고등학교)","51441","S10","일반고","공립","20260423"
"고등학교","assigned","9010070","창원여자고등학교","경상남도","경상남도 창원시 성산구 두대로 153","(중앙동)","51519","S10","일반고","공립","20260423"
"고등학교","assigned","9010262","창원용호고등학교","경상남도","경상남도 창원시 성산구 용호로 29","(용호동, 창원용호고등학교)","51433","S10","일반고","공립","20260423"
"고등학교","assigned","9010071","창원중앙고등학교","경상남도","경상남도 창원시 성산구 용호로 16","(용호동, 창원중앙고등학교)","51437","S10","일반고","공립","20260423"
"고등학교","assigned","9010072","창원중앙여자고등학교","경상남도","경상남도 창원시 성산구 단정로 121","(상남동)","51499","S10","일반고","공립","20260423"
"고등학교","assigned","9010319","창원토월고등학교","경상남도","경상남도 창원시 성산구 비음로91번길 8","(토월동, 창원토월고등학교)","51451","S10","일반고","공립","20260423"
"고등학교","assigned","9010118","철성고등학교","경상남도","경상남도 고성군 고성읍 대가로 12","(고성읍)","52931","S10","일반고","사립","20260423"
"고등학교","assigned","9010328","초계고등학교","경상남도","경상남도 합천군 초계면 초계중앙로 101","(초계면)","50246","S10","특성화고","공립","20260423"
"고등학교","assigned","9010256","충렬여자고등학교","경상남도","경상남도 통영시 용남면 견내량로 70",", 충렬여자고등학교 (용남면)","53024","S10","일반고","사립","20260423"
"고등학교","assigned","9010073","충무고등학교","경상남도","경상남도 통영시 여황로 375","(북신동, 충무고등학교)","53058","S10","일반고","공립","20260423"
"고등학교","assigned","9010119","칠원고등학교","경상남도","경상남도 함안군 칠서면 삼칠로 281","(칠서면, 칠원중학교,칠원고등학교)","52018","S10","일반고","사립","20260423"
"고등학교","assigned","9010406","태봉고등학교","경상남도","경상남도 창원시 마산합포구 진동면 태봉1길 85-32",", 태봉고등학교","51789","S10","특성화고","공립","20260423"
"고등학교","assigned","9010074","통영고등학교","경상남도","경상남도 통영시 도남로 116","통영고등학교","53077","S10","일반고","공립","20260423"
"고등학교","assigned","9010075","통영여자고등학교","경상남도","경상남도 통영시 도리1길 19","(도천동, 통영여자고등학교)","53065","S10","일반고","공립","20260423"
"고등학교","assigned","9010230","하동고등학교","경상남도","경상남도 하동군 하동읍 경서대로 84",", 하동고등학교 (하동읍)","52332","S10","일반고","공립","20260423"
"고등학교","assigned","9010120","하동여자고등학교","경상남도","경상남도 하동군 하동읍 송림1길 30","(하동읍, 하동여자고등학교)","52332","S10","일반고","사립","20260423"
"고등학교","assigned","9010697","한국과학기술고등학교","경상남도","경상남도 창녕군 고암면 창밀로 286","(고암면, 한국과학기술고등학교)","50315","S10","특성화고","사립","20260423"
"고등학교","assigned","9010655","한국나노마이스터고등학교","경상남도","경상남도 밀양시 무안면 신법길 29","(무안면, 한국나노마이스터고등학교)","50406","S10","특목고","공립","20260423"
"고등학교","assigned","9010531","한일여자고등학교","경상남도","경상남도 창원시 마산회원구 양덕서8길 50",", 한일여자고등학교 (양덕동)","51317","S10","특성화고","사립","20260423"
"고등학교","assigned","9010224","함안고등학교","경상남도","경상남도 함안군 가야읍 함안대로 630",", 함안고등학교 (가야읍)","52038","S10","일반고","공립","20260423"
"고등학교","assigned","9010076","함양고등학교","경상남도","경상남도 함양군 함양읍 함양로 1063","(함양읍, 함양고등학교)","50044","S10","일반고","공립","20260423"
"고등학교","assigned","9010232","함양제일고등학교","경상남도","경상남도 함양군 함양읍 함양배움길 27","(함양읍, 함양제일고등학교)","50033","S10","특성화고","공립","20260423"
"고등학교","assigned","9010156","합천고등학교","경상남도","경상남도 합천군 합천읍 교동3길 12","(합천읍,합천고등학교)","50238","S10","일반고","공립","20260423"
"고등학교","assigned","9010189","합천여자고등학교","경상남도","경상남도 합천군 합천읍 남정길 25-7","(합천읍, 합천여자고등학교)","50234","S10","일반고","사립","20260423"
"고등학교","assigned","9010668","합천평화고등학교","경상남도","경상남도 합천군 적중면 황정1길 37","(적중면, 합천평화고등학교)","50247","S10","특성화고","사립","20260423"
"고등학교","assigned","9010077","합포고등학교","경상남도","경상남도 창원시 마산합포구 무학로 458","(교방동, 합포고등학교)","51281","S10","일반고","공립","20260423"
"고등학교","assigned","9010121","해성고등학교","경상남도","경상남도 거제시 두모길 4","(장승포동, 해성고등학교)","53317","S10","일반고","사립","20260423"
"고등학교","assigned","9010259","효암고등학교","경상남도","경상남도 양산시 서창로 144","(삼호동, 효암고등학교)","50530","S10","일반고","사립","20260423"
"고등학교","assigned","8750075","가은고등학교","경상북도","경상북도 문경시 가은읍 가은로 205",", 가은고등학교 (가은읍, 가은중학교,가은고등학교)","36995","R10","일반고","공립","20260423"
"고등학교","assigned","8750143","경구고등학교","경상북도","경상북도 구미시 봉곡로9길 25",", 경구고등학교 (봉곡동)","39209","R10","일반고","사립","20260423"
"고등학교","assigned","8750813","경북골프경영고등학교","경상북도","경상북도 청송군 부남면 대전로 66","(부남면, 경북골프경영고등학교)","37443","R10","특성화고","사립","20260423"
"고등학교","assigned","8750078","경북과학고등학교","경상북도","경상북도 포항시 남구 지곡로 130","(지곡동, 경북과학고등학교)","37666","R10","특목고","공립","20260423"
"고등학교","assigned","8750627","경북과학기술고등학교","경상북도","경상북도 김천시 아포읍 아포대로 1053","","39674","R10","특성화고","공립","20260423"
"고등학교","assigned","8750810","경북관광비즈니스고등학교","경상북도","경상북도 울진군 평해읍 평해7길 61-3","(경북관광비즈니스고등학교)","36366","R10","특성화고","공립","20260423"
"고등학교","assigned","8750667","경북기계금속고등학교","경상북도","경상북도 경산시 자인면","일연로 93","38549","R10","특성화고","공립","20260423"
"고등학교","assigned","8750758","경북기계명장고등학교","경상북도","경상북도 칠곡군 지천면 신동로 99","(지천면, 신동중.경북기계명장고등학교)","39864","R10","특성화고","공립","20260423"
"고등학교","assigned","8750731","경북드론고등학교","경상북도","경상북도 청도군 풍각면 헐티로 185",", 경북드론고등학교","38309","R10","특성화고","공립","20260423"
"고등학교","assigned","8750835","경북모빌리티고등학교","경상북도","경상북도 경주시 안강읍 안강중앙로 269","경북모빌리티고등학교","38007","R10","특성화고","공립","20260423"
"고등학교","assigned","8750805","경북바이오마이스터고등학교","경상북도","경상북도 영천시 신녕면 찰방길 8","(신녕면)","38804","R10","특목고","공립","20260423"
"고등학교","assigned","8750444","경북생활과학고등학교","경상북도","경상북도 구미시 해평면 강동로 1654",", 경북생활과학고등학교 (해평면, 경북생활과학고등학교(해평중학교))","39154","R10","특성화고","공립","20260423"
"고등학교","assigned","8750730","경북세무고등학교","경상북도","경상북도 포항시 북구 기계면 기계로 218","경북세무고등학교","37528","R10","특성화고","공립","20260423"
"고등학교","assigned","8750829","경북소프트웨어마이스터고등학교","경상북도","경상북도 의성군 봉양면 봉호로 14","경북소프트웨어마이스터고등학교","37362","R10","특성화고","공립","20260423"
"고등학교","assigned","8750836","경북에너지기술고등학교","경상북도","경상북도 상주시 상산로 430","경북에너지기술고등학교","37159","R10","특성화고","공립","20260423"
"고등학교","assigned","8750079","경북외국어고등학교","경상북도","경상북도 구미시 금오산로 198-10",", 경북외국어고등학교 (남통동,경북외국어고등학교)","39306","R10","특목고","공립","20260423"
"고등학교","assigned","8750837","경북이커머스고등학교","경상북도","경상북도 영덕군 강구면 신강구1길 45-5",", 경북이커머스고등학교","36460","R10","특성화고","공립","20260423"
"고등학교","assigned","8750724","경북일고등학교","경상북도","경상북도 예천군 호명읍 행복로 193","경북일고등학교","36849","R10","일반고","공립","20260423"
"고등학교","assigned","8750770","경북자연과학고등학교","경상북도","경상북도 상주시 공성면 문화마을길 23","(공성면, 용운중 경북자연과학고등학교)","37266","R10","특성화고","사립","20260423"
"고등학교","assigned","8750726","경북조리과학고등학교","경상북도","경상북도 문경시 문경읍 향교길 20","(문경읍)","36915","R10","특성화고","공립","20260423"
"고등학교","assigned","8750080","경북체육고등학교","경상북도","경상북도 경산시 경안로 43",", 경북체육고등학교 (신교동, 경북체육중고등학교)","38646","R10","특목고","공립","20260423"
"고등학교","assigned","8750644","경북하이텍고등학교","경상북도","경상북도 안동시 경동로 404","(태화동)","36643","R10","특성화고","사립","20260423"
"고등학교","assigned","8750557","경북항공고등학교","경상북도","경상북도 영주시 풍기읍 금계로 90",", 경북항공고등학교 (풍기읍)","36023","R10","특성화고","사립","20260423"
"고등학교","assigned","8750776","경북휴먼테크고등학교","경상북도","경상북도 영천시 금호읍 교대길 8-18","(금호읍, 경북휴먼테크고등학교)","38877","R10","특성화고","사립","20260423"
"고등학교","assigned","8750081","경산고등학교","경상북도","경상북도 경산시 원효로 89","(계양동, 경산고등학교)","38616","R10","자율고","공립","20260423"
"고등학교","assigned","8750555","경산과학고등학교","경상북도","경상북도 경산시 화랑로 66","(갑제동)","38540","R10","특목고","공립","20260423"
"고등학교","assigned","8750144","경산여자고등학교","경상북도","경상북도 경산시 경산로 91","경산여자고등학교","38684","R10","일반고","사립","20260423"
"고등학교","assigned","8750771","경산제일고등학교","경상북도","경상북도 경산시 자인면 원효로 851-16","경산제일고등학교","38559","R10","특성화고","사립","20260423"
"고등학교","assigned","8750145","경안고등학교","경상북도","경상북도 안동시 제비원로 182","(금곡동, 경안고등학교)","36690","R10","일반고","사립","20260423"
"고등학교","assigned","8750588","경안여자고등학교","경상북도","경상북도 안동시 경동로 205-34","(송현동,경안여자고등학교)","36623","R10","일반고","사립","20260423"
"고등학교","assigned","8750146","경일고등학교","경상북도","경상북도 안동시 치이골길 46","(신안동, 경일고등학교)","36687","R10","일반고","사립","20260423"
"고등학교","assigned","8750147","경주고등학교","경상북도","경상북도 경주시 원효로 231",", 경주고등학교 (황오동)","38151","R10","일반고","사립","20260423"
"고등학교","assigned","8750446","경주디자인고등학교","경상북도","경상북도 경주시 현곡면 용담로 694","","38044","R10","특성화고","공립","20260423"
"고등학교","assigned","8750082","경주여자고등학교","경상북도","경상북도 경주시 금성로 437","(성건동,경주여자고등학교)","38131","R10","일반고","공립","20260423"
"고등학교","assigned","8750457","경주여자정보고등학교","경상북도","경상북도 경주시 시동로 90","(시래동, 경주여자정보고등학교)","38200","R10","특성화고","사립","20260423"
"고등학교","assigned","8750772","경주예일고등학교","경상북도","경상북도 경주시 안강읍 화전길 62-8","(안강읍)","38018","R10","일반고","사립","20260423"
"고등학교","assigned","8750433","경주정보고등학교","경상북도","경상북도 경주시 충효7길 19","(충효동, 경주정보고등학교/월성중학교)","38057","R10","특성화고","사립","20260423"
"고등학교","assigned","8750148","경주화랑고등학교","경상북도","경상북도 경주시 문무대왕면 장항재동길 41","(문무대왕면,경주화랑고등학교)","38120","R10","특성화고","사립","20260726"
"고등학교","assigned","8750083","계림고등학교","경상북도","경상북도 경주시 용담로 122","(황성동)","38082","R10","일반고","공립","20260423"
"고등학교","assigned","8750084","구미고등학교","경상북도","경상북도 구미시 문장로 42","(도량동, 구미고등학교)","39198","R10","자율고","공립","20260423"
"방송통신고등학교","assigned","8750613","구미고등학교부설방송통신고등학교","경상북도","경상북도 구미시 문장로 42","(도량동,구미고등학교)","39198","R10","일반고","공립","20260423"
"고등학교","assigned","8750754","구미산동고등학교","경상북도","경상북도 구미시 산동읍 신당인덕2로 11","구미산동고등학교","39462","R10","일반고","공립","20260423"
"고등학교","assigned","8750085","구미여자고등학교","경상북도","경상북도 구미시 문장로 114","(도량동)","39198","R10","일반고","공립","20260423"
"고등학교","assigned","8750611","구미여자상업고등학교","경상북도","경상북도 구미시 형곡로38길 9-14","(형곡동, 구미여자상업고등학교)","39316","R10","특성화고","공립","20260423"
"고등학교","assigned","1421116","구미전자공업고등학교","경상북도","경상북도 구미시 임수로 48","(임수동)","39387","R10","특목고","국립","20260423"
"고등학교","assigned","8750234","구미정보고등학교","경상북도","경상북도 구미시 검성로 143","(황상동, 구미정보고등학교)","39427","R10","특성화고","공립","20260423"
"고등학교","assigned","8750811","구미제일고등학교","경상북도","경상북도 구미시 선산대로 129","(지산동, 구미제일고)","39129","R10","일반고","사립","20260423"
"고등학교","assigned","8750151","근화여자고등학교","경상북도","경상북도 경주시 승삼2길 55","(용강동, 근화여자고등학교/근화여자중학교)","38093","R10","일반고","사립","20260423"
"고등학교","assigned","8750088","금성고등학교","경상북도","경상북도 의성군 금성면 금성현서로 41-66","(금성면,금성중고등학교)","37353","R10","일반고","공립","20260423"
"고등학교","assigned","8750447","금오고등학교","경상북도","경상북도 구미시 박정희로25길 15",", (금오고등학교) (광평동)","39323","R10","일반고","공립","20260423"
"고등학교","assigned","8750237","금오공업고등학교","경상북도","경상북도 구미시 구미대로30길 59",", 금오공업고등학교 (공단동, 금오공고)","39248","R10","특목고","공립","20260423"
"고등학교","assigned","8750090","금천고등학교","경상북도","경상북도 청도군 금천면 선암로 574-11","(금천면, 금천중고등학교)","38362","R10","일반고","공립","20260913"
"고등학교","assigned","8750154","길원여자고등학교","경상북도","경상북도 안동시 퇴계로 250",", 길원여자고등학교 (안막동)","36682","R10","일반고","사립","20260423"
"고등학교","assigned","8750155","김천고등학교","경상북도","경상북도 김천시 송설로 90",", 김천고등학교 (부곡동)","39632","R10","자율고","사립","20260423"
"고등학교","assigned","8750626","김천생명과학고등학교","경상북도","경상북도 김천시 부거리길 310","(교동)","39522","R10","특성화고","공립","20260423"
"고등학교","assigned","8750092","김천여자고등학교","경상북도","경상북도 김천시 모암사랑10길 9",", 김천여자고등학교 (모암동)","39582","R10","일반고","공립","20260423"
"고등학교","assigned","8750156","김천예술고등학교","경상북도","경상북도 김천시 한일길 11-30","(교동, 김천예술고등학교)","39522","R10","일반고","사립","20260423"
"고등학교","assigned","8750093","김천중앙고등학교","경상북도","경상북도 김천시 해오름1로 36","김천중앙고등학교","39660","R10","일반고","공립","20260423"
"방송통신고등학교","assigned","8750614","김천중앙고등학교부설방송통신고등학교","경상북도","경상북도 김천시 해오름1로 36","(율곡동 19, 김천중앙고등학교)","39619","R10","일반고","공립","20260423"
"고등학교","assigned","8750832","김천한일고등학교","경상북도","경상북도 김천시 한일길 11-30","김천한일고등학교","39522","R10","일반고","사립","20260423"
"고등학교","assigned","8750159","대가야고등학교","경상북도","경상북도 고령군 대가야읍 가야금길 36","(대가야읍,대가야고등학교)","40132","R10","일반고","사립","20260423"
"고등학교","assigned","8750594","대구가톨릭대학교사범대학부속무학고등학교","경상북도","경상북도 경산시 하양읍 금송로 71-11","(하양읍, 무학중고등학교)","38410","R10","일반고","사립","20260423"
"고등학교","assigned","8750160","대동고등학교","경상북도","경상북도 포항시 북구 우창서길 34",", 대동고등학교 (우현동, 대동중학교)","37635","R10","일반고","사립","20260423"
"고등학교","assigned","8750161","대영고등학교","경상북도","경상북도 영주시 구성로150번길 45","(휴천동, 대영고등학교)","36155","R10","일반고","사립","20260423"
"고등학교","assigned","8750162","대창고등학교","경상북도","경상북도 예천군 예천읍 대창학교길 33","(예천읍, 대창중.고등학교)","36824","R10","일반고","사립","20260423"
"고등학교","assigned","8750163","도개고등학교","경상북도","경상북도 구미시 도개면 도안로 120","(도개면, 도개중고등학교)","39103","R10","일반고","사립","20260423"
"고등학교","assigned","8750812","동국대학교사범대학부속선화여자고등학교","경상북도","경상북도 영천시 상아탑길 36","(화룡동)","38839","R10","일반고","사립","20260423"
"고등학교","assigned","8750095","동명고등학교","경상북도","경상북도 칠곡군 동명면 백송로 797","(동명면)","39860","R10","일반고","공립","20260423"
"고등학교","assigned","8750165","동지고등학교","경상북도","경상북도 포항시 북구 용흥로 123",", 동지고등학교","37689","R10","일반고","사립","20260423"
"고등학교","assigned","8750568","동지여자고등학교","경상북도","경상북도 포항시 북구 용흥로 123",", 동지여자고등학교 (용흥동, 동지중고등학교, 동지여자중고등학교)","37689","R10","일반고","사립","20260423"
"고등학교","assigned","8750518","두호고등학교","경상북도","경상북도 포항시 북구 학전로111번길 21","두호고등학교(두호동)","37624","R10","일반고","공립","20260423"
"고등학교","assigned","8750762","명인고등학교","경상북도","경상북도 성주군 선남면 도성2길 4","(선남면, 명인고등학교)","40047","R10","특성화고","사립","20260423"
"고등학교","assigned","8750166","모계고등학교","경상북도","경상북도 청도군 화양읍 청화로 67","(화양읍,모계고등학교)","38329","R10","일반고","사립","20260423"
"고등학교","assigned","8750167","무산고등학교","경상북도","경상북도 경주시 건천읍 천포방내길 18","(건천읍, 무산고등학교)","38179","R10","일반고","사립","20260423"
"고등학교","assigned","8750246","문경공업고등학교","경상북도","경상북도 문경시 영신로 65",", 문경공업고등학교 (점촌동)","36944","R10","특성화고","공립","20260423"
"고등학교","assigned","8750169","문경여자고등학교","경상북도","경상북도 문경시 여고길 40","(점촌동, 문경여자고등학교)","36955","R10","일반고","사립","20260423"
"고등학교","assigned","8750170","문명고등학교","경상북도","경상북도 경산시 경청로230길 30","(백천동)","38649","R10","일반고","사립","20260423"
"고등학교","assigned","8750171","문창고등학교","경상북도","경상북도 문경시 돈달로 145","(흥덕동, 문창고등학교)","36965","R10","일반고","사립","20260423"
"고등학교","assigned","8750172","문화고등학교","경상북도","경상북도 경주시 충현로 98","(충효동, 문화고등학교/문화중학교)","38057","R10","일반고","사립","20260423"
"고등학교","assigned","8750097","봉화고등학교","경상북도","경상북도 봉화군 봉화읍 내성로 138","(봉화읍)내성로 138","36240","R10","자율고","공립","20260423"
"고등학교","assigned","8750581","북삼고등학교","경상북도","경상북도 칠곡군 북삼읍 북삼로2길 130","(북삼읍, 북삼고등학교)","39801","R10","자율고","공립","20260423"
"고등학교","assigned","8750487","사곡고등학교","경상북도","경상북도 구미시 박정희로 195","(사곡동,사곡고등학교)","39331","R10","일반고","공립","20260423"
"고등학교","assigned","8750654","사동고등학교","경상북도","경상북도 경산시 삼성현로91길 36","(사동, 사동고등학교)","38602","R10","일반고","공립","20260423"
"고등학교","assigned","8750536","삼성생활예술고등학교","경상북도","경상북도 경주시 내남면 이조중앙길 27","(내남면, 삼성생활예술고등학교)","38193","R10","특성화고","사립","20260423"
"고등학교","assigned","8750486","상모고등학교","경상북도","경상북도 구미시 박정희로 60-22","(상모동, 상모고등학교)","39342","R10","일반고","공립","20260423"
"고등학교","assigned","8750174","상주고등학교","경상북도","경상북도 상주시 상산로 117","(신봉동,상주고등학교)","37221","R10","일반고","사립","20260423"
"고등학교","assigned","8750315","상주공업고등학교","경상북도","경상북도 상주시 낙양1길 29","(낙양동, 상주공업고등학교)","37164","R10","특성화고","사립","20260423"
"고등학교","assigned","8750104","상주여자고등학교","경상북도","경상북도 상주시 삼백로 315","(복룡동, 상주여자고등학교)","37237","R10","자율고","공립","20260423"
"고등학교","assigned","8750806","상지미래경영고등학교","경상북도","경상북도 상주시 함창읍 함창중앙로 176","(함창읍)","37114","R10","특성화고","사립","20260423"
"고등학교","assigned","8750637","석적고등학교","경상북도","경상북도 칠곡군 석적읍 동중리 1길 65-20","(석적읍, 석적고등학교)","39832","R10","일반고","공립","20260423"
"고등학교","assigned","8750449","선덕여자고등학교","경상북도","경상북도 경주시 양정로 20-11",", 선덕여자고등학교 (인왕동)","38161","R10","일반고","사립","20260423"
"고등학교","assigned","8750105","선산고등학교","경상북도","경상북도 구미시 선산읍 단계서4길 18","(선산읍)","39111","R10","일반고","공립","20260423"
"고등학교","assigned","8750519","선주고등학교","경상북도","경상북도 구미시 야은로13길 13","(봉곡동, 선주고등학교)","39211","R10","일반고","공립","20260423"
"고등학교","assigned","8750450","성의고등학교","경상북도","경상북도 김천시 성의길 38","(지좌동)","39654","R10","일반고","사립","20260423"
"고등학교","assigned","8750451","성의여자고등학교","경상북도","경상북도 김천시 평화순환길 250-11","(평화동, 성의여자중고등학교)","39621","R10","일반고","사립","20260423"
"고등학교","assigned","8750177","성주고등학교","경상북도","경상북도 성주군 성주읍 성주고교길 79","(성주읍)","40018","R10","일반고","공립","20260423"
"고등학교","assigned","8750465","성주여자고등학교","경상북도","경상북도 성주군 성주읍 성주여중고길 19","(성주읍,성주여자고등학교)","40024","R10","일반고","사립","20260423"
"고등학교","assigned","8750178","성창여자고등학교","경상북도","경상북도 안동시 석수길 53","(안기동,고등학교)","36626","R10","일반고","사립","20260423"
"고등학교","assigned","8750179","성희여자고등학교","경상북도","경상북도 안동시 강남로 246","성희여자고등학교","36748","R10","일반고","사립","20260423"
"고등학교","assigned","8750180","세명고등학교","경상북도","경상북도 포항시 남구 새천년대로474번길 13","(대잠동,세명고등학교)","37759","R10","일반고","사립","20260423"
"고등학교","assigned","8750541","세화고등학교","경상북도","경상북도 포항시 북구 아치로 94","(우현동, 세화고등학교)","37643","R10","일반고","사립","20260423"
"고등학교","assigned","8750107","수비고등학교","경상북도","경상북도 영양군 수비면 낙동정맥로 2417","(수비면, 수비중고등학교)","36522","R10","일반고","공립","20260423"
"고등학교","assigned","8750182","순심고등학교","경상북도","경상북도 칠곡군 왜관읍 평장2길 6",", 순심고등학교 (왜관읍)","39899","R10","일반고","사립","20260423"
"고등학교","assigned","8750183","순심여자고등학교","경상북도","경상북도 칠곡군 왜관읍 남부1길 22","(왜관읍,순심여중고등학교)","39898","R10","일반고","사립","20260423"
"고등학교","assigned","8750184","신라고등학교","경상북도","경상북도 경주시 태종로 526","(충효동,신라고등학교)","38064","R10","일반고","사립","20260423"
"고등학교","assigned","8750323","신라공업고등학교","경상북도","경상북도 경주시 천북면 천북로 41-21","(천북면,신라공업고등학교)","38041","R10","특성화고","사립","20260423"
"고등학교","assigned","8750467","안계고등학교","경상북도","경상북도 의성군 안계면 용기9길 9","안계고등학교","37313","R10","일반고","공립","20260423"
"고등학교","assigned","8750113","안동고등학교","경상북도","경상북도 안동시 강남로 550","(정상동)","36753","R10","자율고","공립","20260423"
"방송통신고등학교","assigned","8750615","안동고등학교부설방송통신고등학교","경상북도","경상북도 안동시 강남로 550","(정상동, 안동고등학교)","36753","R10","","공립","20260423"
"고등학교","assigned","8750114","안동여자고등학교","경상북도","경상북도 안동시 법상윗3길 32","(법상동)","36689","R10","자율고","공립","20260423"
"고등학교","assigned","8750186","안동중앙고등학교","경상북도","경상북도 안동시 서악길 45",", 안동중앙고등학교 (태화동,고등학교)","36667","R10","일반고","사립","20260423"
"고등학교","assigned","8750115","약목고등학교","경상북도","경상북도 칠곡군 약목면 무림1길 6-26","(약목면,약목고등학교)","39827","R10","일반고","공립","20260423"
"고등학교","assigned","8750188","영광고등학교","경상북도","경상북도 영주시 의상로 62","(상망동, 영광고등학교)","36063","R10","일반고","사립","20260423"
"고등학교","assigned","8750189","영광여자고등학교","경상북도","경상북도 영주시 숫골길23번길 39","(영주동, 영광여자고등학교)","36072","R10","일반고","사립","20260423"
"고등학교","assigned","8750190","영남삼육고등학교","경상북도","경상북도 경산시 남산면 서원길 58-31","(송내리 70번지) (남산면)","38572","R10","일반고","사립","20260423"
"고등학교","assigned","8750546","영덕고등학교","경상북도","경상북도 영덕군 영덕읍 군청1길 13","(영덕읍, 영덕고등학교,영덕중학교)","36430","R10","일반고","공립","20260423"
"고등학교","assigned","8750191","영덕여자고등학교","경상북도","경상북도 영덕군 영덕읍 영덕로 206","(영덕읍)","36426","R10","일반고","사립","20260423"
"고등학교","assigned","8750192","영동고등학교","경상북도","경상북도 영천시 안야사길 13","(야사동, 영동고등학교)","38832","R10","일반고","사립","20260423"
"고등학교","assigned","8750117","영양고등학교","경상북도","경상북도 영양군 영양읍 중앙로 81","영양고등학교","36539","R10","일반고","공립","20260423"
"고등학교","assigned","8750325","영양여자고등학교","경상북도","경상북도 영양군 영양읍 영양창수로 141","(영양읍, 영양여자중고등학교)","36542","R10","일반고","사립","20260423"
"고등학교","assigned","8750480","영일고등학교","경상북도","경상북도 포항시 남구 연일읍 동문로 56","(연일읍, 영일중고등학교)","37840","R10","일반고","사립","20260423"
"고등학교","assigned","8750118","영주여자고등학교","경상북도","경상북도 영주시 명륜길 58","(하망동,영주여자고등학교)","36068","R10","자율고","공립","20260423"
"고등학교","assigned","8750456","영주제일고등학교","경상북도","경상북도 영주시 신재로 36","(가흥동, 제일고등학교)","36056","R10","자율고","공립","20260423"
"고등학교","assigned","8750119","영천고등학교","경상북도","경상북도 영천시 영천고2길 12","(야사동)","38860","R10","자율고","공립","20260423"
"고등학교","assigned","8750525","영천성남여자고등학교","경상북도","경상북도 영천시 남촌길 17",", 영천성남여자고등학교 (도동, 성남여자중고등학교)","38896","R10","일반고","사립","20260423"
"고등학교","assigned","8750120","영천여자고등학교","경상북도","경상북도 영천시 최무선로 180","(성내동)","38841","R10","일반고","공립","20260423"
"고등학교","assigned","8750476","영천전자고등학교","경상북도","경상북도 영천시 화남면 천문로 1709",", 영천전자고 (화남면)","38810","R10","특성화고","사립","20260423"
"고등학교","assigned","8750121","영해고등학교","경상북도","경상북도 영덕군 영해면 예주길 135","(영해면, 영해중고교)","36415","R10","일반고","공립","20260423"
"고등학교","assigned","8750768","예일메디텍고등학교","경상북도","경상북도 안동시 예일길 85","(정하동, 예일메디텍고등학교)","36747","R10","특성화고","사립","20260423"
"고등학교","assigned","8750122","예천여자고등학교","경상북도","경상북도 예천군 예천읍 효자로 205","(예천읍, 예천여자고등학교)","36824","R10","일반고","공립","20260423"
"고등학교","assigned","8750198","오상고등학교","경상북도","경상북도 구미시 장천면 강동로 164","(장천면,오상고등학교)","39453","R10","일반고","사립","20260423"
"고등학교","assigned","8750468","오천고등학교","경상북도","경상북도 포항시 남구 오천읍 해병로 293","(오천읍, 오천중고등학교)","37909","R10","일반고","사립","20260423"
"고등학교","assigned","8750589","우석여자고등학교","경상북도","경상북도 상주시 북천로 117","(계산동, 우석여자고등학교)","37159","R10","일반고","사립","20260423"
"고등학교","assigned","8750587","울릉고등학교","경상북도","경상북도 울릉군 울릉읍 울릉순환로 236","(울릉읍, 울릉고등학교)","40219","R10","자율고","공립","20260423"
"고등학교","assigned","8750419","울진고등학교","경상북도","경상북도 울진군 울진읍 연지길 7",", 울진고등학교 (울진읍)","36324","R10","자율고","공립","20260423"
"고등학교","assigned","8750201","유성여자고등학교","경상북도","경상북도 포항시 북구 우창로 43",", 유성여자고등학교 (우현동)","37635","R10","일반고","사립","20260423"
"고등학교","assigned","8750656","율곡고등학교","경상북도","경북 김천시 용전4로3길 15","율곡고등학교","39660","R10","자율고","공립","20260423"
"고등학교","assigned","8750202","의성고등학교","경상북도","경상북도 의성군 의성읍 군청길 57","(의성읍, 의성고등학교)","37339","R10","일반고","사립","20260423"
"고등학교","assigned","8750124","의성여자고등학교","경상북도","경상북도 의성군 의성읍 북원3길 35","(의성읍)","37332","R10","일반고","공립","20260423"
"고등학교","assigned","8750766","의성유니텍고등학교","경상북도","경상북도 의성군 의성읍 문소1길 164","(의성읍, 의성유니텍고등학교)","37339","R10","특성화고","공립","20260423"
"고등학교","assigned","8750203","이서고등학교","경상북도","경상북도 청도군 이서면 학산1길 22","(이서면)","38317","R10","일반고","사립","20260423"
"고등학교","assigned","8750473","인동고등학교","경상북도","경상북도 구미시 인동36길 45","(구평동,인동고등학교)","39450","R10","자율고","공립","20260423"
"고등학교","assigned","8750127","점촌고등학교","경상북도","경상북도 문경시 점고길 50","(모전동)","36975","R10","자율고","공립","20260423"
"고등학교","assigned","8750559","죽변고등학교","경상북도","경상북도 울진군 죽변면 죽변4길 19","(죽변면, 죽변고등학교)","36315","R10","일반고","공립","20260423"
"고등학교","assigned","8750205","진량고등학교","경상북도","경상북도 경산시 진량읍 대학로 1051","(진량읍, 진량중고등학교)","38485","R10","일반고","사립","20260423"
"고등학교","assigned","8750535","진보고등학교","경상북도","경상북도 청송군 진보면 진성로 25",", 진보고등학교 (진보면,진보중고등학교)","37406","R10","일반고","공립","20260423"
"고등학교","assigned","8750558","청도고등학교","경상북도","경상북도 청도군 청도읍 청화로 219-21","(청도읍, 청도중고등학교)","38341","R10","일반고","사립","20260423"
"고등학교","assigned","8750130","청송고등학교","경상북도","경상북도 청송군 청송읍 금곡1길 13",", 청송중고등학교 (청송읍, 청송중고등학교)","37433","R10","일반고","공립","20260423"
"고등학교","assigned","8750632","청송여자고등학교","경상북도","경상북도 청송군 청송읍 군청로 69","","37427","R10","일반고","사립","20260423"
"고등학교","assigned","8750655","포은고등학교","경상북도","경상북도 영천시 금호읍 성천앞길 112-53","(금호읍, 금호여중·포은고등학교)","38873","R10","일반고","공립","20260423"
"고등학교","assigned","8750133","포항고등학교","경상북도","경상북도 포항시 북구 아호로 50","포항고등학교(학산동)","37713","R10","자율고","공립","20260423"
"방송통신고등학교","assigned","8750616","포항고등학교부설방송통신고등학교","경상북도","경상북도 포항시 북구 아호로 50","(학산동, 포항고등학교)","37713","R10","일반고","공립","20260423"
"고등학교","assigned","8750625","포항과학기술고등학교","경상북도","경상북도 포항시 남구 구룡포읍 호미로 341","(구룡포읍, 포항과학기술고등학교)","37931","R10","특성화고","공립","20260423"
"고등학교","assigned","8750542","포항동성고등학교","경상북도","경상북도 포항시 남구 동해면 일월로41번길 26","(동해면, 포항동해중학교, 포항동성고등학교)","37925","R10","일반고","사립","20260423"
"고등학교","assigned","8750769","포항보건고등학교","경상북도","경상북도 포항시 북구 죽장면 일광길 2","(죽장면, 서포중학교,포항보건고등학교)","37507","R10","특성화고","사립","20260423"
"고등학교","assigned","8750134","포항여자고등학교","경상북도","경상북도 포항시 북구 장미길 10","(학산동)","37719","R10","자율고","공립","20260423"
"고등학교","assigned","8750292","포항여자전자고등학교","경상북도","경상북도 포항시 북구 용흥로291번길 19","(용흥동, 포항여자전자고등학교)","37644","R10","특성화고","공립","20260423"
"고등학교","assigned","8750208","포항영신고등학교","경상북도","경상북도 포항시 북구 소티재로 107","(우현동, 영신중학교, 영신고등학교)","37642","R10","일반고","사립","20260423"
"고등학교","assigned","8750209","포항예술고등학교","경상북도","경상북도 포항시 북구 흥해읍 연화길 56","(흥해읍,포항예술고등학교)","37653","R10","일반고","사립","20260423"
"고등학교","assigned","8750539","포항이동고등학교","경상북도","경상북도 포항시 남구 희망대로 412","(이동, 포항이동고등학교)","37659","R10","일반고","공립","20260423"
"고등학교","assigned","8750534","포항장성고등학교","경상북도","경상북도 포항시 북구 법원로 117","(장성동)","37579","R10","일반고","공립","20260423"
"고등학교","assigned","8750210","포항제철고등학교","경상북도","경상북도 포항시 남구 지곡로212번길 40",", 포항제철고등학교 (지곡동)","37667","R10","자율고","사립","20260423"
"고등학교","assigned","8750337","포항제철공업고등학교","경상북도","경상북도 포항시 남구 지곡로 150",", 포항제철공업고등학교 (지곡동)","37666","R10","특목고","사립","20260423"
"고등학교","assigned","8750211","포항중앙고등학교","경상북도","경상북도 포항시 북구 소티재로151번길 11","(우현동,포항중앙고등학교)","37642","R10","일반고","사립","20260423"
"고등학교","assigned","8750212","포항중앙여자고등학교","경상북도","경상북도 포항시 북구 소티재로151번길 7","(우현동,포항중앙여자고등학교)","37642","R10","일반고","사립","20260423"
"고등학교","assigned","8750670","포항흥해공업고등학교","경상북도","경상북도 포항시 북구 흥해읍 동해대로1475번길 42",", 포항흥해공업고등학교 (흥해읍, 흥해공업고등학교)","37544","R10","특성화고","공립","20260423"
"고등학교","assigned","8750475","풍산고등학교","경상북도","경상북도 안동시 풍산읍 풍산중앙길 39","(풍산읍)","36621","R10","일반고","사립","20260423"
"고등학교","assigned","8750214","하양여자고등학교","경상북도","경상북도 경산시 하양읍 지식산업로8길 21","(하양읍, 하양여자고등학교)","38408","R10","일반고","사립","20260423"
"고등학교","assigned","8750763","한국국제조리고등학교","경상북도","경상북도 영주시 영봉로 28",", 한국국제조리고등학교 (휴천동, 교육연구시설)","36167","R10","특성화고","사립","20260423"
"고등학교","assigned","8750757","한국국제통상마이스터고등학교","경상북도","경상북도 경주시 감포읍 감포로12길 20","20,  감포중학교/한국국제통상마이스터고등학교","38125","R10","특목고","공립","20260423"
"고등학교","assigned","8750775","한국미래농업고등학교","경상북도","경상북도 상주시 모동면 덕곡1길 13","(모동면, 한국미래농업고등학교)","37271","R10","특성화고","공립","20260423"
"고등학교","assigned","8750807","한국미래산업고등학교","경상북도","경상북도 영주시 영봉로 49",", 영주동산고등학교 (하망동,동산여중고등학교)","36095","R10","특성화고","사립","20260423"
"고등학교","assigned","8750834","한국반도체마이스터고등학교","경상북도","경상북도 경주시 금성로 209","한국반도체마이스터고등학교","38168","R10","특목고","공립","20260423"
"고등학교","assigned","8750630","한국산림과학고등학교","경상북도","경상북도 봉화군 춘양면 서원촌길 8-14","(춘양면)","36213","R10","특성화고","공립","20260423"
"고등학교","assigned","8750556","한국생명과학고등학교","경상북도","경상북도 안동시 하이마로 385","(옥동, 한국생명과학고등학교)","36663","R10","특성화고","공립","20260423"
"고등학교","assigned","8750652","한국원자력마이스터고등학교","경상북도","경상북도 울진군 평해읍 월송정로 422",", 한국원자력마이스터고등학교 (평해읍)","36364","R10","특목고","공립","20260423"
"고등학교","assigned","8750830","한국조리명장고등학교","경상북도","경상북도 고령군 대가야읍 우륵로 63","한국조리명장고등학교","40136","R10","특성화고","공립","20260423"
"고등학교","assigned","8750831","한국철도고등학교","경상북도","경상북도 영주시 이산로 31","한국철도고등학교","36094","R10","특성화고","사립","20260423"
"고등학교","assigned","8750732","한국펫고등학교","경상북도","경상북도 봉화군 봉화읍 내성천1길 18","(봉화읍, 한국펫고등학교)","36238","R10","특성화고","사립","20260423"
"고등학교","assigned","8750804","한국해양마이스터고등학교","경상북도","경상북도 포항시 북구 여남포길21번길 18","한국해양마이스터고등학교","37598","R10","특성화고","공립","20260423"
"고등학교","assigned","8750217","함창고등학교","경상북도","경상북도 상주시 함창읍 함창중앙로 85","함창고등학교","37118","R10","일반고","사립","20260423"
"고등학교","assigned","8750136","현서고등학교","경상북도","경상북도 청송군 현서면 구덕길 74","(현서면, 현서중고등학교)","37460","R10","일반고","공립","20260423"
"고등학교","assigned","8750218","현일고등학교","경상북도","경상북도 구미시 고아읍 선산대로 656","(고아읍, 현일중고)","39151","R10","일반고","사립","20260423"
"고등학교","assigned","8750566","형곡고등학교","경상북도","경상북도 구미시 형곡동로2길 12-13",", 형곡고등학교 (형곡동)","39321","R10","일반고","공립","20260423"
"고등학교","assigned","8750138","화령고등학교","경상북도","경상북도 상주시 화서면 중화로 2187",", 화령고등학교 (화서면, 화령중고등학교)","37139","R10","일반고","공립","20260423"
"고등학교","assigned","8750669","효청보건고등학교","경상북도","경상북도 경주시 외동읍 모화남1길 26-132","(외동읍)","38215","R10","특성화고","사립","20260423"
"고등학교","assigned","8750140","후포고등학교","경상북도","경상북도 울진군 후포면 후포로 41","(후포면, 후포중고등학교)","36369","R10","일반고","공립","20260423"
"고등학교","assigned","7240223","강동고등학교","대구광역시","대구광역시 동구 금강로 65","(신서동, 강동고등학교)","41089","D10","자율고","공립","20260423"
"고등학교","assigned","7240068","강북고등학교","대구광역시","대구광역시 북구 태전로 100","(태전동)","41453","D10","일반고","사립","20260423"
"고등학교","assigned","7240053","경덕여자고등학교","대구광역시","대구광역시 서구 국채보상로34길 50","(중리동, 경덕여자고등학교)","41838","D10","일반고","공립","20260423"
"고등학교","assigned","7240069","경명여자고등학교","대구광역시","대구광역시 북구 칠성로17길 18","(칠성동2가,경명여자중고등학교)","41578","D10","일반고","사립","20260423"
"고등학교","assigned","7240054","경북고등학교","대구광역시","대구광역시 수성구 청호로 300","(황금동,경북고등학교)","42084","D10","일반고","공립","20260423"
"고등학교","assigned","7240123","경북공업고등학교","대구광역시","대구광역시 중구 남산로 20","(남산동)","41972","D10","특성화고","사립","20260423"
"고등학교","assigned","7240107","경북기계공업고등학교","대구광역시","대구광역시 달서구 월배로 275","(상인동)","42748","D10","특목고","공립","20260423"
"고등학교","assigned","7004180","경북대학교사범대학부설고등학교","대구광역시","대구광역시 중구 달구벌대로 2178","(대봉동, 경북대학교사범대학부설중.고등학교)","41950","D10","일반고","국립","20260423"
"고등학교","assigned","7240055","경북여자고등학교","대구광역시","대구광역시 중구 중앙대로 288","(남산동, 경북여자고등학교)","41963","D10","자율고","공립","20260423"
"고등학교","assigned","7240296","경북여자상업고등학교","대구광역시","대구광역시 남구 효성로 35","경북여자상업고등학교","42507","D10","특성화고","사립","20260423"
"고등학교","assigned","7240070","경북예술고등학교","대구광역시","대구광역시 남구 중앙대로47길 30","(대명동, 경북예술고등학교)","42410","D10","특목고","사립","20260423"
"고등학교","assigned","7240071","경상고등학교","대구광역시","대구광역시 북구 공항로15길 24","(복현동, 경상고등학교)","41521","D10","일반고","사립","20260423"
"고등학교","assigned","7240126","경상공업고등학교","대구광역시","대구광역시 남구 대경길 151","(대명동, 경상공업고등학교)","42462","D10","특성화고","사립","20260423"
"고등학교","assigned","7240072","경상여자고등학교","대구광역시","대구광역시 북구 침산남로9길 164","(침산동, 경상여자고등학교)","41547","D10","일반고","사립","20260423"
"고등학교","assigned","7240073","경신고등학교","대구광역시","대구광역시 수성구 달구벌대로504길 34","(범어동, 경신고등학교, 경신중학교)","42093","D10","일반고","사립","20260423"
"고등학교","assigned","7240074","경원고등학교","대구광역시","대구광역시 달서구 새방로 77","(용산동)","42606","D10","일반고","사립","20260423"
"고등학교","assigned","7240075","경일여자고등학교","대구광역시","대구광역시 남구 효성로 37","(봉덕동)","42507","D10","일반고","사립","20260423"
"고등학교","assigned","7240076","경화여자고등학교","대구광역시","대구광역시 달서구 당산로30길 20","(성당동, 경화여자고등학교, 경암중학교)","42654","D10","일반고","사립","20260423"
"고등학교","assigned","7240078","계성고등학교","대구광역시","대구광역시 서구 새방로 171","(상리동)","41751","D10","자율고","사립","20260423"
"고등학교","assigned","7240056","구암고등학교","대구광역시","대구광역시 북구 태암남로11길 7","(구암동, 구암고등학교)","41465","D10","일반고","공립","20260423"
"고등학교","assigned","7240459","군위고등학교","대구광역시","대구광역시 군위군 군위읍 군청로 254-6","군위고등학교","43110","D10","일반고","공립","20260423"
"고등학교","assigned","7240080","능인고등학교","대구광역시","대구광역시 수성구 무학로 207",", 능인고등학교 (지산동)","42183","D10","일반고","사립","20260423"
"고등학교","assigned","7240057","다사고등학교","대구광역시","대구광역시 달성군 다사읍 달구벌대로 839","(다사고등학교)","42910","D10","일반고","공립","20260423"
"고등학교","assigned","7240224","달구벌고등학교","대구광역시","대구광역시 동구 팔공산로2길 16",", 달구벌고등학교 (덕곡동)","41000","D10","특성화고","사립","20260423"
"고등학교","assigned","7240081","달서고등학교","대구광역시","대구광역시 달성군 하빈면 하빈로 118","(하빈면, 달서고등학교)","42903","D10","일반고","사립","20260423"
"고등학교","assigned","7240058","달성고등학교","대구광역시","대구광역시 서구 달구벌대로 1725",", 달성고등학교 (내당동)","41857","D10","일반고","공립","20260423"
"고등학교","assigned","7240082","대건고등학교","대구광역시","대구광역시 달서구 월곡로94길 46",", 대건고등학교 (월성동)","42726","D10","일반고","사립","20260423"
"고등학교","assigned","7240205","대곡고등학교","대구광역시","대구광역시 달서구 도원남로 80","(도원동, 대곡고등학교)","42830","D10","일반고","공립","20260423"
"고등학교","assigned","7240059","대구고등학교","대구광역시","대구광역시 남구 중앙대로 171","(대명동)","42416","D10","일반고","공립","20260423"
"방송통신고등학교","assigned","7240151","대구고등학교부설방송통신고등학교","대구광역시","대구광역시 남구 중앙대로 171","(대명동, 대구고등학교)","42416","D10","일반고","공립","20260423"
"고등학교","assigned","7240111","대구공업고등학교","대구광역시","대구광역시 동구 대현로 135","(신암동, 대구공업고등학교)","41196","D10","특성화고","공립","20260423"
"고등학교","assigned","7240453","대구공업고등학교 테크노폴리스 캠퍼스","대구광역시","대구광역시 달성군 유가읍 유가길 46",", 대구공업고등학교 테크노폴리스 캠퍼스 (유가읍)","42993","D10","특성화고","공립","20260423"
"고등학교","assigned","7240060","대구과학고등학교","대구광역시","대구광역시 수성구 동대구로 154","대구과학고등학교 (황금2동 613)","42110","D10","특목고","공립","20260423"
"고등학교","assigned","7240452","대구과학기술고등학교","대구광역시","대구광역시 서구 당산로 228",", 대구과학기술고등학교 (내당동,대구과학기술고등학교 )","41855","D10","특성화고","공립","20260423"
"고등학교","assigned","7240219","대구관광고등학교","대구광역시","대구광역시 동구 동북로71길 37","(신암동,대구관광고등학교)","41182","D10","특성화고","사립","20260423"
"고등학교","assigned","7240450","대구국제고등학교","대구광역시","대구광역시 북구 도남길 77",", 대구국제고등학교 (국우동)","41408","D10","특목고","공립","20260423"
"고등학교","assigned","7240213","대구남산고등학교","대구광역시","대구광역시 수성구 신천동로 364","(수성동1가)","42129","D10","일반고","사립","20260423"
"고등학교","assigned","7240400","대구농업마이스터고등학교","대구광역시","대구광역시 수성구 달구벌대로 3170",", 대구농업마이스터고등학교 (노변동)","42257","D10","특목고","공립","20260423"
"고등학교","assigned","7240217","대구동부고등학교","대구광역시","대구광역시 동구 반야월북로 199","(각산동)","41074","D10","일반고","사립","20260423"
"고등학교","assigned","7240514","대구반도체마이스터고등학교","대구광역시","대구광역시 달서구 용산로 113","(장기동, 대구반도체마이스터고등학교)","42686","D10","특성화고","공립","20260423"
"고등학교","assigned","7240401","대구보건고등학교","대구광역시","대구광역시 달서구 두류남길 10","(두류동, 대구보건고등학교, 구남중학교)","42664","D10","특성화고","사립","20260423"
"고등학교","assigned","7240215","대구상원고등학교","대구광역시","대구광역시 달서구 월배로 241",", 대구상원고등학교 (상인동)","42748","D10","일반고","공립","20260423"
"고등학교","assigned","7240061","대구서부고등학교","대구광역시","대구광역시 서구 국채보상로53길 32",", 대구서부고등학교 (평리동, 서부고등학교)","41775","D10","일반고","공립","20260423"
"고등학교","assigned","7240454","대구소프트웨어마이스터고등학교","대구광역시","대구광역시 달성군 구지면 창리로11길 93","(구지면)","43010","D10","특목고","공립","20260423"
"고등학교","assigned","7240517","대구스마트고등학교","대구광역시","대구광역시 북구 관음로 303-12",", 대구스마트고등학교 (읍내동)","41400","D10","특성화고","사립","20260423"
"고등학교","assigned","7240062","대구여자고등학교","대구광역시","대구광역시 수성구 달구벌대로488길 17","(범어동)","42086","D10","일반고","공립","20260423"
"고등학교","assigned","7240063","대구외국어고등학교","대구광역시","대구광역시 달서구 선원로11길 21","(신당동)","42603","D10","특목고","공립","20260423"
"고등학교","assigned","7240331","대구일과학고등학교","대구광역시","대구광역시 동구 경안로 987","(각산동, 대구일과학고등학교)","41063","D10","특목고","공립","20260423"
"고등학교","assigned","7240372","대구일마이스터고등학교","대구광역시","대구광역시 동구 효동로 48","(대구일마이스터고, 효목동)","41171","D10","특목고","공립","20260423"
"고등학교","assigned","7240183","대구제일고등학교","대구광역시","대구광역시 서구 국채보상로 384","(비산동, 청라중.제일고교)","41804","D10","일반고","사립","20260423"
"고등학교","assigned","7240293","대구제일여자상업고등학교","대구광역시","대구광역시 달서구 대명천로 120","(본리동)","42677","D10","특성화고","공립","20260423"
"고등학교","assigned","7240294","대구중앙고등학교","대구광역시","대구광역시 수성구 신천동로 496",", 대구중앙고등학교 (수성동4가)","42000","D10","일반고","사립","20260423"
"고등학교","assigned","7240206","대구체육고등학교","대구광역시","대구광역시 북구 칠곡중앙대로136길 29","(동호동)","41404","D10","특목고","공립","20260423"
"고등학교","assigned","7240462","대구하이텍고등학교","대구광역시","대구광역시 달서구 학산남로 50","(상인동, 대구하이텍고등학교)","42748","D10","특성화고","공립","20260423"
"고등학교","assigned","7240084","대구혜화여자고등학교","대구광역시","대구광역시 수성구 교학로12길 62","(만촌동, 혜화여자고등학교)","42077","D10","일반고","사립","20260423"
"고등학교","assigned","7240085","대륜고등학교","대구광역시","대구광역시 수성구 달구벌대로 2700","(만촌동)","42071","D10","일반고","사립","20260423"
"고등학교","assigned","7240516","대명고등학교","대구광역시","대구광역시 남구 현충로40길 50","(대명동, 대명고등학교)","42414","D10","특성화고","사립","20260423"
"고등학교","assigned","7240216","대원고등학교","대구광역시","대구광역시 달성군 화원읍 비슬로 2658","(화원읍, 대원고등학교)","42964","D10","일반고","사립","20260423"
"고등학교","assigned","7240271","대진고등학교","대구광역시","대구광역시 달서구 화암로73길 15","(대곡동, 대진고등학교)","42768","D10","일반고","공립","20260423"
"고등학교","assigned","7240086","덕원고등학교","대구광역시","대구광역시 수성구 욱수길 37","(욱수동,덕원고등학교)","42288","D10","일반고","사립","20260423"
"고등학교","assigned","7240203","도원고등학교","대구광역시","대구광역시 달서구 미리샘길 52",", 도원고등학교 (도원동, 도원고등학교)","42838","D10","일반고","공립","20260423"
"고등학교","assigned","7240222","동문고등학교","대구광역시","대구광역시 수성구 효행로 17","(만촌동, 동문고등학교)","42064","D10","일반고","공립","20260423"
"고등학교","assigned","7240272","매천고등학교","대구광역시","대구광역시 북구 매전로 70","(태전동) 매천고등학교","41471","D10","일반고","공립","20260423"
"고등학교","assigned","7240394","비슬고등학교","대구광역시","대구광역시 달성군 현풍읍 테크노북로 100","(현풍읍, 비슬고등학교)","42995","D10","일반고","공립","20260423"
"고등학교","assigned","7240356","상서고등학교","대구광역시","대구광역시 달서구 야외음악당로 107","(성당동, 상서고등학교)","42655","D10","특성화고","사립","20260423"
"고등학교","assigned","7240187","상인고등학교","대구광역시","대구광역시 달서구 상인로 24","(상인동, 상인고등학교)","42813","D10","일반고","공립","20260423"
"고등학교","assigned","7240090","성광고등학교","대구광역시","대구광역시 북구 검단로 150",", 성광고등학교 (복현동)","41521","D10","일반고","사립","20260423"
"고등학교","assigned","7240204","성산고등학교","대구광역시","대구광역시 달서구 새방로7길 33",", 성산고등학교 (용산동)","42606","D10","일반고","공립","20260423"
"고등학교","assigned","7240064","성서고등학교","대구광역시","대구광역시 달서구 선원로 221","(용산동, 성서고등학교)","42606","D10","일반고","공립","20260423"
"고등학교","assigned","7240091","성화여자고등학교","대구광역시","대구광역시 북구 복현로 140",", 성화여자고등학교 (복현동, 성화여자고등학교)","41522","D10","일반고","사립","20260423"
"고등학교","assigned","7240092","송현여자고등학교","대구광역시","대구광역시 달서구 송현로 156",", 송현여자고등학교 (송현동, 송현여자중,고등학교)","42738","D10","일반고","사립","20260423"
"고등학교","assigned","7240259","수성고등학교","대구광역시","대구광역시 수성구 용학로28길 36","(지산동, 수성고등학교)","42218","D10","일반고","공립","20260423"
"고등학교","assigned","7240065","시지고등학교","대구광역시","대구광역시 수성구 신매로 6","(신매동, 시지고등학교)","42283","D10","일반고","공립","20260423"
"고등학교","assigned","7240218","신명고등학교","대구광역시","대구광역시 중구 국채보상로102길 48",", 신명고등학교 (동산동)","41931","D10","일반고","사립","20260423"
"고등학교","assigned","7240094","심인고등학교","대구광역시","대구광역시 달성군 다사읍 대실역남로1길 5",", 심인고등학교 (다사읍)","42919","D10","일반고","사립","20260423"
"고등학교","assigned","7240095","영남고등학교","대구광역시","대구광역시 달서구 월곡로 300",", 영남고등학교 (상인동)","42748","D10","일반고","사립","20260423"
"고등학교","assigned","7240144","영남공업고등학교","대구광역시","대구광역시 수성구 교학로 96","(만촌동, 영남공업고등학교)","42077","D10","특성화고","사립","20260423"
"고등학교","assigned","7240096","영송여자고등학교","대구광역시","대구광역시 북구 태전로 92","(태전동,영송여자고등학교)","41453","D10","일반고","사립","20260423"
"고등학교","assigned","7240097","영신고등학교","대구광역시","대구광역시 동구 팔공로50길 32","(봉무동)","41021","D10","일반고","사립","20260423"
"고등학교","assigned","7240098","영진고등학교","대구광역시","대구광역시 북구 동북로57길 9","(복현동)","41529","D10","일반고","사립","20260423"
"고등학교","assigned","7240099","오성고등학교","대구광역시","대구 수성구 달구벌대로522길 78","(만촌동,오성고등학교)","42083","D10","일반고","사립","20260423"
"고등학교","assigned","7240182","와룡고등학교","대구광역시","대구광역시 달서구 선원로23북길 20","(이곡동)","42604","D10","일반고","공립","20260423"
"고등학교","assigned","7240188","운암고등학교","대구광역시","대구광역시 북구 학정로 378","(구암동, 운암고등학교)","41428","D10","일반고","공립","20260423"
"고등학교","assigned","7240100","원화여자고등학교","대구광역시","대구광역시 달서구 당산로30길 30","(성당동, 원화여자고등학교, 원화중학교)","42655","D10","일반고","사립","20260423"
"고등학교","assigned","7240101","정동고등학교","대구광역시","대구광역시 동구 용계로1길 49",", 정동고등학교 (용계동, 정동고등학교)","41124","D10","일반고","사립","20260423"
"고등학교","assigned","7240102","정화여자고등학교","대구광역시","대구광역시 수성구 청호로84길 123",", 정화여자고등학교 (범어동)","42083","D10","일반고","사립","20260423"
"고등학교","assigned","7240402","조일고등학교","대구광역시","대구광역시 동구 신덕로 136-11",", 조일고등학교 (신평동)","41123","D10","특성화고","사립","20260423"
"고등학교","assigned","7240103","청구고등학교","대구광역시","대구광역시 동구 국채보상로 827","(신천동)","41262","D10","일반고","사립","20260423"
"고등학교","assigned","7240282","칠성고등학교","대구광역시","대구광역시 북구 칠성로 13","(칠성동2가, 칠성고등학교)","41586","D10","일반고","공립","20260423"
"고등학교","assigned","7240189","포산고등학교","대구광역시","대구광역시 달성군 현풍읍 비슬로 556-13","(현풍읍, 포산고등학교)","43005","D10","자율고","공립","20260423"
"고등학교","assigned","7240207","학남고등학교","대구광역시","대구광역시 북구 학남로 78","(국우동)","41420","D10","일반고","공립","20260423"
"고등학교","assigned","7240273","함지고등학교","대구광역시","대구광역시 북구 학정로48길 46","(구암동)","41473","D10","일반고","공립","20260423"
"고등학교","assigned","7240104","현풍고등학교","대구광역시","대구광역시 달성군 현풍읍 비슬로 675","(현풍읍, 현풍중.고등학교)","43001","D10","일반고","사립","20260423"
"고등학교","assigned","7240105","협성고등학교","대구광역시","대구광역시 남구 효성로 33",", 협성고등학교 (봉덕동)","42507","D10","일반고","사립","20260423"
"고등학교","assigned","7240283","호산고등학교","대구광역시","대구광역시 달서구 달서대로109길 86","(호산동,호산고등학교)","42709","D10","일반고","공립","20260423"
"고등학교","assigned","7240209","화원고등학교","대구광역시","대구광역시 달성군 화원읍 비슬로 2458","(화원읍, 화원고등학교)","42957","D10","일반고","공립","20260423"
"고등학교","assigned","7240458","효령고등학교","대구광역시","대구광역시 군위군 효령면 중리길 6-25","(효령면,효령중고등학교)","43130","D10","특성화고","공립","20260423"
"고등학교","assigned","7240106","효성여자고등학교","대구광역시","대구광역시 달서구 월곡로94길 48",", 효성여자고등학교 (월성동)","42726","D10","일반고","사립","20260423"
"고등학교","assigned","7430324","계룡디지텍고등학교","대전광역시","대전광역시 동구 소랑길 64","(삼성동)","34613","G10","특성화고","사립","20260423"
"고등학교","assigned","7430046","남대전고등학교","대전광역시","대전광역시 중구 보문로111번길 63","(대사동, 남대전고등학교)","35051","G10","일반고","사립","20260423"
"고등학교","assigned","7430030","대덕고등학교","대전광역시","대전광역시 유성구 대덕대로556번길 158","(도룡동, 대덕고등학교)","34121","G10","일반고","공립","20260423"
"고등학교","assigned","7430310","대덕소프트웨어마이스터고등학교","대전광역시","대전광역시 유성구 가정북로 76","(장동, 대덕소프트웨어마이스터고등학교)","34111","G10","특목고","공립","20260809"
"고등학교","assigned","7430241","대전가오고등학교","대전광역시","대전광역시 동구 신기로 71","(가오동, 대전가오고등학교)","34691","G10","일반고","공립","20260423"
"고등학교","assigned","7430031","대전고등학교","대전광역시","대전광역시 중구 대흥로 110","(대흥동, 대전고등학교)","34932","G10","자율고","공립","20260423"
"방송통신고등학교","assigned","7430089","대전고등학교부설방송통신고등학교","대전광역시","대전광역시 중구 대흥로 110","(대흥동,대전고등학교)","34932","G10","일반고","공립","20260423"
"고등학교","assigned","7430032","대전과학고등학교","대전광역시","대전광역시 유성구 과학로 46","(구성동, 과학고등학교)","34142","G10","특목고","공립","20260423"
"고등학교","assigned","7430033","대전관저고등학교","대전광역시","대전광역시 서구 관저북로 94",", 대전관저고등학교 (관저동, 관저고등학교)","35358","G10","일반고","공립","20260423"
"고등학교","assigned","7430237","대전괴정고등학교","대전광역시","대전광역시 서구 가장로 15","(괴정동)","35291","G10","일반고","공립","20260423"
"고등학교","assigned","7430150","대전구봉고등학교","대전광역시","대전광역시 서구 관저서로 36",", 대전구봉고등학교 (관저동)","35376","G10","일반고","공립","20260423"
"고등학교","assigned","7430252","대전국제통상고등학교","대전광역시","대전광역시 중구 서문로 47","(문화동, 대전국제통상고등학교)","34998","G10","특성화고","공립","20260423"
"고등학교","assigned","7430143","대전노은고등학교","대전광역시","대전광역시 유성구 노은동로 99",", 55 (노은동)","34091","G10","자율고","공립","20260423"
"고등학교","assigned","7430325","대전대성고등학교","대전광역시","대전광역시 중구 목동로 23","(목동)","34825","G10","자율고","사립","20260423"
"고등학교","assigned","7430326","대전대성여자고등학교","대전광역시","대전광역시 동구 대성2길 20","(가양동)","34601","G10","특성화고","사립","20260423"
"고등학교","assigned","7430048","대전대신고등학교","대전광역시","대전광역시 서구 오량1길 98","(복수동, 대전대신중·고등학교)","35406","G10","자율고","사립","20260423"
"고등학교","assigned","7430351","대전도시과학고등학교","대전광역시","대전광역시 유성구 진잠로42번길 35","(원내동, 대전도시과학고등학교)","34231","G10","특성화고","공립","20260423"
"고등학교","assigned","7430290","대전도안고등학교","대전광역시","대전광역시 유성구 원신흥남로 51","(원신흥동)","34194","G10","일반고","공립","20260423"
"고등학교","assigned","7430049","대전동산고등학교","대전광역시","대전광역시 중구 문화로 183","(문화동, 대전동산중고등학교)","34960","G10","일반고","사립","20260423"
"고등학교","assigned","7430295","대전동신과학고등학교","대전광역시","대전광역시 동구 옥천로 423","(비룡동, 대전동신과학고등학교)","34500","G10","특목고","공립","20260423"
"고등학교","assigned","7430034","대전둔산여자고등학교","대전광역시","대전광역시 서구 갈마역로 33","(갈마동, 대전둔산여자고등학교)","35231","G10","일반고","공립","20260423"
"고등학교","assigned","7430142","대전둔원고등학교","대전광역시","대전광역시 서구 대덕대로 101","(갈마동)","35273","G10","일반고","공립","20260423"
"고등학교","assigned","7430035","대전만년고등학교","대전광역시","대전광역시 서구 만년로 6","(만년동)","35200","G10","일반고","공립","20260423"
"고등학교","assigned","7430238","대전반석고등학교","대전광역시","대전광역시 유성구 지족로 332",", 대전반석고등학교 (지족동)","34076","G10","일반고","공립","20260423"
"고등학교","assigned","7430253","대전복수고등학교","대전광역시","대전광역시 서구 혜천로 66",", 대전복수고등학교 (복수동, 복수고등학교)","35409","G10","일반고","공립","20260423"
"고등학교","assigned","7430329","대전생활과학고등학교","대전광역시","대전광역시 대덕구 동산초교로63번길 12","(오정동)","34432","G10","특성화고","사립","20260423"
"고등학교","assigned","7430051","대전성모여자고등학교","대전광역시","대전광역시 중구 대흥로 62","(대흥동)","34943","G10","일반고","사립","20260423"
"고등학교","assigned","7430132","대전송촌고등학교","대전광역시","대전광역시 대덕구 선비마을로23번길 11","(송촌동,대전송촌고등학교)","34404","G10","자율고","공립","20260423"
"고등학교","assigned","7430133","대전신일여자고등학교","대전광역시","대전광역시 중구 부사로 48","(부사동, 대전신일여자고등학교)","35058","G10","특성화고","사립","20260423"
"고등학교","assigned","7430036","대전여자고등학교","대전광역시","대전광역시 동구 용운로1번길 28-37",", 대전여자고등학교 (대동)","34656","G10","자율고","공립","20260423"
"방송통신고등학교","assigned","7430090","대전여자고등학교부설방송통신고등학교","대전광역시","대전광역시 동구 용운로1번길 28-37","(대동, 대전여자고등학교)","34656","G10","일반고","공립","20260423"
"고등학교","assigned","7430083","대전여자상업고등학교","대전광역시","대전광역시 중구 대종로550번길 31","(선화동, 대전여자상업고등학교)","34831","G10","특성화고","사립","20260423"
"고등학교","assigned","7430053","대전예술고등학교","대전광역시","대전광역시 유성구 월드컵대로308번길 33","(상대동,대전예술고등학교)","34198","G10","일반고","사립","20260423"
"고등학교","assigned","7430037","대전외국어고등학교","대전광역시","대전광역시 서구 신갈마로 19","(내동)","35280","G10","특목고","공립","20260423"
"고등학교","assigned","7430239","대전용산고등학교","대전광역시","대전광역시 유성구 용산2로 2-16","(용산동, 대전용산고등학교)","34031","G10","일반고","공립","20260423"
"고등학교","assigned","7430240","대전이문고등학교","대전광역시","대전광역시 대덕구 석봉로 15","(석봉동,대전이문고등학교)","34317","G10","일반고","사립","20260423"
"고등학교","assigned","7430148","대전전민고등학교","대전광역시","대전광역시 유성구 전민로 63","(전민동, 대전전민고등학교)","34053","G10","일반고","공립","20260423"
"고등학교","assigned","7430311","대전전자디자인고등학교","대전광역시","대전광역시 유성구 대덕대로 939","(화암동, 대전전자디자인고등학교)","34058","G10","특성화고","공립","20260423"
"고등학교","assigned","7430242","대전제일고등학교","대전광역시","대전광역시 서구 배재로46번길 77","(도마동, 대전제일고등학교)","35339","G10","일반고","사립","20260423"
"고등학교","assigned","7430052","대전중앙고등학교","대전광역시","대전광역시 중구 대종로 634","(중촌동, 대전중앙중.고등학교)","34804","G10","일반고","사립","20260423"
"고등학교","assigned","7430149","대전지족고등학교","대전광역시","대전광역시 유성구 노은서로 202","(지족동, 지족고등학교)","34082","G10","일반고","공립","20260423"
"고등학교","assigned","7430038","대전체육고등학교","대전광역시","대전광역시 유성구 원신흥로40번길 6","(원신흥동, 대전체육중고등학교)","34195","G10","특목고","공립","20260423"
"고등학교","assigned","7430138","대전한빛고등학교","대전광역시","대전광역시 중구 대둔산로 119-37","(안영동,대전한빛고등학교)","35085","G10","일반고","사립","20260423"
"고등학교","assigned","7430039","동대전고등학교","대전광역시","대전광역시 대덕구 청림길 33","(중리동, 동대전고등학교)","34427","G10","일반고","공립","20260423"
"고등학교","assigned","7430244","동방고등학교","대전광역시","대전광역시 서구 계백로 1106","(관저동, 동방고등학교)","35380","G10","일반고","사립","20260423"
"고등학교","assigned","7430256","동아마이스터고등학교","대전광역시","대전광역시 동구 충정로 97",", 동아마이스터고등학교 (자양동)","34511","G10","특목고","사립","20260423"
"고등학교","assigned","7430056","명석고등학교","대전광역시","대전광역시 동구 우암로 380",", 명석고등학교 (가양동)","34503","G10","일반고","사립","20260423"
"고등학교","assigned","7430057","보문고등학교","대전광역시","대전광역시 동구 우암로 57",", 보문고등학교 (삼성동, 보문고등학교,보문중학교)","34619","G10","일반고","사립","20260423"
"고등학교","assigned","7430059","서대전고등학교","대전광역시","대전광역시 서구 월평동로 60","(월평동, 서대전고등학교)","35216","G10","일반고","사립","20260423"
"고등학교","assigned","7430060","서대전여자고등학교","대전광역시","대전광역시 서구 배재로197번길 20","(도마동, 서대전여자고등학교)","35344","G10","일반고","사립","20260423"
"고등학교","assigned","7430061","서일고등학교","대전광역시","대전광역시 서구 계백로828번길 30","(관저동)","35377","G10","일반고","사립","20260423"
"고등학교","assigned","7430062","서일여자고등학교","대전광역시","대전광역시 서구 구봉산북로 22","(관저동, 서일여자고등학교)","35377","G10","일반고","사립","20260423"
"고등학교","assigned","7430041","신탄진고등학교","대전광역시","대전광역시 대덕구 신탄진북로 14","(신탄진동)","34308","G10","일반고","공립","20260423"
"고등학교","assigned","7430140","우송고등학교","대전광역시","대전광역시 동구 동대전로131번길 53",", 우송고등학교 (자양동)","34609","G10","일반고","사립","20260423"
"고등학교","assigned","7430042","유성고등학교","대전광역시","대전광역시 유성구 유성대로654번길 130","(구암동,유성고등학교)","34181","G10","일반고","공립","20260423"
"고등학교","assigned","7430135","유성생명과학고등학교","대전광역시","대전광역시 유성구 월드컵대로 270","(구암동,유성생명과학고등학교)","34197","G10","특성화고","공립","20260423"
"고등학교","assigned","7430064","유성여자고등학교","대전광역시","대전광역시 유성구 은구비로138번길 70",", 유성여자고등학교 (죽동)","34097","G10","일반고","사립","20260423"
"고등학교","assigned","7430065","중일고등학교","대전광역시","대전 유성구 배울2로 68","(관평동,중일고등학교)","34023","G10","일반고","사립","20260423"
"고등학교","assigned","7430066","청란여자고등학교","대전광역시","대전광역시 중구 보문로95번길 40",", 청란여자고등학교 (부사동)","35051","G10","일반고","사립","20260423"
"고등학교","assigned","7430043","충남고등학교","대전광역시","대전광역시 서구 문정로 171","(둔산동,충남고등학교)","35249","G10","자율고","공립","20260423"
"고등학교","assigned","7430073","충남기계공업고등학교","대전광역시","대전광역시 중구 산성로 154","(문화동)","34999","G10","특성화고","공립","20260423"
"고등학교","assigned","7430044","충남여자고등학교","대전광역시","대전광역시 중구 선화로43번길 77","(목동,충남여자고등학교)","34849","G10","일반고","공립","20260423"
"고등학교","assigned","7430045","한밭고등학교","대전광역시","대전광역시 서구 신갈마로141번길 58","(갈마동, 한밭고등학교)","35277","G10","일반고","공립","20260423"
"고등학교","assigned","7430067","호수돈여자고등학교","대전광역시","대전광역시 중구 선화로 50","(용두동,호수돈여자중.고등학교)","34859","G10","일반고","사립","20260423"
"고등학교","unassigned","","(가칭)명지3고등학교","부산광역시","부산광역시 부산진구 화지로 12","(양정동)","47119","C10","일반고","공립","20260830"
"고등학교","assigned","7150119","가야고등학교","부산광역시","부산광역시 부산진구 엄광로 152","(가야동, 가야고등학교)","47341","C10","일반고","사립","20260423"
"고등학교","assigned","7150084","개금고등학교","부산광역시","부산광역시 부산진구 백양대로208번길 71","(개금동, 개금고등학교)","47169","C10","일반고","공립","20260423"
"고등학교","assigned","7150396","개성고등학교","부산광역시","부산광역시 부산진구 당감서로 137","(당감동, 개성고등학교)","47158","C10","일반고","공립","20260423"
"고등학교","assigned","7150120","건국고등학교","부산광역시","부산광역시 사하구 승학로17번길 76-8","(하단동)","49326","C10","일반고","사립","20260423"
"고등학교","assigned","7150085","경남고등학교","부산광역시","부산광역시 서구 망양로111번길 65","(동대신동3가, 경남고등학교)","49201","C10","자율고","공립","20260423"
"고등학교","assigned","7150166","경남공업고등학교","부산광역시","부산광역시 부산진구 전포대로175번길 22","(전포동,경남공업고등학교)","47297","C10","특성화고","공립","20260423"
"고등학교","assigned","7150086","경남여자고등학교","부산광역시","부산광역시 동구 수정중로 29","(수정동, 경남여자고등학교)","48777","C10","일반고","공립","20260423"
"방송통신고등학교","assigned","7150223","경남여자고등학교부설방송통신고등학교","부산광역시","부산광역시 동구 수정중로 29",", 경남여자고등학교 (수정동, 경남여자고등학교)","48777","C10","일반고","공립","20260423"
"고등학교","assigned","7150429","경성전자고등학교","부산광역시","부산광역시 서구 꽃마을로 25","(서대신동3가, 경성전자고등학교)","49209","C10","특성화고","사립","20260423"
"고등학교","assigned","7150121","경원고등학교","부산광역시","부산광역시 부산진구 백양관문로 40","(당감동, 경원고등학교)","47176","C10","일반고","사립","20260423"
"고등학교","assigned","7150423","경일고등학교","부산광역시","부산광역시 강서구 영강길 153-42","(명지동,경일고등학교)","46725","C10","일반고","사립","20260423"
"고등학교","assigned","7150122","경혜여자고등학교","부산광역시","부산광역시 북구 시랑로21번길 138","(구포동, 경혜여자고등학교)","46592","C10","일반고","사립","20260423"
"고등학교","assigned","7150623","계성여자고등학교","부산광역시","부산광역시 연제구 해맞이로109번길 47","(거제동, 계성여자고등학교)","47531","C10","특성화고","사립","20260423"
"고등학교","assigned","7150123","광명고등학교","부산광역시","부산광역시 영도구 와치로 131","(동삼동, 광명고등학교)","49094","C10","일반고","사립","20260423"
"고등학교","assigned","7150087","구덕고등학교","부산광역시","부산광역시 사상구 학감대로 81","(학장동, 구덕고등학교)","47053","C10","일반고","공립","20260423"
"고등학교","assigned","7150372","금곡고등학교","부산광역시","부산광역시 북구 화명신도시로 236","(금곡동, 금곡고등학교)","46520","C10","일반고","공립","20260423"
"고등학교","assigned","7150424","금명여자고등학교","부산광역시","부산광역시 북구 양달로 101","(화명동)","46515","C10","일반고","공립","20260423"
"고등학교","assigned","7150738","금샘고등학교","부산광역시","부산광역시 금정구 서금로 75","(서동, 금샘고등학교)","46312","C10","특성화고","사립","20260423"
"고등학교","assigned","7150124","금성고등학교","부산광역시","부산광역시 동구 증산로 83","(좌천동, 금성고등학교)","48765","C10","일반고","사립","20260423"
"고등학교","assigned","7150090","금정고등학교","부산광역시","부산광역시 동래구 명장로63번길 60-14",", 금정고등학교 (명장동)","47767","C10","일반고","공립","20260423"
"고등학교","assigned","7150091","금정여자고등학교","부산광역시","부산광역시 금정구 서부로76번길 21","(서동)","46313","C10","일반고","공립","20260423"
"고등학교","assigned","7150089","기장고등학교","부산광역시","부산광역시 기장군 기장읍 차성서로 77",", 기장고등학교 (기장읍, 기장고등학교)","46068","C10","일반고","공립","20260423"
"고등학교","assigned","7150092","낙동고등학교","부산광역시","부산광역시 북구 의성로47번길 23","(덕천동, 낙동고등학교)","46549","C10","일반고","공립","20260423"
"고등학교","assigned","7150093","남산고등학교","부산광역시","부산광역시 금정구 남산로 66","(남산동,남산고등학교)","46222","C10","일반고","공립","20260423"
"고등학교","assigned","7150125","남성여자고등학교","부산광역시","부산광역시 중구 샘길 14","(대청동1가)","48926","C10","일반고","사립","20260423"
"고등학교","assigned","7150094","내성고등학교","부산광역시","부산광역시 금정구 서동로31번길 11","(부곡동,내성고등학교)","46308","C10","일반고","공립","20260423"
"고등학교","assigned","7150095","다대고등학교","부산광역시","부산광역시 사하구 다대낙조2길 199","(다대동, 다대고등학교)","49503","C10","일반고","공립","20260423"
"고등학교","assigned","7150624","대광고등학교","부산광역시","부산광역시 사하구 동매로 135","(당리동, 대광고등학교)","49412","C10","특성화고","사립","20260423"
"고등학교","assigned","7150126","대덕여자고등학교","부산광역시","부산광역시 사상구 백양대로804번길 42-55","(덕포동, 대덕여자고등학교)","46938","C10","일반고","사립","20260423"
"고등학교","assigned","7150127","대동고등학교","부산광역시","부산광역시 사하구 을숙도대로709번길 27","(신평동,대동중고등학교)","49397","C10","일반고","사립","20260423"
"고등학교","assigned","7150128","대명여자고등학교","부산광역시","부산광역시 동래구 시실로 135","(명장동, 대명여자고등학교)","47758","C10","일반고","사립","20260423"
"고등학교","assigned","7150626","대양고등학교","부산광역시","부산광역시 남구 지게골로 128-27","(문현동, 대양고등학교)","48464","C10","특성화고","사립","20260423"
"고등학교","assigned","7150129","대연고등학교","부산광역시","부산광역시 남구 조각공원로 20","(대연동,대연고등학교)","48530","C10","일반고","사립","20260423"
"고등학교","assigned","7150597","대진전자통신고등학교","부산광역시","부산광역시 금정구 수림로 92","(장전동)","46247","C10","특성화고","사립","20260423"
"고등학교","assigned","7150096","덕문고등학교","부산광역시","부산광역시 강서구 동선길 172","(성북동)","46769","C10","일반고","공립","20260423"
"고등학교","assigned","7150130","덕문여자고등학교","부산광역시","부산광역시 수영구 연수로310번길 114","(광안동,덕문여자고등학교)","48237","C10","일반고","사립","20260423"
"고등학교","assigned","7150131","데레사여자고등학교","부산광역시","부산광역시 동구 정공단로47번길 14","(범일동, 데레사여자고등학교)","48723","C10","일반고","사립","20260423"
"고등학교","assigned","7150097","동래고등학교","부산광역시","부산광역시 동래구 충렬대로285번길 22","(칠산동,동래고등학교)","47812","C10","일반고","공립","20260423"
"방송통신고등학교","assigned","7150224","동래고등학교부설방송통신고등학교","부산광역시","부산광역시 동래구 충렬대로285번길 22","(칠산동,동래고등학교)","47812","C10","일반고","공립","20260423"
"고등학교","assigned","7150132","동래여자고등학교","부산광역시","부산광역시 금정구 체육공원로 20",", 동래여자고등학교 (부곡동)","46252","C10","일반고","사립","20260423"
"고등학교","assigned","7150170","동래원예고등학교","부산광역시","부산광역시 동래구 금강로 43","(온천동, 동래원예고등학교)","47707","C10","특성화고","공립","20260423"
"고등학교","assigned","7150620","동명공업고등학교","부산광역시","부산광역시 남구 신선로 410","(용당동, 동명공업고등학교)","48520","C10","특성화고","사립","20260423"
"고등학교","assigned","7150133","동아고등학교","부산광역시","부산광역시 사하구 괴정로244번길 63","(괴정동, 동아고등학교)","49394","C10","일반고","사립","20260423"
"고등학교","assigned","7150198","동아공업고등학교","부산광역시","부산광역시 사하구 괴정로260번길 79","(괴정동,동아공업고등학교)","49394","C10","특성화고","사립","20260423"
"고등학교","assigned","7150739","동의고등학교","부산광역시","부산광역시 부산진구 양지로 50","(전포동, 동의고등학교)","47230","C10","특성화고","사립","20260423"
"고등학교","assigned","7150134","동인고등학교","부산광역시","부산광역시 동래구 쇠미로31번길 34","(사직동, 동인고등학교)","47873","C10","일반고","사립","20260423"
"고등학교","assigned","7150431","동주여자고등학교","부산광역시","부산광역시 중구 광복중앙로 18","(광복동3가,동주여자고등학교)","48949","C10","일반고","사립","20260423"
"고등학교","assigned","7150135","동천고등학교","부산광역시","부산광역시 남구 못골번영로 105",", 동천고등학교 (대연동)","48429","C10","일반고","사립","20260423"
"고등학교","assigned","7150363","만덕고등학교","부산광역시","부산광역시 북구 함박봉로140번길 98-12",", 만덕고등학교 (만덕동)","46616","C10","일반고","공립","20260423"
"고등학교","assigned","7150451","명호고등학교","부산광역시","부산광역시 강서구 명지오션시티2로 97","(명지동,명호고등학교)","46765","C10","일반고","공립","20260423"
"고등학교","assigned","7150098","문현여자고등학교","부산광역시","부산광역시 남구 고동골로 86-41","(문현동, 문현여자고등학교)","48409","C10","일반고","공립","20260423"
"고등학교","assigned","7150383","반여고등학교","부산광역시","부산광역시 해운대구 반여로 136","(반여동, 반여고등학교)","48036","C10","일반고","공립","20260423"
"고등학교","assigned","7150136","배정고등학교","부산광역시","부산광역시 남구 장고개로85번길 14-16","(문현동,배정고등학교)","48477","C10","일반고","사립","20260423"
"고등학교","assigned","7150625","배정미래고등학교","부산광역시","부산광역시 남구 장고개로85번길 14-40",", 배정미래고등학교 (문현동, 배정미래고등학교)","48477","C10","특성화고","사립","20260423"
"고등학교","assigned","7150397","부경고등학교","부산광역시","부산광역시 서구 망양로33번길 12","(서대신동3가, 부경고등학교)","49210","C10","일반고","공립","20260423"
"고등학교","assigned","7150099","부산강서고등학교","부산광역시","부산광역시 강서구 공항로1309번길 96-7","(대저1동, 강서고등학교)","46702","C10","일반고","공립","20260423"
"고등학교","assigned","7150100","부산고등학교","부산광역시","부산광역시 동구 초량로40번길 23","(초량동, 부산고등학교)","48802","C10","자율고","공립","20260423"
"고등학교","assigned","7150171","부산공업고등학교","부산광역시","부산광역시 남구 수영로196번길 80","(대연동,부산공업고등학교)","48472","C10","특성화고","공립","20260423"
"고등학교","assigned","7150459","부산과학고등학교","부산광역시","부산광역시 금정구 금샘로 455-1","(구서동, 부산과학고등학교)","46235","C10","특목고","공립","20260423"
"고등학교","assigned","7150422","부산관광고등학교","부산광역시","부산광역시 서구 천마로 52","(남부민동)","49263","C10","특성화고","사립","20260423"
"고등학교","assigned","7150369","부산국제고등학교","부산광역시","부산광역시 부산진구 백양관문로 105-70",", 부산국제고등학교 (당감동)","47162","C10","특목고","공립","20260423"
"고등학교","assigned","1421117","부산기계공업고등학교","부산광역시","부산광역시 해운대구 해운대로 569","(우동)","48088","C10","특목고","국립","20260423"
"고등학교","assigned","7150102","부산남고등학교","부산광역시","부산광역시 강서구 명지국제10로 58","(명지동)","46773","C10","일반고","공립","20260503"
"고등학교","assigned","7150103","부산남일고등학교","부산광역시","부산광역시 수영구 망미배산로48번길 85-23","(망미동,남일고등학교)","48201","C10","일반고","공립","20260423"
"고등학교","assigned","7150137","부산대저고등학교","부산광역시","부산광역시 강서구 공항로811번가길 46","(대저2동,대저중고등학교)","46720","C10","일반고","사립","20260423"
"고등학교","assigned","7005103","부산대학교사범대학부설고등학교","부산광역시","부산광역시 금정구 기찰로22번길 30","(부곡동, 부산대학교사범대학부설고등학교)","46269","C10","일반고","국립","20260423"
"고등학교","assigned","7150138","부산동고등학교","부산광역시","부산광역시 부산진구 동성로30번길 36","(전포동, 부산동고등학교)","47310","C10","일반고","사립","20260423"
"고등학교","assigned","7150139","부산동성고등학교","부산광역시","부산광역시 부산진구 동성로 16","(전포동, 동성고등학교)","47310","C10","일반고","사립","20260423"
"고등학교","assigned","7150104","부산동여자고등학교","부산광역시","부산광역시 수영구 남천서로32번길 39","(남천동, 부산동여자고등학교)","48315","C10","일반고","공립","20260423"
"고등학교","assigned","7150345","부산디지털고등학교","부산광역시","부산광역시 중구 망양로 356","(영주동)","48918","C10","특성화고","사립","20260423"
"고등학교","assigned","7150421","부산마케팅고등학교","부산광역시","부산광역시 부산진구 봉수로 13","(전포동, 부산마케팅고등학교)","47310","C10","특성화고","사립","20260423"
"고등학교","assigned","7150456","부산문화여자고등학교","부산광역시","부산광역시 해운대구 해운대로469번길 50","(우동, 부산문화여자고등학교)","48064","C10","특성화고","사립","20260423"
"고등학교","assigned","7150420","부산백양고등학교","부산광역시","부산광역시 북구 백양대로1016번길 64","(구포동, 부산백양고등학교)","46637","C10","일반고","공립","20260423"
"고등학교","assigned","7150533","부산보건고등학교","부산광역시","부산광역시 영도구 절영로 163","(영선동4가,부산보건고등학교)","49079","C10","특성화고","사립","20260423"
"고등학교","assigned","7150105","부산서여자고등학교","부산광역시","부산광역시 서구 보수대로 202-6","(동대신동2가, 부산서여자고등학교)","49215","C10","일반고","공립","20260423"
"고등학교","assigned","7150659","부산센텀여자고등학교","부산광역시","부산광역시 해운대구 해운대로469번길 50-1","(우동, 부산센텀여자고등학교)","48064","C10","일반고","사립","20260423"
"고등학교","assigned","7150658","부산소프트웨어마이스터고등학교","부산광역시","부산광역시 강서구 가락대로 1393","(봉림동, 부산소프트웨어마이스터고등학교)","46708","C10","특목고","공립","20260423"
"고등학교","assigned","7150106","부산여자고등학교","부산광역시","부산광역시 사하구 낙동대로520번길 36",", 부산여자고등학교 (하단동)","49315","C10","일반고","공립","20260423"
"고등학교","assigned","7150426","부산영상예술고등학교","부산광역시","부산광역시 영도구 영상길 100",", 부산영상예술고등학교 (신선동3가)","49072","C10","특성화고","공립","20260423"
"고등학교","assigned","7150140","부산예술고등학교","부산광역시","부산광역시 금정구 체육공원로 20",", 부산예술고등학교 (구서동, 학교법인동래학원)","46252","C10","특목고","사립","20260423"
"고등학교","assigned","7150141","부산외국어고등학교","부산광역시","부산광역시 연제구 고분로 144",", 부산외국어고등학교 (연산동)","47583","C10","특목고","사립","20260423"
"고등학교","assigned","7150532","부산일과학고등학교","부산광역시","부산광역시 사하구 제석로 242","(당리동)","49317","C10","특목고","공립","20260423"
"고등학교","assigned","7150747","부산자동차마이스터고등학교","부산광역시","부산광역시 사하구 하신중앙로3번나길 16",", 부산자동차마이스터고등학교 (장림동, 부산자동차마이스터고등학교)","49480","C10","특목고","공립","20260423"
"고등학교","assigned","7150365","부산장안고등학교","부산광역시","부산광역시 기장군 장안읍 장안고길 8-16","(장안읍, 부산장안고등학교)","46029","C10","자율고","공립","20260423"
"고등학교","assigned","7150177","부산전자공업고등학교","부산광역시","부산광역시 동래구 금강로59번길 51","(온천동, 부산전자공업고등학교)","47707","C10","특성화고","공립","20260423"
"고등학교","assigned","7150348","부산정보고등학교","부산광역시","부산광역시 부산진구 화지로 24","(양정동, 부산정보고등학교)","47119","C10","특성화고","사립","20260423"
"고등학교","assigned","7150208","부산정보관광고등학교","부산광역시","부산광역시 금정구 동현로 37","(부곡동, 부산정보관광고등학교)","46305","C10","특성화고","사립","20260423"
"고등학교","assigned","7150107","부산중앙고등학교","부산광역시","부산광역시 남구 진남로127번길 50","(대연동, 부산중앙고등학교)","48448","C10","일반고","공립","20260423"
"고등학교","assigned","7150108","부산중앙여자고등학교","부산광역시","부산광역시 동래구 온천천로 131","(명륜동,부산중앙여자고등학교)","47735","C10","일반고","공립","20260423"
"고등학교","assigned","7150109","부산진고등학교","부산광역시","부산광역시 부산진구 성지로94번길 54","(초읍동, 부산진고등학교)","47116","C10","일반고","공립","20260423"
"고등학교","assigned","7150142","부산진여자고등학교","부산광역시","부산광역시 부산진구 양정로 48","(양정동,부산진여자고등학교)","47227","C10","일반고","사립","20260423"
"고등학교","assigned","7150178","부산진여자상업고등학교","부산광역시","부산광역시 부산진구 진남로 524","(양정동)","47228","C10","특성화고","공립","20260423"
"고등학교","assigned","7150110","부산체육고등학교","부산광역시","부산광역시 영도구 중리북로21번길 5",", 부산체육고등학교 (동삼동)","49118","C10","특목고","공립","20260423"
"고등학교","assigned","7150337","부산컴퓨터과학고등학교","부산광역시","부산광역시 동구 초량로80번길 5","(초량동, 부산 컴퓨터 과학 고등학교, 선화여중)","48805","C10","특성화고","사립","20260423"
"고등학교","assigned","7150737","부산항공고등학교","부산광역시","부산광역시 사상구 백양대로768번길 115","(덕포동, 부산항공고등학교)","46940","C10","특성화고","공립","20260423"
"고등학교","assigned","7150746","부산해군과학기술고등학교","부산광역시","부산광역시 해운대구 해운대로469번길 96","(우동, 부산해군과학기술고등학교)","48064","C10","특성화고","공립","20260423"
"고등학교","assigned","1192068","부산해사고등학교","부산광역시","부산광역시 영도구 해양로 425","(동삼동)","49111","C10","특목고","국립","20260423"
"고등학교","assigned","7150755","부일고등학교","부산광역시","부산광역시 사하구 감천로73번길 36 (감천동)","부일고등학교","49362","C10","자율고","사립","20260423"
"고등학교","assigned","7150346","부일전자디자인고등학교","부산광역시","부산광역시 사하구 감천로73번길 36","(감천동,부일외고 전자디자인고등학교)","49362","C10","특성화고","사립","20260423"
"고등학교","assigned","7150111","부흥고등학교","부산광역시","부산광역시 해운대구 좌동순환로 248","(좌동, 부흥고등학교)","48107","C10","일반고","공립","20260423"
"고등학교","assigned","7150371","분포고등학교","부산광역시","부산광역시 남구 분포로 57","(용호동, 분포고등학교)","48516","C10","일반고","공립","20260423"
"고등학교","assigned","7150144","브니엘고등학교","부산광역시","부산광역시 금정구 체육공원로 154","(구서동, 브니엘고등학교)","46251","C10","일반고","사립","20260423"
"고등학교","assigned","7150145","브니엘여자고등학교","부산광역시","부산광역시 금정구 체육공원로 154",", 브니엘여자고등학교 (구서동)","46251","C10","일반고","사립","20260423"
"고등학교","assigned","7150592","브니엘예술고등학교","부산광역시","부산광역시 금정구 체육공원로 154","(구서동, 브니엘예술고등학교)","46251","C10","특목고","사립","20260423"
"고등학교","assigned","7150425","사상고등학교","부산광역시","부산광역시 사상구 강선로 24","(덕포동)","46953","C10","일반고","공립","20260423"
"고등학교","assigned","7150112","사직고등학교","부산광역시","부산광역시 동래구 쇠미로119번길 51","(사직동, 사직고등학교)","47871","C10","일반고","공립","20260423"
"고등학교","assigned","7150146","사직여자고등학교","부산광역시","부산광역시 동래구 쇠미로27번길 21","(사직동,사직여자고등학교)","47873","C10","일반고","사립","20260423"
"고등학교","assigned","7150147","삼성여자고등학교","부산광역시","부산광역시 사하구 감천로43번길 45","(감천동, 삼성여자고등학교)","49362","C10","일반고","사립","20260423"
"고등학교","assigned","7150430","삼정고등학교","부산광역시","부산광역시 북구 시랑로118번길 53","(구포동,부산삼정고등학교)","46644","C10","일반고","사립","20260423"
"고등학교","assigned","7150148","성도고등학교","부산광역시","부산광역시 북구 시랑로132번길 87",", 성도고등학교 (구포동)","46643","C10","일반고","사립","20260423"
"고등학교","assigned","7150149","성모여자고등학교","부산광역시","부산광역시 부산진구 양지로 29-1","(양정동)","47228","C10","일반고","사립","20260423"
"고등학교","assigned","7150150","성일여자고등학교","부산광역시","부산광역시 사하구 다대로 161",", 성일여자고등학교 (신평동, 성일여자고등학교)","49393","C10","일반고","사립","20260423"
"고등학교","assigned","7150455","성지고등학교","부산광역시","부산광역시 남구 유엔로 39","(우암동, 성지고등학교)","48471","C10","일반고","사립","20260423"
"고등학교","assigned","7150660","세연고등학교","부산광역시","부산광역시 남구 진남로 82-19","(대연동)","48450","C10","특성화고","사립","20260423"
"고등학교","assigned","7150622","세정고등학교","부산광역시","부산광역시 부산진구 양정로 88-12",", 세정고등학교 (양정동)","47227","C10","특성화고","사립","20260423"
"고등학교","assigned","7150428","센텀고등학교","부산광역시","부산광역시 해운대구 해운대로 246","(재송동, 센텀고등학교)","48059","C10","일반고","공립","20260423"
"고등학교","assigned","7150114","신도고등학교","부산광역시","부산광역시 해운대구 좌동순환로 64","(좌동, 신도고등학교)","48083","C10","일반고","공립","20260423"
"고등학교","assigned","7150452","신정고등학교","부산광역시","부산광역시 기장군 정관읍 정관3로 14",", 신정고등학교","46011","C10","일반고","공립","20260423"
"고등학교","assigned","7150115","양운고등학교","부산광역시","부산광역시 해운대구 양운로 176","(좌동, 양운고등학교)","48075","C10","일반고","공립","20260423"
"고등학교","assigned","7150152","양정고등학교","부산광역시","부산광역시 부산진구 양정로 46","(양정동,양정고등학교)","47227","C10","일반고","사립","20260423"
"고등학교","assigned","7150405","연제고등학교","부산광역시","부산광역시 연제구 쌍미천로30번길 31","(연산동, 연제고등학교)","47589","C10","일반고","공립","20260423"
"고등학교","assigned","7150116","영도여자고등학교","부산광역시","부산광역시 영도구 중리북로21번길 42","(동삼동,영도여자고등학교)","49118","C10","일반고","공립","20260423"
"고등학교","assigned","7150621","영산고등학교","부산광역시","부산광역시 해운대구 반송순환로 142-1","(반송동, 영산고등학교)","48015","C10","특성화고","사립","20260423"
"고등학교","assigned","7150153","예문여자고등학교","부산광역시","부산광역시 남구 동명로92번길 76","(용호동, 예문여자고등학교)","48570","C10","일반고","사립","20260423"
"고등학교","assigned","7150154","용인고등학교","부산광역시","부산광역시 동래구 시실로107번길 37","(명장동, 용인고등학교)","47757","C10","일반고","사립","20260423"
"고등학교","assigned","7150344","이사벨고등학교","부산광역시","부산광역시 연제구 중앙대로 1197","(거제동, 이사벨고등학교)","47506","C10","일반고","사립","20260423"
"고등학교","assigned","7150341","장안제일고등학교","부산광역시","부산광역시 기장군 장안읍 좌천2길 43",", 장안제일고등학교 (장안읍, 장안중/제일고등학교)","46033","C10","일반고","사립","20260423"
"고등학교","assigned","7150580","정관고등학교","부산광역시","부산광역시 기장군 정관읍 정관로 534","(정관읍)","46016","C10","일반고","공립","20260423"
"고등학교","assigned","7150117","주례여자고등학교","부산광역시","부산광역시 사상구 가야대로366번길 146","(주례동, 주례여자고등학교)","47010","C10","자율고","공립","20260423"
"고등학교","assigned","7150157","지산고등학교","부산광역시","부산광역시 금정구 오륜대로 50","(부곡동)","46265","C10","일반고","사립","20260423"
"고등학교","assigned","7150118","충렬고등학교","부산광역시","부산광역시 동래구 명장로106번길 26","(명장동, 충렬고등학교)","47776","C10","일반고","공립","20260423"
"고등학교","assigned","7150158","학산여자고등학교","부산광역시","부산광역시 동래구 충렬사로51번길 62",", 학산여자고등학교 (명장동)","47750","C10","일반고","사립","20260423"
"고등학교","assigned","7150400","한국과학영재학교","부산광역시","부산광역시 부산진구 백양관문로 105-47","","","C10","특목고","국립","20260423"
"고등학교","assigned","7150579","한국조형예술고등학교","부산광역시","부산광역시 남구 동명로169번길 38","(용호동)","48581","C10","특목고","공립","20260423"
"고등학교","assigned","7150598","한얼고등학교","부산광역시","부산광역시 남구 고동골로69번가길 54","(문현동)","48405","C10","일반고","사립","20260423"
"고등학교","assigned","7150404","해강고등학교","부산광역시","부산광역시 해운대구 해운대해변로 33","(우동, 해강고등학교)","48089","C10","일반고","공립","20260423"
"고등학교","assigned","7150159","해동고등학교","부산광역시","부산광역시 사하구 사하로141번나길 11-15",", 해동고등학교 (괴정동)","49394","C10","일반고","사립","20260423"
"고등학교","assigned","7150756","해연여자고등학교","부산광역시","부산광역시 수영구 금련로 43","(망미동, 부산여자상업고등학교)","48239","C10","특성화고","사립","20260423"
"고등학교","assigned","7150160","해운대고등학교","부산광역시","부산광역시 해운대구 우동3로11번길 43","(우동, 해운대고등학교)","48086","C10","자율고","사립","20260423"
"고등학교","assigned","7150367","해운대관광고등학교","부산광역시","부산광역시 해운대구 우동2로60번길 38","(우동,해운대관광고등학교)","48086","C10","특성화고","사립","20260423"
"고등학교","assigned","7150161","해운대여자고등학교","부산광역시","부산광역시 해운대구 우동1로85번길 71","(우동, 해운대여자고등학교)","48085","C10","일반고","사립","20260423"
"고등학교","assigned","7150162","혜광고등학교","부산광역시","부산광역시 중구 망양로259번길 5",", 혜광고등학교 (보수동1가)","48903","C10","일반고","사립","20260423"
"고등학교","assigned","7150163","혜화여자고등학교","부산광역시","부산광역시 동래구 명장로 99",", 23 (명장동, 혜화여자고등학교)","47769","C10","일반고","사립","20260423"
"고등학교","assigned","7150364","화명고등학교","부산광역시","부산광역시 북구 화명신도시로 169","(화명동, 화명고등학교)","46524","C10","일반고","공립","20260423"
"고등학교","assigned","7010057","가락고등학교","서울특별시","서울특별시 송파구 송이로 42","(송파동,가락고등학교)","05678","B10","일반고","공립","20260423"
"고등학교","assigned","7011169","가재울고등학교","서울특별시","서울특별시 서대문구 수색로 100-35","(북가좌동)","03709","B10","일반고","공립","20260423"
"고등학교","assigned","7010117","강동고등학교","서울특별시","서울특별시 강동구 구천면로 572","(상일동)","05279","B10","일반고","사립","20260423"
"고등학교","assigned","7010118","강서고등학교","서울특별시","서울특별시 양천구 목동중앙남로 27",", 강서고등학교 (목동)","07958","B10","일반고","사립","20260423"
"고등학교","assigned","7010958","강일고등학교","서울특별시","서울특별시 강동구 아리수로98길 40","(강일동)","05213","B10","일반고","공립","20260423"
"고등학교","assigned","7010058","개포고등학교","서울특별시","서울특별시 강남구 개포로 402","(개포동, 개포고등학교)","06324","B10","일반고","공립","20260423"
"고등학교","assigned","7010119","건국대학교사범대학부속고등학교","서울특별시","서울특별시 광진구 능동로 120",", 건국대학교사범대학부속고등학교 (화양동)","05029","B10","일반고","사립","20260423"
"고등학교","assigned","7010059","경기고등학교","서울특별시","서울특별시 강남구 영동대로 643",", 경기고등학교 (삼성동)","06086","B10","일반고","공립","20260423"
"고등학교","assigned","7010271","경기기계공업고등학교","서울특별시","서울특별시 노원구 공릉로 264","(하계동)","01810","B10","특성화고","공립","20260423"
"고등학교","assigned","7010272","경기상업고등학교","서울특별시","서울특별시 종로구 자하문로 136","(청운동)","03047","B10","특성화고","공립","20260423"
"고등학교","assigned","7010060","경기여자고등학교","서울특별시","서울특별시 강남구 삼성로 29",", 경기여자고등학교 (개포동)","06324","B10","일반고","공립","20260423"
"방송통신고등학교","assigned","7010385","경기여자고등학교부설방송통신고등학교","서울특별시","서울특별시 강남구 삼성로 29","(개포동,경기여자고등학교)","06324","B10","일반고","공립","20260423"
"고등학교","assigned","7010061","경동고등학교","서울특별시","서울특별시 성북구 보문로29길 49","(삼선동3가, 경동고등학교)","02870","B10","자율고","공립","20260423"
"방송통신고등학교","assigned","7010386","경동고등학교부설방송통신고등학교","서울특별시","서울특별시 성북구 보문로29길 49","(삼선동3가, 경동고등학교)","02870","B10","일반고","공립","20260423"
"고등학교","assigned","7010120","경문고등학교","서울특별시","서울특별시 동작구 동작대로 171,","경문고등학교 (동작동)","06995","B10","일반고","사립","20260423"
"고등학교","assigned","7010062","경복고등학교","서울특별시","서울특별시 종로구 자하문로28가길 9",", 경복고등학교 (청운동,경복고등학교)","03047","B10","일반고","공립","20260423"
"방송통신고등학교","assigned","7010387","경복고등학교부설방송통신고등학교","서울특별시","서울특별시 종로구 자하문로28가길 9","(청운동)","03047","B10","일반고","공립","20260423"
"고등학교","assigned","7010835","경복비즈니스고등학교","서울특별시","서울특별시 강서구 화곡로 379","(등촌동)","07589","B10","특성화고","사립","20260423"
"고등학교","assigned","7010122","경복여자고등학교","서울특별시","서울특별시 강서구 화곡로63길 40",", 경복여자고등학교 (등촌동)","07589","B10","일반고","사립","20260423"
"고등학교","assigned","7010124","경성고등학교","서울특별시","서울특별시 마포구 성미산로 111",", 경성고등학교 (연남동)","03977","B10","일반고","사립","20260423"
"고등학교","assigned","7010125","경신고등학교","서울특별시","서울특별시 종로구 혜화로 74","(혜화동,경신중고등학교)","03067","B10","일반고","사립","20260423"
"고등학교","assigned","7010563","경인고등학교","서울특별시","서울특별시 구로구 경인로46길 31",", 경인고등학교 (고척동)","08275","B10","일반고","공립","20260423"
"고등학교","assigned","7010698","경일고등학교","서울특별시","서울특별시 성동구 성수일로 27",", 경일고등학교 (성수동1가)","04779","B10","자율고","공립","20260423"
"고등학교","assigned","7010126","경희고등학교","서울특별시","서울특별시 동대문구 경희대로 26","(회기동, 경희고등학교)","02447","B10","자율고","사립","20260423"
"고등학교","assigned","7010127","경희여자고등학교","서울특별시","서울특별시 동대문구 경희대로 26","경희여자고등학교","02447","B10","일반고","사립","20260423"
"고등학교","assigned","7011312","계성고등학교","서울특별시","서울특별시 성북구 길음로 63",", 계성고등학교 (길음동)","02720","B10","일반고","사립","20260423"
"고등학교","assigned","7010797","고려대학교사범대학부속고등학교","서울특별시","서울특별시 성북구 정릉로 161",", 고려대학교사범대학부속고등학교 (정릉동)","02708","B10","일반고","사립","20260423"
"고등학교","assigned","7011487","고명외식고등학교","서울특별시","서울특별시 성북구 북악산로 870","(돈암동)","02828","B10","특성화고","사립","20260423"
"고등학교","assigned","7010063","고척고등학교","서울특별시","서울특별시 구로구 중앙로15길 162",", 고척고등학교 (고척동, 고척고등학교)","08239","B10","자율고","공립","20260423"
"고등학교","assigned","7010064","공항고등학교","서울특별시","서울특별시 강서구 방화대로34길 43","(마곡동, 공항고등학교)","07597","B10","일반고","공립","20260423"
"고등학교","assigned","7010065","관악고등학교","서울특별시","서울특별시 영등포구 영등포로6길 26","(양평동2가)","07278","B10","일반고","공립","20260423"
"고등학교","assigned","7010066","광남고등학교","서울특별시","서울특별시 광진구 아차산로70길 17-16",", 광남고등학교 (광장동, 광남고등학교)","04973","B10","일반고","공립","20260423"
"고등학교","assigned","7010131","광문고등학교","서울특별시","서울특별시 강동구 동남로 968",", 광문고등학교 (고덕동)","05225","B10","일반고","사립","20260423"
"고등학교","assigned","7010132","광성고등학교","서울특별시","서울특별시 마포구 신수로8길 20","(신수동)","04097","B10","일반고","사립","20260423"
"고등학교","assigned","7010133","광신고등학교","서울특별시","서울특별시 관악구 광신길 141","(신림동,광신중고등학교)","08847","B10","일반고","사립","20260423"
"고등학교","assigned","7011488","광신방송예술고등학교","서울특별시","서울특별시 관악구 광신길 141","(신림동, 광신방송예술고등학교)","08847","B10","특성화고","사립","20260423"
"고등학교","assigned","7010067","광양고등학교","서울특별시","서울특별시 광진구 자양로3가길 31","(자양동)","05104","B10","자율고","공립","20260423"
"고등학교","assigned","7010134","광영고등학교","서울특별시","서울특별시 양천구 남부순환로30길 17","(신월동,광영고등학교)","07909","B10","일반고","사립","20260423"
"고등학교","assigned","7010135","광영여자고등학교","서울특별시","서울특별시 양천구 남부순환로30길 17",", 광영여자고등학교 (신월동)","07909","B10","일반고","사립","20260423"
"고등학교","assigned","7011505","광운인공지능고등학교","서울특별시","서울특별시 노원구 광운로1길 24","(월계동,광운중학교/광운인공지능고등학교)","01890","B10","특성화고","사립","20260423"
"고등학교","assigned","7010068","구로고등학교","서울특별시","서울특별시 구로구 가마산로27길 45",", 구로고등학교 (구로동)","08299","B10","일반고","공립","20260423"
"고등학교","assigned","7011111","구암고등학교","서울특별시","서울특별시 관악구 성현로 57","(봉천동,구암고등학교)","08723","B10","일반고","공립","20260423"
"고등학교","assigned","7010069","구일고등학교","서울특별시","서울특별시 구로구 구일로 90-51","(구로동)","08324","B10","일반고","공립","20260423"
"고등학교","assigned","7010827","구현고등학교","서울특별시","서울특별시 구로구 경인로53가길 17","(구로동)","08217","B10","자율고","공립","20260423"
"고등학교","assigned","1371661","국립국악고등학교","서울특별시","서울특별시 강남구 개포로22길 65","(개포동, 국악고등학교)","06311","B10","특목고","국립","20260423"
"고등학교","assigned","1371663","국립전통예술고등학교","서울특별시","서울특별시 금천구 시흥대로38길 62","(시흥동)","08650","B10","특목고","국립","20260423"
"고등학교","assigned","7010071","금옥여자고등학교","서울특별시","서울특별시 양천구 신정로 213","(신정동)","08080","B10","일반고","공립","20260423"
"고등학교","assigned","7010072","금천고등학교","서울특별시","서울특별시 금천구 시흥대로38길 26","(시흥동,금천고등학교)","08650","B10","일반고","공립","20260423"
"고등학교","assigned","7011319","금호고등학교","서울특별시","서울특별시 성동구 금호로 118","(금호동1가)","04727","B10","일반고","공립","20260423"
"고등학교","assigned","7010136","남강고등학교","서울특별시","서울특별시 관악구 난곡로34길 80","(신림동)","08854","B10","일반고","사립","20260423"
"고등학교","assigned","7010564","노원고등학교","서울특별시","서울특별시 노원구 노원로 586","(상계동)","01675","B10","일반고","공립","20260423"
"고등학교","assigned","7010589","누원고등학교","서울특별시","서울특별시 도봉구 마들로 849",", 누원고등학교 (도봉동)","01318","B10","일반고","공립","20260423"
"고등학교","assigned","7011489","단국대학교부속소프트웨어고등학교","서울특별시","서울특별시 강남구 도곡로64길 21","(대치동 1013)","06278","B10","특성화고","사립","20260423"
"고등학교","assigned","7010137","단국대학교사범대학부속고등학교","서울특별시","서울특별시 강남구 도곡로64길 21","(대치동)","06278","B10","일반고","사립","20260423"
"고등학교","assigned","7010073","당곡고등학교","서울특별시","서울특별시 관악구 봉천로21길 108",", 당곡고등학교 (봉천동)","08712","B10","자율고","공립","20260423"
"고등학교","assigned","7011507","대경생활과학고등학교","서울특별시","서울특별시 중구 매봉18길 111","(신당동)","04592","B10","특성화고","사립","20260423"
"고등학교","assigned","7010138","대광고등학교","서울특별시","서울특별시 동대문구 안암로 6",", 대광고등학교 (신설동)","02581","B10","자율고","사립","20260423"
"고등학교","assigned","7010833","대동세무고등학교","서울특별시","서울특별시 종로구 계동길 84-10","(계동)","03057","B10","특성화고","사립","20260423"
"고등학교","assigned","7010139","대성고등학교","서울특별시","서울특별시 은평구 갈현로29길 51-24",", 대성고등학교 (갈현동)","03322","B10","일반고","사립","20260423"
"고등학교","assigned","7010140","대신고등학교","서울특별시","서울특별시 종로구 사직로 9","(행촌동)","03029","B10","일반고","사립","20260423"
"고등학교","assigned","7010074","대영고등학교","서울특별시","서울특별시 영등포구 도림로86길 16","(신길동, 대영고등학교)","07397","B10","자율고","공립","20260423"
"고등학교","assigned","7010141","대원고등학교","서울특별시","서울특별시 광진구 용마산로22길 26",", 대원고등학교 (중곡동)","04939","B10","일반고","사립","20260423"
"고등학교","assigned","7010142","대원여자고등학교","서울특별시","서울특별시 광진구 용마산로22길 26","(중곡동)","04939","B10","일반고","사립","20260423"
"고등학교","assigned","7010143","대원외국어고등학교","서울특별시","서울특별시 광진구 용마산로22길 26","(중곡동)","04939","B10","특목고","사립","20260423"
"고등학교","assigned","7010144","대일고등학교","서울특별시","서울특별시 강서구 등촌로35길 90","대일고등학교","07672","B10","일반고","사립","20260423"
"고등학교","assigned","7011186","대일관광고등학교","서울특별시","서울특별시 양천구 신정이펜1로 11",", 대일관광고등학교 (신정동, 대일관광고등학교)","08051","B10","특성화고","사립","20260423"
"고등학교","assigned","7010145","대일외국어고등학교","서울특별시","서울특별시 성북구 서경로 116","(정릉동,대일외국어고등학교)","02713","B10","특목고","사립","20260423"
"고등학교","assigned","7010146","대진고등학교","서울특별시","서울특별시 노원구 공릉로62가길 47",", 대진고등학교 (하계동)","01807","B10","일반고","사립","20260423"
"고등학교","assigned","7010740","대진디자인고등학교","서울특별시","서울특별시 강남구 광평로39길 93","(수서동,대진디자인고등학교)","06352","B10","특성화고","사립","20260423"
"고등학교","assigned","7010147","대진여자고등학교","서울특별시","서울특별시 노원구 공릉로 438",", 대진여자고등학교 (중계동)","01785","B10","일반고","사립","20260423"
"고등학교","assigned","7010148","덕성여자고등학교","서울특별시","서울특별시 종로구 율곡로3길 50",", 덕성여자고등학교 (안국동)","03061","B10","일반고","사립","20260423"
"고등학교","assigned","7010808","덕수고등학교","서울특별시","서울특별시 송파구 위례북로 10","(거여동, 덕수고등학교)","05846","B10","일반고","공립","20260423"
"고등학교","assigned","7010149","덕원여자고등학교","서울특별시","서울특별시 강서구 강서로45길 91-44","(내발산동,덕원여자고등학교)","07640","B10","일반고","사립","20260423"
"고등학교","assigned","7010150","덕원예술고등학교","서울특별시","서울특별시 강서구 강서로45길 91-44",", 덕원예술고등학교 (내발산동)","07640","B10","특목고","사립","20260423"
"고등학교","assigned","7010317","덕일전자공업고등학교","서울특별시","서울특별시 구로구 서해안로21길 5-12","(오류동)","08357","B10","특성화고","사립","20260423"
"고등학교","assigned","7011318","도선고등학교","서울특별시","서울특별시 성동구 마장로 156","(하왕십리동)","04701","B10","일반고","공립","20260423"
"고등학교","assigned","7010560","독산고등학교","서울특별시","서울특별시 금천구 문성로 64",", 독산고등학교 (독산동)","08551","B10","일반고","공립","20260423"
"고등학교","assigned","7011586","동국대학교사범대학부속가람고등학교","서울특별시","서울특별시 광진구 광나루로36길 47","동국대학교사범대학부속가람고등학교","05038","B10","일반고","사립","20260423"
"고등학교","assigned","7010151","동국대학교사범대학부속고등학교","서울특별시","서울특별시 동대문구 장안벚꽃로 201","(장안동,동국대학교사범대학부속고등학교)","02520","B10","일반고","사립","20260423"
"고등학교","assigned","7010152","동덕여자고등학교","서울특별시","서울특별시 서초구 효령로2길 123-5",", 동덕여자고등학교 (방배동)","06700","B10","일반고","사립","20260423"
"고등학교","assigned","7011490","동명생활경영고등학교","서울특별시","서울특별시 은평구 통일로 793","(대조동)","03390","B10","특성화고","사립","20260423"
"고등학교","assigned","7010153","동명여자고등학교","서울특별시","서울특별시 은평구 통일로 793","(대조동,동명여자고등학교)","03390","B10","일반고","사립","20260423"
"고등학교","assigned","7010154","동북고등학교","서울특별시","서울특별시 강동구 강동대로 305","(둔촌동)","05412","B10","일반고","사립","20260423"
"고등학교","assigned","7010155","동성고등학교","서울특별시","서울특별시 종로구 대학로 156","(혜화동,동성중고교)","03083","B10","자율고","사립","20260423"
"고등학교","assigned","7010965","동양고등학교","서울특별시","서울특별시 강서구 허준로 50","(가양동,동양고등학교)","07529","B10","일반고","사립","20260423"
"고등학교","assigned","7010156","동일여자고등학교","서울특별시","서울특별시 금천구 탑골로10길 45","(시흥동, 동일여자고등학교)","08656","B10","일반고","사립","20260423"
"고등학교","assigned","7010075","동작고등학교","서울특별시","서울특별시 동작구 솔밭로 51","(사당동,동작고등학교(복합정보센타))","07031","B10","일반고","공립","20260423"
"고등학교","assigned","7010076","둔촌고등학교","서울특별시","서울특별시 강동구 명일로 140","(둔촌동,둔촌고등학교)","05367","B10","일반고","공립","20260423"
"고등학교","assigned","7010700","등촌고등학교","서울특별시","서울특별시 강서구 공항대로39길 115",", 등촌고등학교 (등촌동)","07580","B10","자율고","공립","20260423"
"고등학교","assigned","7010908","리라아트고등학교","서울특별시","서울특별시 중구 소파로2길",", 24 (예장동,리라아트고등학교)","04628","B10","특성화고","사립","20260423"
"고등학교","assigned","7010157","마포고등학교","서울특별시","서울특별시 강서구 화곡로 403","(등촌동,마포고등학교)","07576","B10","일반고","사립","20260823"
"고등학교","assigned","7010077","면목고등학교","서울특별시","서울특별시 중랑구 용마산로72길 36-14","(면목동,면목고등학교)","02193","B10","자율고","공립","20260423"
"고등학교","assigned","7010158","명덕고등학교","서울특별시","서울특별시 강서구 강서로47길 34-10","(내발산동,명덕고등학교)","07633","B10","일반고","사립","20260423"
"고등학교","assigned","7010159","명덕여자고등학교","서울특별시","서울특별시 강서구 강서로47길 34-10","(내발산동)","07633","B10","일반고","사립","20260423"
"고등학교","assigned","7010160","명덕외국어고등학교","서울특별시","서울특별시 강서구 강서로47길 34-10",", 명덕외국어고등학교 (내발산동,명덕고등학교)","07633","B10","특목고","사립","20260423"
"고등학교","assigned","7010078","명일여자고등학교","서울특별시","서울특별시 강동구 명일로 350","(명일동,명일여자고등학교)","05268","B10","일반고","공립","20260423"
"고등학교","assigned","7010163","명지고등학교","서울특별시","서울특별시 서대문구 명지2길 56",", 명지고등학교 (홍은동)","03656","B10","일반고","사립","20260423"
"고등학교","assigned","7010744","목동고등학교","서울특별시","서울특별시 양천구 목동동로2길 68",", 목동고등학교 (신정동)","08099","B10","일반고","사립","20260423"
"고등학교","assigned","7010079","무학여자고등학교","서울특별시","서울특별시 성동구 고산자로 197","무학여자고등학교","04716","B10","일반고","공립","20260423"
"고등학교","assigned","7010166","문일고등학교","서울특별시","서울특별시 금천구 시흥대로47길 45","(시흥동)","08634","B10","일반고","사립","20260423"
"고등학교","assigned","7010701","문정고등학교","서울특별시","서울특별시 송파구 송이로34길 62","(문정동,문정고등학교)","05809","B10","일반고","공립","20260423"
"고등학교","assigned","7010959","문현고등학교","서울특별시","서울특별시 송파구 충민로 115","(장지동)","05811","B10","일반고","공립","20260423"
"고등학교","assigned","7010591","미래산업과학고등학교","서울특별시","서울특별시 노원구 덕릉로82길 54","(중계동)","01717","B10","특성화고","사립","20260423"
"고등학교","assigned","7011569","미림마이스터고등학교","서울특별시","서울특별시 관악구 호암로 546","미림마이스터고등학교","08821","B10","특목고","사립","20260423"
"고등학교","assigned","7010167","미림여자고등학교","서울특별시","서울특별시 관악구 호암로 546",", 미림여자고등학교 (신림동)","08821","B10","일반고","사립","20260423"
"고등학교","assigned","7010080","반포고등학교","서울특별시","서울특별시 서초구 고무래로 71","(반포동,반포고등학교)","06598","B10","일반고","공립","20260423"
"고등학교","assigned","7010590","방산고등학교","서울특별시","서울특별시 송파구 오금로27길 18","(방이동)","05645","B10","일반고","공립","20260423"
"고등학교","assigned","7010168","배명고등학교","서울특별시","서울특별시 송파구 삼학사로 11",", 배명고등학교 (삼전동)","05598","B10","일반고","사립","20260423"
"고등학교","assigned","7010169","배문고등학교","서울특별시","서울특별시 용산구 효창원로 258","(서계동)","04305","B10","일반고","사립","20260423"
"고등학교","assigned","7010170","배재고등학교","서울특별시","서울특별시 강동구 고덕로 227","(고덕동,배재중 고등학교)","05234","B10","자율고","사립","20260423"
"고등학교","assigned","7010171","배화여자고등학교","서울특별시","서울특별시 종로구 필운대로1길 34","(필운동,배화여자고등학교)","03039","B10","일반고","사립","20260423"
"고등학교","assigned","7010172","백암고등학교","서울특별시","서울특별시 양천구 신정로13길 16",", 백암고등학교 (신정동)","08080","B10","일반고","사립","20260423"
"고등학교","assigned","7010173","보성고등학교","서울특별시","서울특별시 송파구 양재대로 1278","(방이동,보성중고등학교)","05649","B10","일반고","사립","20260423"
"고등학교","assigned","7010174","보성여자고등학교","서울특별시","서울특별시 용산구 신흥로3가길 66",", 보성여자고등학교 (용산동2가)","04338","B10","일반고","사립","20260423"
"고등학교","assigned","7010813","보인고등학교","서울특별시","서울특별시 송파구 오금로49길 18",", 보인고등학교 (오금동)","05742","B10","자율고","사립","20260423"
"고등학교","assigned","7010736","불암고등학교","서울특별시","서울특별시 노원구 중계로 155","(중계동)","01736","B10","일반고","공립","20260423"
"고등학교","assigned","7010985","삼각산고등학교","서울특별시","서울특별시 강북구 삼양로19길 40","(미아동,삼각산고등학교)","01199","B10","일반고","공립","20260423"
"고등학교","assigned","7010081","삼성고등학교","서울특별시","서울특별시 관악구 신림로 41","(신림동)","08815","B10","일반고","공립","20260423"
"고등학교","assigned","7010082","상계고등학교","서울특별시","서울특별시 노원구 노해로 432","(상계동, 상계고등학교)","01761","B10","일반고","공립","20260423"
"고등학교","assigned","7010593","상명고등학교","서울특별시","서울특별시 노원구 덕릉로 553","(중계동)","01758","B10","일반고","사립","20260423"
"고등학교","assigned","7010178","상명대학교사범대학부속여자고등학교","서울특별시","서울특별시 종로구 홍지문2길 20","(홍지동,상명대학교)","03016","B10","일반고","사립","20260423"
"고등학교","assigned","7010179","상문고등학교","서울특별시","서울특별시 서초구 명달로 45","(방배동,상문고등학교)","06707","B10","일반고","사립","20260423"
"고등학교","assigned","7010806","상암고등학교","서울특별시","서울특별시 마포구 월드컵북로 445","(상암동)","03903","B10","일반고","공립","20260423"
"고등학교","assigned","7010916","상일미디어고등학교","서울특별시","서울특별시 강동구 천호대로219길 61",", 상일미디어고등학교 (상일동)","05282","B10","특성화고","사립","20260423"
"고등학교","assigned","7010181","상일여자고등학교","서울특별시","서울특별시 강동구 천호대로219길 61",", 상일여자고등학교 (상일동)","05282","B10","일반고","사립","20260423"
"고등학교","assigned","7010182","서라벌고등학교","서울특별시","서울특별시 노원구 한글비석로5길 18",", (중계1동 313, 서라벌고등학교)","01745","B10","일반고","사립","20260423"
"고등학교","assigned","7010183","서문여자고등학교","서울특별시","서울특별시 서초구 동광로12길 84","(방배동,서문여자고등학교)","06565","B10","일반고","사립","20260423"
"고등학교","assigned","7010721","서서울생활과학고등학교","서울특별시","서울특별시 구로구 오리로 1355-10",", 서서울생활과학고등학교 (궁동)","08248","B10","특성화고","사립","20260423"
"고등학교","assigned","7010083","서울고등학교","서울특별시","서울특별시 서초구 효령로 197","(서초동,서울고등학교)","06669","B10","일반고","공립","20260423"
"고등학교","assigned","7010278","서울공업고등학교","서울특별시","서울특별시 동작구 대방동1길 46",", 서울공업고등학교 (대방동)","06955","B10","특성화고","공립","20260423"
"고등학교","assigned","7010906","서울공연예술고등학교","서울특별시","서울특별시 구로구 오리로22나길 16-26",", 서울공연예술고등학교 (궁동)","08249","B10","특목고","사립","20260423"
"고등학교","assigned","7010084","서울과학고등학교","서울특별시","서울특별시 종로구 혜화로 63","(명륜1가)","03066","B10","특목고","공립","20260423"
"고등학교","assigned","7010739","서울관광고등학교","서울특별시","서울특별시 관악구 은천로15길 25","(봉천동,서울관광고등학교)","08714","B10","특성화고","사립","20260423"
"고등학교","assigned","7010817","서울국제고등학교","서울특별시","서울특별시 종로구 성균관로13길 40",", 서울국제고 (명륜1가)","03066","B10","특목고","공립","20260423"
"고등학교","assigned","7010964","서울금융고등학교","서울특별시","서울특별시 양천구 가로공원로61길 19",", 서울금융고등학교 (신월동)","07909","B10","특성화고","공립","20260423"
"고등학교","assigned","7011109","서울대학교사범대학부설고등학교","서울특별시","서울특별시 성북구 월곡로 6","(종암동)","02796","B10","일반고","국립","20260423"
"고등학교","assigned","7011180","서울도시과학기술고등학교","서울특별시","서울특별시 성북구 종암로 196","(하월곡동,서울도시과학기술고등학교)","02736","B10","특목고","공립","20260423"
"고등학교","assigned","7011539","서울동구고등학교","서울특별시","서울특별시 성북구 성북로8길 71",", 서울동구고등학교 (성북동)","02834","B10","특성화고","사립","20260423"
"고등학교","assigned","7011494","서울동산고등학교","서울특별시","서울특별시 노원구 공릉로 257","(공릉동)","01832","B10","특성화고","사립","20260423"
"고등학교","assigned","7010741","서울디자인고등학교","서울특별시","서울특별시 마포구 백범로 139",", 서울디자인고등학교 (염리동)","04140","B10","특성화고","사립","20260423"
"고등학교","assigned","7011585","서울디지털콘텐츠고등학교","서울특별시","서울특별시 강서구 방화대로47길 9","(방화동,서울디지털콘텐츠고등학교)","07514","B10","특성화고","공립","20260423"
"고등학교","assigned","7010572","서울디지텍고등학교","서울특별시","서울특별시 용산구 회나무로12길 27","(이태원동)","04346","B10","특성화고","사립","20260423"
"고등학교","assigned","7010738","서울로봇고등학교","서울특별시","서울특별시 강남구 광평로20길 63",", 서울로봇고등학교 (일원동)","06363","B10","특목고","공립","20260423"
"고등학교","assigned","7011506","서울매그넷고등학교","서울특별시","서울특별시 금천구 탑골로10길 45","(시흥동, 서울매그넷고등학교)","08656","B10","특성화고","사립","20260423"
"고등학교","assigned","7010697","서울문영여자고등학교","서울특별시","서울특별시 관악구 관악로 85",", 서울문영여자고등학교 (봉천동)","08833","B10","일반고","사립","20260423"
"고등학교","assigned","7010888","서울문화고등학교","서울특별시","서울특별시 도봉구 마들로 598",", 서울문화고등학교 (방학동)","01338","B10","특성화고","공립","20260423"
"고등학교","assigned","7010185","서울미술고등학교","서울특별시","서울특별시 관악구 남부순환로247길 26","(봉천동,서울미술고등학교)","08802","B10","일반고","사립","20260423"
"고등학교","assigned","7011575","서울반도체고등학교","서울특별시","서울특별시 동대문구 겸재로 21",", 서울반도체고등학교 (휘경동)","02511","B10","특성화고","공립","20260423"
"고등학교","assigned","7010836","서울방송고등학교","서울특별시","서울특별시 성동구 동호로5길 131","(옥수동)","04731","B10","특성화고","공립","20260423"
"고등학교","assigned","7011584","서울백영고등학교","서울특별시","서울특별시 강서구 방화대로34길 13","(방화동)","07597","B10","특성화고","사립","20260423"
"고등학교","assigned","7010186","서울세종고등학교","서울특별시","서울특별시 강남구 광평로51길 36",", 서울세종고등학교 (수서동)","06348","B10","일반고","사립","20260423"
"고등학교","assigned","7011492","서울신정고등학교","서울특별시","서울특별시 강서구 등촌로13아길 20","(화곡동, 서울신정고등학교)","07736","B10","특성화고","사립","20260423"
"고등학교","assigned","7010960","서울아이티고등학교","서울특별시","서울특별시 노원구 섬밭로 299","(중계동,서울아이티고등학교)","01773","B10","특성화고","사립","20260423"
"고등학교","assigned","7010085","서울여자고등학교","서울특별시","서울특별시 마포구 백범로25길 34",", 서울여자고등학교 (염리동)","04140","B10","자율고","공립","20260423"
"고등학교","assigned","7010340","서울여자상업고등학교","서울특별시","서울특별시 관악구 관악로 85","(봉천동,서울여자상업고등학교)","08833","B10","특성화고","사립","20260423"
"고등학교","assigned","7010795","서울영상고등학교","서울특별시","서울특별시 양천구 목동로11길 46",", 서울영상고등학교 (신정동)","08021","B10","특성화고","사립","20260423"
"고등학교","assigned","7010187","서울예술고등학교","서울특별시","서울특별시 종로구 평창문화로 70",", 서울예술고등학교 (평창동)","03011","B10","특목고","사립","20260423"
"고등학교","assigned","7010188","서울외국어고등학교","서울특별시","서울특별시 도봉구 덕릉로66길 22","(창동, 서울외국어고등학교)","01489","B10","특목고","사립","20260423"
"고등학교","assigned","7011558","서울웹툰애니메이션고등학교","서울특별시","서울특별시 서초구 과천대로 852-23","(방배동)","06761","B10","특성화고","공립","20260423"
"고등학교","assigned","7011486","서울의료보건고등학교","서울특별시","서울특별시 중구 만리재로37길 30","(만리동1가)","04502","B10","특성화고","사립","20260423"
"고등학교","assigned","7011498","서울인공지능고등학교","서울특별시","서울특별시 송파구 양산로 21","(거여동)","05771","B10","특성화고","공립","20260423"
"고등학교","assigned","7011513","서울정화고등학교","서울특별시","서울특별시 동대문구 홍릉로15길 50","(제기동)서울정화고등학교","02480","B10","특성화고","사립","20260423"
"고등학교","assigned","7010086","서울체육고등학교","서울특별시","서울특별시 송파구 강동대로 232",", 서울체육고등학교 (방이동)","05541","B10","특목고","공립","20260423"
"고등학교","assigned","7011213","서울컨벤션고등학교","서울특별시","서울특별시 강동구 동남로 964",", 서울컨벤션고등학교 (고덕동)","05225","B10","특성화고","사립","20260423"
"고등학교","assigned","7011651","서울홍신고등학교","서울특별시","서울특별시 강서구 강서로45길 70","(내발산동, 서울홍신고등학교)","07638","B10","특성화고","사립","20260423"
"고등학교","assigned","7011491","서일문화예술고등학교","서울특별시","서울특별시 종로구 지봉로17길 49","(창신동)","03094","B10","특성화고","사립","20260423"
"고등학교","assigned","7010087","서초고등학교","서울특별시","서울특별시 서초구 반포대로27길 29","(서초동)","06656","B10","일반고","공립","20260423"
"고등학교","assigned","7010088","석관고등학교","서울특별시","서울특별시 성북구 한천로70길 30",", 석관고등학교 (석관동)","02782","B10","일반고","공립","20260423"
"고등학교","assigned","7010189","선덕고등학교","서울특별시","서울특별시 도봉구 시루봉로 53",",  선덕고등학교 (쌍문동)","01375","B10","자율고","사립","20260423"
"고등학교","assigned","7010536","선린인터넷고등학교","서울특별시","서울특별시 용산구 원효로97길 33-4","(청파동3가)","04314","B10","특성화고","공립","20260423"
"고등학교","assigned","7010984","선사고등학교","서울특별시","서울특별시 강동구 고덕로25길 17",", 선사고등학교 (암사동)","05237","B10","일반고","공립","20260423"
"고등학교","assigned","7010734","선유고등학교","서울특별시","서울특별시 영등포구 선유로 227",", 선유고등학교 (양평동4가)","07209","B10","일반고","공립","20260423"
"고등학교","assigned","7011508","선일빅데이터고등학교","서울특별시","서울특별시 은평구 갈현로29길 27",", 선일빅데이터고등학교 (갈현동)","03322","B10","특성화고","사립","20260423"
"고등학교","assigned","7010190","선일여자고등학교","서울특별시","서울특별시 은평구 갈현로29길 27","(갈현동)","03322","B10","일반고","사립","20260423"
"고등학교","assigned","7010191","선정고등학교","서울특별시","서울특별시 은평구 서오릉로20길 19",", 선정고등학교 (갈현동)","03327","B10","일반고","사립","20260423"
"고등학교","assigned","7011315","선정국제관광고등학교","서울특별시","서울특별시 은평구 서오릉로20길 19",", 선정국제관광고등학교 (갈현동)","03327","B10","특성화고","사립","20260423"
"고등학교","assigned","7010192","선화예술고등학교","서울특별시","서울특별시 광진구 천호대로 664","(능동)","04991","B10","특목고","사립","20260423"
"고등학교","assigned","7010193","성남고등학교","서울특별시","서울특별시 동작구 대방동길 74",", 성남고등학교 (대방동)","06946","B10","일반고","사립","20260423"
"고등학교","assigned","7011179","성덕고등학교","서울특별시","서울특별시 강동구 구천면로 396","(천호동)","05306","B10","일반고","사립","20260423"
"고등학교","assigned","7010089","성동고등학교","서울특별시","서울특별시 중구 퇴계로90길 17",", 성동고등학교 (신당동)","04579","B10","자율고","공립","20260423"
"고등학교","assigned","7010737","성동공업고등학교","서울특별시","서울특별시 중구 다산로 290","(흥인동)","04571","B10","특성화고","공립","20260423"
"고등학교","assigned","7010889","성동글로벌경영고등학교","서울특별시","서울특별시 중구 퇴계로 375","(신당동, 성동글로벌경영고등학교)","04566","B10","특성화고","공립","20260423"
"고등학교","assigned","7010194","성보고등학교","서울특별시","서울특별시 관악구 남부순환로156길 39","(신림동,성보고등학교)","08773","B10","일반고","사립","20260423"
"고등학교","assigned","7010886","성수고등학교","서울특별시","서울특별시 성동구 서울숲길 18",", 성수고등학교 (성수동1가)","04768","B10","일반고","공립","20260423"
"고등학교","assigned","7010195","성신여자고등학교","서울특별시","서울특별시 성북구 동소문로26가길 80","(돈암동)","02840","B10","일반고","사립","20260423"
"고등학교","assigned","7010196","성심여자고등학교","서울특별시","서울특별시 용산구 원효로19길 49",", 성심여자고등학교 (원효로4가)","04361","B10","일반고","사립","20260423"
"고등학교","assigned","7010837","성암국제무역고등학교","서울특별시","서울특별시 강북구 도봉로29길 52","(미아동, 성암국제무역고등학교)","01174","B10","특성화고","사립","20260423"
"고등학교","assigned","7011084","세그루패션디자인고등학교","서울특별시","서울특별시 도봉구 시루봉로 53",", 세그루패션디자인고등학교 (쌍문동)","01375","B10","특성화고","사립","20260423"
"고등학교","assigned","7010537","세명컴퓨터고등학교","서울특별시","서울특별시 은평구 통일로92가길 33",", 세명컴퓨터고등학교 (불광동)","03337","B10","특성화고","사립","20260423"
"고등학교","assigned","7010816","세종과학고등학교","서울특별시","서울특별시 구로구 오리로21길 79","(궁동)","08258","B10","특목고","공립","20260423"
"고등학교","assigned","7010764","세현고등학교","서울특별시","서울특별시 강서구 허준로 227",", 세현고등학교 (가양동)","07531","B10","일반고","공립","20260423"
"고등학교","assigned","7010197","세화고등학교","서울특별시","서울특별시 서초구 신반포로 56-7","(반포동)","06548","B10","자율고","사립","20260423"
"고등학교","assigned","7010198","세화여자고등학교","서울특별시","서울특별시 서초구 신반포로 56-7",", 세화여자고등학교","06548","B10","자율고","사립","20260423"
"고등학교","assigned","7011540","솔샘고등학교","서울특별시","서울특별시 강북구 인수봉로 39",", 솔샘고등학교","01190","B10","자율고","공립","20260423"
"고등학교","assigned","7010199","송곡고등학교","서울특별시","서울특별시 중랑구 양원역로 50","(망우동,송곡고등학교)","02062","B10","일반고","사립","20260423"
"고등학교","assigned","7011085","송곡관광고등학교","서울특별시","서울특별시 중랑구 양원역로 67","(망우동)","02057","B10","특성화고","사립","20260423"
"고등학교","assigned","7010200","송곡여자고등학교","서울특별시","서울특별시 중랑구 양원역로 67","(망우동)","02057","B10","일반고","사립","20260423"
"고등학교","assigned","7010090","수도여자고등학교","서울특별시","서울특별시 동작구 여의대방로10길 73",", 수도여자고등학교 (신대방동)","07062","B10","일반고","공립","20260423"
"방송통신고등학교","assigned","7010389","수도여자고등학교부설방송통신고등학교","서울특별시","서울특별시 동작구 여의대방로10길 73","(신대방동, 수도여자고등학교)","07062","B10","일반고","공립","20260423"
"고등학교","assigned","7010346","수도전기공업고등학교","서울특별시","서울특별시 강남구 개포로 410",", 수도전기공업고등학교 (개포동)","06324","B10","특목고","사립","20260423"
"고등학교","assigned","7010559","수락고등학교","서울특별시","서울특별시 노원구 동일로245길 143","(상계동,수락고등학교)","01602","B10","자율고","공립","20260423"
"고등학교","assigned","7010885","수명고등학교","서울특별시","서울특별시 강서구 수명로2길 15",", 수명고등학교 (내발산동)","07635","B10","일반고","공립","20260423"
"고등학교","assigned","7010201","숙명여자고등학교","서울특별시","서울특별시 강남구 남부순환로 2807",", 숙명여자고등학교 (도곡동)","06277","B10","일반고","사립","20260423"
"고등학교","assigned","7010202","숭문고등학교","서울특별시","서울특별시 마포구 숭문길 99","(대흥동)","04126","B10","자율고","사립","20260423"
"고등학교","assigned","7010203","숭실고등학교","서울특별시","서울특별시 은평구 은평터널로7길 6","(신사동)","03445","B10","일반고","사립","20260423"
"고등학교","assigned","7010204","숭의여자고등학교","서울특별시","서울특별시 동작구 여의대방로36길 79",", 숭의여자고등학교 (대방동)","06944","B10","일반고","사립","20260423"
"고등학교","assigned","7010205","신광여자고등학교","서울특별시","서울특별시 용산구 청파로 263",", 신광여자고등학교 (청파동3가)","04313","B10","일반고","사립","20260423"
"고등학교","assigned","7010983","신도고등학교","서울특별시","서울특별시 은평구 통일로 961","(진관동)","03312","B10","일반고","공립","20260423"
"고등학교","assigned","7010884","신도림고등학교","서울특별시","서울특별시 구로구 경인로67길 159","(신도림동,신도림고등학교)","08200","B10","일반고","공립","20260423"
"고등학교","assigned","7010092","신림고등학교","서울특별시","서울특별시 관악구 문성로 119",", 신림고등학교 (신림동)","08772","B10","일반고","공립","20260423"
"고등학교","assigned","7010093","신목고등학교","서울특별시","서울특별시 양천구 안양천로 739","(신정동,신목고등학교)","08018","B10","일반고","공립","20260423"
"고등학교","assigned","7010765","신서고등학교","서울특별시","서울특별시 양천구 은행정로 42",", 신서고등학교 (신정동)","08021","B10","일반고","공립","20260423"
"고등학교","assigned","7010206","신일고등학교","서울특별시","서울특별시 강북구 솔매로49길 20","(미아동,신일중고등학교)","01133","B10","자율고","사립","20260423"
"고등학교","assigned","7011316","신진과학기술고등학교","서울특별시","서울특별시 은평구 은평로6길 16","(응암동,학교법인신진학원)","03453","B10","특성화고","사립","20260423"
"고등학교","assigned","7010702","신현고등학교","서울특별시","서울특별시 중랑구 봉화산로 174",", 신현고등학교 (상봉동)","02075","B10","일반고","공립","20260423"
"고등학교","assigned","7010917","압구정고등학교","서울특별시","서울특별시 강남구 압구정로39길 20",", 압구정고등학교 (압구정동)","06003","B10","일반고","공립","20260423"
"고등학교","assigned","7010094","양재고등학교","서울특별시","서울특별시 서초구 남부순환로346길 9","(서초동,양재고등학교)","06750","B10","일반고","공립","20260423"
"고등학교","assigned","7010208","양정고등학교","서울특별시","서울특별시 양천구 안양천로 1039","(목동,양정고등학교)","07985","B10","자율고","사립","20260423"
"고등학교","assigned","7010209","양천고등학교","서울특별시","서울특별시 양천구 신정로14길 13","(신정동,양천고등학교)","08108","B10","일반고","사립","20260423"
"고등학교","assigned","7010095","언남고등학교","서울특별시","서울 서초구 동산로13길 35","(양재동, 언남고등학교)","06780","B10","일반고","공립","20260423"
"고등학교","assigned","7010096","여의도고등학교","서울특별시","서울특별시 영등포구 국제금융로7길 37",", 여의도고등학교 (여의도동)","07338","B10","일반고","공립","20260423"
"고등학교","assigned","7010097","여의도여자고등학교","서울특별시","서울특별시 영등포구 국제금융로7가길 13",", 여의도여자고등학교 (여의도동)","07341","B10","일반고","공립","20260423"
"고등학교","assigned","7010594","염광고등학교","서울특별시","서울특별시 노원구 월계로45가길 9","(월계동)","01874","B10","일반고","사립","20260423"
"고등학교","assigned","7011568","염광메디텍고등학교","서울특별시","서울특별시 노원구 월계로45가길 9",", 염광메디텍고등학교 (월계동)","01874","B10","특성화고","사립","20260423"
"고등학교","assigned","7010212","영동고등학교","서울특별시","서울특별시 강남구 선릉로 742","(청담동, 영동고등학교)","06065","B10","일반고","사립","20260423"
"고등학교","assigned","7010712","영동일고등학교","서울특별시","서울특별시 송파구 석촌호수로 93",", 영동일고등학교 (잠실동)","05555","B10","일반고","사립","20260423"
"고등학교","assigned","7010098","영등포고등학교","서울특별시","서울특별시 동작구 등용로8길 5-13","(대방동,영등포고등학교)","06933","B10","일반고","공립","20260423"
"방송통신고등학교","assigned","7010390","영등포고등학교부설방송통신고등학교","서울특별시","서울특별시 동작구 등용로8길 5",", 대방동 13-2 (대방동, 영등포고등학교부설방송통신고등학교)","06933","B10","일반고","공립","20260423"
"고등학교","assigned","7010356","영등포공업고등학교","서울특별시","서울특별시 강서구 허준로5길 15","(가양동)","07524","B10","특성화고","사립","20260423"
"고등학교","assigned","7010099","영등포여자고등학교","서울특별시","서울특별시 영등포구 영등포로62길 13",", 영등포여자고등학교  (신길동)184-3","07310","B10","일반고","공립","20260423"
"고등학교","assigned","7010214","영락고등학교","서울특별시","서울특별시 관악구 청룡16길 25",", 영락고등학교 (봉천동)","08831","B10","일반고","사립","20260423"
"고등학교","assigned","7011482","영락의료과학고등학교","서울특별시","서울특별시 관악구 청룡16길 25","(봉천동, 서울영락고등학교, 영락의료과학고등학교)","08831","B10","특성화고","사립","20260423"
"고등학교","assigned","7011088","영신간호비즈니스고등학교","서울특별시","서울특별시 노원구 중계로16나길 13",", 영신간호비즈니스고등학교 (중계동)","01721","B10","특성화고","사립","20260423"
"고등학교","assigned","7010100","영신고등학교","서울특별시","서울 영등포구 대방천로14길 18",", 영신고등학교 (신길동,영신고등학교)","07436","B10","일반고","공립","20260423"
"고등학교","assigned","7010215","영신여자고등학교","서울특별시","서울특별시 노원구 중계로16나길 13","(중계동,영신여자고등학교)","01721","B10","일반고","사립","20260423"
"고등학교","assigned","7010216","영일고등학교","서울특별시","서울특별시 강서구 등촌로51가길 26",", 영일고등학교 (등촌동)","07669","B10","일반고","사립","20260607"
"고등학교","assigned","7010217","영파여자고등학교","서울특별시","서울특별시 송파구 올림픽로 565",", 영파여자고등학교 (풍납동)","05529","B10","일반고","사립","20260423"
"고등학교","assigned","7010218","영훈고등학교","서울특별시","서울특별시 강북구 도봉로13가길 19","(미아동,학교법인 꿈이있는미래)","01211","B10","일반고","사립","20260423"
"고등학교","assigned","7011184","예림디자인고등학교","서울특별시","서울특별시 구로구 오리로21길 2","(궁동,예림디자인고등학교)","08248","B10","특성화고","사립","20260423"
"고등학교","assigned","7010810","예일디자인고등학교","서울특별시","서울특별시 은평구 연서로 117",", 예일디자인고등학교 (구산동)","03412","B10","특성화고","사립","20260423"
"고등학교","assigned","7010219","예일여자고등학교","서울특별시","서울특별시 은평구 연서로 117",", 예일여자고등학교 (구산동,수위실)","03412","B10","일반고","사립","20260423"
"고등학교","assigned","7010101","오금고등학교","서울특별시","서울특별시 송파구 중대로 247","(오금동)","05660","B10","일반고","공립","20260423"
"고등학교","assigned","7010544","오류고등학교","서울특별시","서울특별시 구로구 오리로21길 2","(궁동, 오류고등학교)","08248","B10","일반고","사립","20260423"
"고등학교","assigned","7010220","오산고등학교","서울특별시","서울특별시 용산구 보광로7길 17","(보광동)","04396","B10","일반고","사립","20260423"
"고등학교","assigned","7010221","용문고등학교","서울특별시","서울특별시 성북구 고려대로17가길 46","(안암동2가, 용문중고등학교)","02843","B10","일반고","사립","20260423"
"고등학교","assigned","7010103","용산고등학교","서울특별시","서울특별시 용산구 두텁바위로 60","(용산동2가,용산고등학교)","04353","B10","일반고","공립","20260423"
"고등학교","assigned","7011495","용산철도고등학교","서울특별시","서울특별시 용산구 서빙고로 24","(한강로3가, 용산철도고등학교)","04388","B10","특성화고","공립","20260423"
"고등학교","assigned","7010222","용화여자고등학교","서울특별시","서울특별시 노원구 동일로 1461",", 용화여자고등학교 (상계동,용화여자고등학교)","01687","B10","일반고","사립","20260423"
"고등학교","assigned","7010223","우신고등학교","서울특별시","서울특별시 구로구 부일로 917",", 우신고등학교 (궁동)","08258","B10","일반고","사립","20260423"
"고등학교","assigned","7010805","원묵고등학교","서울특별시","서울특별시 중랑구 숙선옹주로 82",", 원묵고등학교 (묵동)","02041","B10","자율고","공립","20260423"
"고등학교","assigned","7010735","월계고등학교","서울특별시","서울특별시 노원구 초안산로5길 66","(월계동,월계고등학교)","01874","B10","일반고","공립","20260423"
"고등학교","assigned","7010365","유한공업고등학교","서울특별시","서울특별시 구로구 경인로 8","(항동)","08360","B10","특성화고","사립","20260423"
"고등학교","assigned","7010226","은광여자고등학교","서울특별시","서울특별시 강남구 남부순환로359길 36","(도곡동)","06264","B10","일반고","사립","20260423"
"고등학교","assigned","7010882","은평고등학교","서울특별시","서울특별시 은평구 갈현로15길 47","(구산동, 은평고등학교)","03429","B10","일반고","공립","20260423"
"고등학교","assigned","7010962","은평메디텍고등학교","서울특별시","서울특별시 은평구 진관2로 57-57","(진관동,은평메디텍고등학교)","03306","B10","특성화고","사립","20260423"
"고등학교","assigned","7010227","이화여자고등학교","서울특별시","서울특별시 중구 정동길","26 (정동)","04516","B10","자율고","사립","20260423"
"고등학교","assigned","7010747","이화여자대학교병설미디어고등학교","서울특별시","서울특별시 중랑구 망우로73길 56",", 02061 (망우동)","02061","B10","특성화고","사립","20260423"
"고등학교","assigned","7010547","이화여자대학교사범대학부속이화금란고등학교","서울특별시","서울특별시 서대문구 성산로 560",", 이대부속고등학교 (대신동)","03759","B10","일반고","사립","20260423"
"고등학교","assigned","7010230","이화여자외국어고등학교","서울특별시","서울특별시 중구 통일로4길 30","(순화동)","04516","B10","특목고","사립","20260423"
"고등학교","assigned","7011493","인덕과학기술고등학교","서울특별시","서울특별시 노원구 초안산로 12",", 인덕과학기술고등학교 (월계동, 인덕대학교,인덕공업고등학교)","01878","B10","특성화고","사립","20260423"
"고등학교","assigned","7010231","인창고등학교","서울특별시","서울특별시 서대문구 경기대로 65",", 인창고등학교 (충정로2가)","03746","B10","일반고","사립","20260423"
"고등학교","assigned","7010104","인헌고등학교","서울특별시","서울특별시 관악구 인헌9길 74","(봉천동,인헌고등학교)","08796","B10","일반고","공립","20260423"
"고등학교","assigned","7010370","일신여자상업고등학교","서울특별시","서울특별시 송파구 송파대로38길 8","(송파동,일신여자상업고등학교)","05676","B10","특성화고","사립","20260423"
"고등학교","assigned","7010105","자양고등학교","서울특별시","서울특별시 광진구 뚝섬로37길 28","(자양동,자양고등학교)","05069","B10","일반고","공립","20260423"
"고등학교","assigned","7010703","자운고등학교","서울특별시","서울특별시 도봉구 노해로69길 150","(창동)","01412","B10","일반고","공립","20260423"
"고등학교","assigned","7010106","잠신고등학교","서울특별시","서울특별시 송파구 잠실로 24",", 잠신고등학교 (잠실동)","05502","B10","일반고","공립","20260423"
"고등학교","assigned","7010107","잠실고등학교","서울특별시","서울특별시 송파구 올림픽로33길 71",", 잠실고등학교 (신천동)","05507","B10","일반고","공립","20260423"
"고등학교","assigned","7010232","잠실여자고등학교","서울특별시","서울특별시 송파구 송파대로38길 8","(송파동) 잠실여자고등학교","05676","B10","일반고","사립","20260423"
"고등학교","assigned","7011112","잠일고등학교","서울특별시","서울특별시 송파구 백제고분로 21","(잠실동)","05501","B10","일반고","공립","20260423"
"고등학교","assigned","7010233","장충고등학교","서울특별시","서울특별시 중구 동호로15길 93","(신당동)","04603","B10","일반고","사립","20260423"
"고등학교","assigned","7010234","장훈고등학교","서울특별시","서울특별시 영등포구 영등포로64길 26",", 장훈고등학교 (신길동)","07316","B10","자율고","사립","20260423"
"고등학교","assigned","7010235","재현고등학교","서울특별시","서울특별시 노원구 덕릉로82길 64",", 재현고등학교 (중계동)","01717","B10","일반고","사립","20260423"
"고등학교","assigned","7010236","정신여자고등학교","서울특별시","서울특별시 송파구 올림픽로4길 16",", 정신여자고등학교 (잠실동)","05571","B10","일반고","사립","20260423"
"고등학교","assigned","7010237","정의여자고등학교","서울특별시","서울특별시 도봉구 노해로49길 69","(쌍문동,정의여자고등학교)","01438","B10","일반고","사립","20260423"
"고등학교","assigned","7010108","중경고등학교","서울특별시","서울특별시 용산구 이촌로84길 34","(이촌동)","04426","B10","자율고","공립","20260423"
"고등학교","assigned","7010238","중동고등학교","서울특별시","서울특별시 강남구 일원로 7","(일원동)","06338","B10","자율고","사립","20260423"
"고등학교","assigned","7010239","중산고등학교","서울특별시","서울특별시 강남구 일원로14길 22","(일원동, 중산고등학교)","06350","B10","일반고","사립","20260423"
"고등학교","assigned","7010240","중앙고등학교","서울특별시","서울특별시 종로구 창덕궁길 164","(계동)","03051","B10","자율고","사립","20260423"
"고등학교","assigned","7010241","중앙대학교사범대학부속고등학교","서울특별시","서울특별시 강남구 선릉로 207",", 중앙대학교사범대학부속고등학교 (도곡동)","06277","B10","일반고","사립","20260423"
"고등학교","assigned","7010243","중앙여자고등학교","서울특별시","서울특별시 서대문구 북아현로11가길 7","(북아현동)","03762","B10","일반고","사립","20260423"
"고등학교","assigned","7010109","중화고등학교","서울특별시","서울특별시 중랑구 봉화산로27길 62","(중화동, 중화고등학교)","02047","B10","일반고","공립","20260423"
"고등학교","assigned","7010883","진관고등학교","서울특별시","서울특별시 은평구 진관4로 26","(진관동)","03302","B10","일반고","공립","20260423"
"고등학교","assigned","7010244","진명여자고등학교","서울특별시","서울특별시 양천구 목동로 170",", 진명여자고등학교 (목동)","08002","B10","일반고","사립","20260423"
"고등학교","assigned","7010245","진선여자고등학교","서울특별시","서울특별시 강남구 선릉로85길 27","(진선여자고등학교,역삼동)","06213","B10","일반고","사립","20260423"
"고등학교","assigned","7010110","창덕여자고등학교","서울특별시","서울특별시 송파구 양재대로 1240","창덕여자고등학교 (방이동)","05649","B10","일반고","공립","20260423"
"고등학교","assigned","7010562","창동고등학교","서울특별시","서울특별시 도봉구 노해로62길 7","(창동, 창동고등학교)","01483","B10","일반고","공립","20260423"
"고등학교","assigned","7010246","창문여자고등학교","서울특별시","서울특별시 강북구 월계로 61",", 창문여자고등학교 (미아동)","01237","B10","일반고","사립","20260423"
"고등학교","assigned","7010112","청담고등학교","서울특별시","서울특별시 서초구 신반포로23길 66","청담고등학교","06510","B10","일반고","공립","20260423"
"고등학교","assigned","7010113","청량고등학교","서울특별시","서울특별시 동대문구 왕산로 303","(청량리동, 청량고등학교)","02461","B10","자율고","공립","20260423"
"고등학교","assigned","7010247","청원고등학교","서울특별시","서울특별시 노원구 한글비석로 506",", 청원고등학교 (상계동)","01672","B10","일반고","사립","20260423"
"고등학교","assigned","7010552","청원여자고등학교","서울특별시","서울특별시 노원구 한글비석로 506",", 청원여자고등학교 (상계동,청원초/중/고등학교)","01672","B10","일반고","사립","20260423"
"고등학교","assigned","7010248","충암고등학교","서울특별시","서울특별시 은평구 가좌로5길 5","(응암동)","03481","B10","일반고","사립","20260423"
"고등학교","assigned","7010114","태릉고등학교","서울특별시","서울특별시 중랑구 신내로23길 36",", 태릉고등학교 (묵동)","02021","B10","일반고","공립","20260423"
"고등학교","assigned","7011457","풍문고등학교","서울특별시","서울특별시 강남구 자곡로 152","(자곡동)","06373","B10","일반고","사립","20260423"
"고등학교","assigned","7010918","하나고등학교","서울특별시","서울특별시 은평구 연서로 535",", 하나고등학교 (진관동)","03305","B10","자율고","사립","20260423"
"고등학교","assigned","7010250","한가람고등학교","서울특별시","서울특별시 양천구 목동서로 15","(목동)","07984","B10","자율고","사립","20260423"
"고등학교","assigned","7010828","한강미디어고등학교","서울특별시","서울특별시 영등포구 선유로55길 22","(양평동4가,한강미디어고등학교)","07206","B10","특성화고","공립","20260423"
"고등학교","assigned","7010251","한광고등학교","서울특별시","서울특별시 강서구 등촌로13길 110","(화곡동)","07732","B10","일반고","사립","20260423"
"고등학교","assigned","7010252","한국삼육고등학교","서울특별시","서울특별시 노원구 화랑로 815","(공릉동)","01795","B10","일반고","사립","20260423"
"고등학교","assigned","7010253","한서고등학교","서울특별시","서울특별시 강서구 양천로11길 47","(방화동)","07507","B10","일반고","사립","20260423"
"고등학교","assigned","7010254","한성고등학교","서울특별시","서울특별시 서대문구 북아현로1길 24","(북아현동)","03771","B10","일반고","사립","20260423"
"고등학교","assigned","7010115","한성과학고등학교","서울특별시","서울특별시 서대문구 통일로 279-79",", 한성과학고등학교 (현저동)","03732","B10","특목고","공립","20260423"
"고등학교","assigned","7010255","한성여자고등학교","서울특별시","서울특별시 성북구 삼선교로16길 117",", 한성여자고등학교 (삼선동2가)","02876","B10","일반고","사립","20260423"
"고등학교","assigned","7010911","한세사이버보안고등학교","서울특별시","서울특별시 마포구 마포대로11길 44-80","(아현동)","04129","B10","특성화고","사립","20260423"
"고등학교","assigned","7011650","한양과학기술고등학교","서울특별시","서울특별시 중구 을지로 299","(신당동)","04566","B10","특성화고","사립","20260423"
"고등학교","assigned","7010793","한양대학교사범대학부속고등학교","서울특별시","서울특별시 성동구 마조로 42","(사근동)","04761","B10","자율고","사립","20260423"
"고등학교","assigned","7010258","한영고등학교","서울특별시","서울특별시 강동구 동남로 832","(상일동, 한영고등학교)","05279","B10","일반고","사립","20260423"
"고등학교","assigned","7010259","한영외국어고등학교","서울특별시","서울특별시 강동구 동남로 832","(상일동)","05279","B10","특목고","사립","20260423"
"고등학교","assigned","7010811","해성국제컨벤션고등학교","서울특별시","서울특별시 동대문구 전농로20길 31",", 해성국제컨벤션고등학교 (전농동)","02505","B10","특성화고","사립","20260423"
"고등학교","assigned","7010818","해성여자고등학교","서울특별시","서울특별시 동대문구 전농로20길 31","(전농동,해성여자고등학교)","02505","B10","일반고","사립","20260423"
"고등학교","assigned","7010260","현대고등학교","서울특별시","서울특별시 강남구 압구정로 127","(압구정동, 현대고등학교)","06000","B10","자율고","사립","20260423"
"고등학교","assigned","7010261","혜성여자고등학교","서울특별시","서울특별시 노원구 노원로16길 2","(하계동)","01749","B10","일반고","사립","20260423"
"고등학교","assigned","7010262","혜원여자고등학교","서울특별시","서울특별시 중랑구 봉우재로58길 39","(망우동)","02174","B10","일반고","사립","20260423"
"고등학교","assigned","7010116","혜화여자고등학교","서울특별시","서울특별시 강북구 인수봉로 127","(수유동,혜화여자고등학교)","01095","B10","일반고","공립","20260423"
"고등학교","assigned","7010263","홍익대학교사범대학부속고등학교","서울특별시","서울특별시 성북구 성북로14가길 23","(성북동,홍익대학교부속중고등학교)","02835","B10","일반고","사립","20260423"
"고등학교","assigned","7010264","홍익대학교사범대학부속여자고등학교","서울특별시","서울특별시 마포구 성미산로 51","(성산동, 여자고등학교)","03967","B10","일반고","사립","20260423"
"고등학교","assigned","7011087","홍익디자인고등학교","서울특별시","서울특별시 마포구 성미산로 111","(연남동)","03977","B10","특성화고","사립","20260423"
"고등학교","assigned","7010265","화곡고등학교","서울특별시","서울특별시 강서구 강서로45길 69",", 화곡고등학교 (내발산동)","07640","B10","일반고","사립","20260423"
"고등학교","assigned","7010266","환일고등학교","서울특별시","서울특별시 중구 환일길 47","(만리동2가)","04500","B10","일반고","사립","20260423"
"고등학교","assigned","7010766","효문고등학교","서울특별시","서울특별시 도봉구 우이천로 432","(쌍문동,효문중 고등학교)","01372","B10","일반고","공립","20260423"
"고등학교","assigned","7010267","휘경여자고등학교","서울특별시","서울특별시 동대문구 한천로 247","(휘경동,휘경여자고등학교)","02503","B10","일반고","사립","20260423"
"고등학교","assigned","7010268","휘문고등학교","서울특별시","서울특별시 강남구 역삼로 541","(대치동)","06183","B10","자율고","사립","20260423"
"고등학교","assigned","7011113","휘봉고등학교","서울특별시","서울특별시 동대문구 한천로 290","(휘경동)","02511","B10","일반고","공립","20260423"
"고등학교","assigned","7011649","흑석고등학교","서울특별시","서울특별시 동작구 흑석한강로 36","(흑석동)","06985","B10","일반고","공립","20260423"
"고등학교","assigned","9300178","고운고등학교","세종특별자치시","세종특별자치시  마음안로 93","(고운동, 고운고등학교)","30063","I10","일반고","공립","20260423"
"고등학교","assigned","9300235","다정고등학교","세종특별자치시","세종특별자치시  다정남로 15",", (다정동, 다정고등학교)","30124","I10","일반고","공립","20260423"
"고등학교","assigned","9300107","도담고등학교","세종특별자치시","세종특별자치시  보듬4로 41","(도담동, 도담고등학교)","30098","I10","일반고","공립","20260423"
"고등학교","assigned","9300177","두루고등학교","세종특별자치시","세종특별자치시  마음안1로 53","(고운동)","30062","I10","일반고","공립","20260423"
"고등학교","assigned","9300265","반곡고등학교","세종특별자치시","세종특별자치시  시청대로 566","(반곡동, 반곡고등학교)","30145","I10","일반고","공립","20260423"
"고등학교","assigned","9300191","보람고등학교","세종특별자치시","세종특별자치시  한누리대로 2176","(보람동)","30151","I10","일반고","공립","20260423"
"고등학교","assigned","9300219","새롬고등학교","세종특별자치시","세종특별자치시  새롬서로 68","(새롬동)","30126","I10","일반고","공립","20260423"
"고등학교","assigned","9300054","세종고등학교","세종특별자치시","세종특별자치시  조치원읍 조치원중고길 10",", 세종고등학교 (조치원읍)","30017","I10","일반고","공립","20260423"
"고등학교","assigned","9300181","세종과학예술영재학교","세종특별자치시","세종특별자치시  달빛1로 265","(아름동)","30099","I10","특목고","공립","20260423"
"고등학교","assigned","9300108","세종국제고등학교","세종특별자치시","세종특별자치시  달빛1로 251","(아름동)","30099","I10","특목고","공립","20260423"
"고등학교","assigned","9300278","세종대성고등학교","세종특별자치시","세종특별자치시  다솜로 22","(어진동, 세종대성고등학교)","30123","I10","일반고","사립","20260423"
"고등학교","assigned","9300329","세종미래고등학교","세종특별자치시","세종특별자치시  부강면 문곡달미길  6","(부강면)","30073","I10","특성화고","공립","20260423"
"고등학교","assigned","9300185","세종여자고등학교","세종특별자치시","세종특별자치시  조치원읍 봉산로 16",", 세종여자고등학교 (조치원읍, 세종여자고등학교)","30019","I10","일반고","공립","20260423"
"고등학교","assigned","9300233","세종예술고등학교","세종특별자치시","세종특별자치시  중앙공원서로 60","(세종동, 세종예술고등학교)","30106","I10","특목고","공립","20260423"
"고등학교","assigned","9300266","세종장영실고등학교","세종특별자치시","세종특별자치시  금남면 금남구즉로 196","(금남면)","30079","I10","특성화고","공립","20260423"
"고등학교","assigned","9300357","세종캠퍼스고등학교","세종특별자치시","세종특별자치시 산울3로 140","(산울동)","30091","I10","자율고","공립","20260423"
"고등학교","assigned","9300220","소담고등학교","세종특별자치시","세종특별자치시  남세종로 326","(소담동, 소담고등학교)","30150","I10","일반고","공립","20260423"
"고등학교","assigned","9300117","아름고등학교","세종특별자치시","세종특별자치시 달빛1로 151","(아름동, 아름고등학교)","30100","I10","일반고","공립","20260423"
"고등학교","assigned","9300179","양지고등학교","세종특별자치시","세종특별자치시  갈매로 518","(도담동)","30097","I10","일반고","공립","20260423"
"고등학교","assigned","9300180","종촌고등학교","세종특별자치시","세종특별자치시  달빛1로 60","(종촌동)","30064","I10","일반고","공립","20260423"
"고등학교","assigned","9300058","한솔고등학교","세종특별자치시","세종특별자치시  누리로 34",", 한솔고등학교 (한솔동)","30130","I10","자율고","공립","20260423"
"고등학교","assigned","9300270","해밀고등학교","세종특별자치시","세종특별자치시 해밀2로 36","(해밀동)","30095","I10","일반고","공립","20260423"
"고등학교","assigned","7480237","강동고등학교","울산광역시","울산광역시 북구 화암4길 8","(산하동, 강동고등학교)","44264","H10","일반고","공립","20260423"
"고등학교","assigned","7480124","남목고등학교","울산광역시","울산광역시 동구 방어진순환도로 1200","(서부동,남목고등학교)","44010","H10","일반고","공립","20260423"
"고등학교","assigned","7480023","남창고등학교","울산광역시","울산광역시 울주군 온양읍 태화7길 43-16",", 남창고등학교 (온양읍)","44973","H10","일반고","공립","20260423"
"고등학교","assigned","7480126","다운고등학교","울산광역시","울산광역시 중구 다운로 180","(다운동, 다운고등학교)","44403","H10","일반고","공립","20260423"
"고등학교","assigned","7480135","달천고등학교","울산광역시","울산광역시 북구 달천철장길 23","(달천동, 달천고등학교)","44205","H10","일반고","공립","20260423"
"고등학교","assigned","7480069","대송고등학교","울산광역시","울산광역시 동구 봉수로 210","(화정동, 대송고등학교)","44054","H10","일반고","공립","20260423"
"고등학교","assigned","7480093","대현고등학교","울산광역시","울산광역시 남구 수암로 164",", 대현고등학교 (야음동, 야음교육단지)","44751","H10","일반고","공립","20260423"
"고등학교","assigned","7480199","매곡고등학교","울산광역시","울산광역시 북구 매산로 45",", 매곡고등학교 (매곡동)","44223","H10","일반고","공립","20260423"
"고등학교","assigned","7480107","무거고등학교","울산광역시","울산광역시 남구 대학로1번길 17-28","(무거동, 무거고등학교)","44619","H10","일반고","공립","20260423"
"고등학교","assigned","7480070","무룡고등학교","울산광역시","울산광역시 북구 사청1길 30","(연암동, 무룡고등학교)","44248","H10","일반고","공립","20260423"
"고등학교","assigned","7480088","문수고등학교","울산광역시","울산광역시 남구 울밀로 2905","(무거동, 문수고등학교)","44620","H10","일반고","공립","20260423"
"고등학교","assigned","7480108","문현고등학교","울산광역시","울산광역시 동구 화잠7길 25","(방어동, 문현고등학교)","44105","H10","일반고","공립","20260423"
"고등학교","assigned","7480024","방어진고등학교","울산광역시","울산광역시 동구 학문로 50","(화정동, 방어진고등학교)","44054","H10","일반고","공립","20260423"
"고등학교","assigned","7480125","범서고등학교","울산광역시","울산광역시 울주군 범서읍 대리로 69","(범서읍, 범서고등학교)","44920","H10","일반고","공립","20260423"
"고등학교","assigned","7480096","삼산고등학교","울산광역시","울산광역시 남구 돋질로339번길 13","(삼산동, 삼산고등학교)","44709","H10","일반고","공립","20260423"
"고등학교","assigned","7480033","성광여자고등학교","울산광역시","울산광역시 남구 남부순환도로 97","(옥동)","44642","H10","일반고","사립","20260423"
"고등학교","assigned","7480034","성신고등학교","울산광역시","울산광역시 중구 성신고교길 26","(복산동, 성신고등학교)","44470","H10","일반고","사립","20260423"
"고등학교","assigned","7480095","신선여자고등학교","울산광역시","울산광역시 남구 수암로178번길 14","(야음동, 야음교육단지)","44751","H10","일반고","공립","20260423"
"고등학교","assigned","7480072","신정고등학교","울산광역시","울산광역시 남구 문수로 458","(신정동, 신정고등학교)","44666","H10","일반고","공립","20260423"
"고등학교","assigned","7480189","약사고등학교","울산광역시","울산광역시 중구 종가로 560","(약사동)","44431","H10","일반고","공립","20260423"
"고등학교","assigned","7480188","언양고등학교","울산광역시","울산광역시 울주군 언양읍 언양로 53","(언양읍)","44940","H10","일반고","공립","20260423"
"고등학교","assigned","7480205","온산고등학교","울산광역시","울산광역시 울주군 온산읍 명봉거남로 76","(온산읍, 온산고등학교)","44991","H10","일반고","공립","20260423"
"고등학교","assigned","7480074","우신고등학교","울산광역시","울산광역시 남구 대학로1번길 29","(무거동, 우신고등학교)","44619","H10","일반고","사립","20260423"
"고등학교","assigned","7480254","울산가온고등학교","울산광역시","울산광역시 중구 내황2길 33","(반구동,울산가온고등학교)","44504","H10","일반고","공립","20260423"
"고등학교","assigned","7480142","울산강남고등학교","울산광역시","울산광역시 남구 팔등로 115",", 22 (신정동)","44681","H10","일반고","공립","20260423"
"고등학교","assigned","7480075","울산경의고등학교","울산광역시","울산광역시 울주군 상북면 상북로 248","(상북면)","44902","H10","일반고","사립","20260423"
"고등학교","assigned","7480035","울산고등학교","울산광역시","울산광역시 중구 도화골15길 15","(복산동, 울산고등학교)","44478","H10","일반고","사립","20260423"
"고등학교","assigned","7480044","울산공업고등학교","울산광역시","울산광역시 남구 중앙로204번길 49",", 울산공업고등학교 (신정동)","44689","H10","특성화고","공립","20260423"
"고등학교","assigned","7480110","울산과학고등학교","울산광역시","울산광역시 울주군 상북면 도동신리로",", 117 (상북면)","44902","H10","특목고","공립","20260423"
"고등학교","assigned","7480208","울산기술공업고등학교","울산광역시","울산광역시 울주군 온산읍 덕망로 54",", 울산기술공업고등학교 (온산읍)","45002","H10","특성화고","사립","20260423"
"고등학교","assigned","7480172","울산동천고등학교","울산광역시","울산광역시 북구 고래로 54","(천곡동, 동천고등학교)","44203","H10","일반고","공립","20260423"
"고등학교","assigned","7480143","울산마이스터고등학교","울산광역시","울산광역시 북구 율동6길 7","(효문동,울산마이스터고등학교)","44246","H10","특목고","공립","20260423"
"고등학교","assigned","7480173","울산미용예술고등학교","울산광역시","울산광역시 울주군 웅촌면 학교길 26","(웅촌면, 울산미용예술고등학교)","44965","H10","특성화고","공립","20260423"
"고등학교","assigned","7480190","울산산업고등학교","울산광역시","울산광역시 울주군 삼남읍 반구대로 675","울산산업고등학교","44951","H10","특성화고","공립","20260423"
"고등학교","assigned","7480252","울산삼일고등학교","울산광역시","울산광역시 남구 두왕로190번길 59","(선암동, 울산삼일고등학교)","44773","H10","일반고","사립","20260423"
"고등학교","assigned","7480198","울산상업고등학교","울산광역시","울산광역시 울주군 범서읍 장검길 11",", 울산상업고등학교 (범서읍)","44933","H10","특성화고","공립","20260423"
"고등학교","assigned","7480047","울산생활과학고등학교","울산광역시","울산광역시 동구 학문로 70","(화정동, 울산생활과학고등학교)","44054","H10","특성화고","공립","20260423"
"고등학교","assigned","7480191","울산스포츠과학고등학교","울산광역시","울산광역시 북구 산음3길 16",", 울산스포츠과학고등학교 (산하동)","44233","H10","특목고","공립","20260423"
"고등학교","assigned","7480087","울산애니원고등학교","울산광역시","울산광역시 중구 성안11길 21","(성안동, 울산애니원고등학교)","44417","H10","특성화고","공립","20260423"
"고등학교","assigned","7480183","울산에너지고등학교","울산광역시","울산광역시 북구 화동2길 28",", 울산에너지고등학교 (화봉동, 울산에너지고등학교)","44240","H10","특목고","공립","20260423"
"고등학교","assigned","7480026","울산여자고등학교","울산광역시","울산광역시 남구 삼산로9번길 16",", 울산여자고등학교 (신정동)","44677","H10","일반고","공립","20260423"
"고등학교","assigned","7480048","울산여자상업고등학교","울산광역시","울산광역시 남구 두왕로 304","(신정동, 울산여자상업고등학교)","44742","H10","특성화고","공립","20260423"
"고등학교","assigned","7480036","울산예술고등학교","울산광역시","울산광역시 울주군 웅촌면 웅촌로 621-6","(웅촌면, 울산예술고등학교)","44962","H10","일반고","사립","20260423"
"고등학교","assigned","7480141","울산외국어고등학교","울산광역시","울산광역시 북구 중산동로 32-46",", 울산외국어고등학교 (중산동, 울산외국어고등학교)","44214","H10","특목고","공립","20260423"
"고등학교","assigned","7480037","울산제일고등학교","울산광역시","울산광역시 남구 남부순환도로 107","(옥동, 울산제일고등학교)","44642","H10","일반고","사립","20260809"
"고등학교","assigned","7480027","울산중앙고등학교","울산광역시","울산광역시 중구 난곡로 33","(태화동, 중앙고등학교)","44434","H10","일반고","공립","20260423"
"고등학교","assigned","7480209","천상고등학교","울산광역시","울산광역시 울주군 범서읍 당앞로 96","천상고등학교 (범서읍)","44929","H10","일반고","공립","20260423"
"고등학교","assigned","7480029","학성고등학교","울산광역시","울산광역시 남구 문수로 436","(신정동,학성고등학교)","44666","H10","일반고","공립","20260423"
"방송통신고등학교","assigned","7480248","학성고등학교부설방송통신고등학교","울산광역시","울산광역시 남구 문수로 436","(신정동, 학성고등학교)","44666","H10","일반고","공립","20260423"
"고등학교","assigned","7480030","학성여자고등학교","울산광역시","울산광역시 중구 화합로 466","(약사동, 학성여자고등학교)","44479","H10","일반고","공립","20260423"
"고등학교","assigned","7480094","함월고등학교","울산광역시","울산광역시 중구 종가3길 25","(유곡동, 함월고등학교)","44539","H10","일반고","공립","20260423"
"고등학교","assigned","7480039","현대고등학교","울산광역시","울산광역시 동구 봉수로 455","(서부동, 현대고등학교)","44018","H10","일반고","사립","20260423"
"고등학교","assigned","7480186","현대공업고등학교","울산광역시","울산광역시 동구 미포로 122","현대공업고등학교","44032","H10","특목고","사립","20260423"
"고등학교","assigned","7480085","현대청운고등학교","울산광역시","울산광역시 동구 방어진순환도로 1077","(서부동)","44017","H10","자율고","사립","20260423"
"고등학교","assigned","7480109","호계고등학교","울산광역시","울산광역시 북구 동대11길 31","(호계동, 호계고등학교)","44227","H10","일반고","공립","20260423"
"고등학교","assigned","7480171","화봉고등학교","울산광역시","울산광역시 북구 화동로 47","(화봉동, 화봉고등학교)","44237","H10","일반고","공립","20260423"
"고등학교","assigned","7480083","화암고등학교","울산광역시","울산광역시 동구 화암7길 55","(방어동, 화암고등학교)","44115","H10","일반고","공립","20260423"
"고등학교","assigned","7480073","효정고등학교","울산광역시","울산광역시 북구 율동2길 41","(효문동,효정고등학교)","44252","H10","일반고","공립","20260423"
"고등학교","assigned","7310207","가림고등학교","인천광역시","인천광역시 서해구 원적로 58","(가좌동)","22815","E10","일반고","공립","20260423"
"고등학교","assigned","7310035","가정고등학교","인천광역시","인천광역시 서해구 서달로 162","(석남동)","22799","E10","일반고","공립","20260423"
"고등학교","assigned","7310217","가좌고등학교","인천광역시","인천광역시 서해구 장고개로287번길 24","(가좌동)","22820","E10","일반고","공립","20260423"
"고등학교","assigned","7310346","강남영상미디어고등학교","인천광역시","인천광역시 강화군 길상면 강화남로 57","(길상면)","23050","E10","특성화고","공립","20260423"
"고등학교","assigned","7310036","강화고등학교","인천광역시","인천광역시 강화군 강화읍 고비고개로 20","(강화읍)","23028","E10","자율고","공립","20260423"
"고등학교","assigned","7310201","강화여자고등학교","인천광역시","인천광역시 강화군 강화읍 송악길 58","(강화읍)","23029","E10","일반고","공립","20260423"
"고등학교","unassigned","","검단3고등학교(설립예정)","인천광역시","인천광역시 검단구 고산후로310번길 16","(불로동)","22889","E10","일반고","공립","20260423"
"고등학교","assigned","7310203","검단고등학교","인천광역시","인천광역시 검단구 검단로540번길 7","(마전동)","22633","E10","일반고","공립","20260423"
"고등학교","assigned","7310037","계산고등학교","인천광역시","인천광역시 계양구 주부토로 588","(계산동,계산고등학교)","21030","E10","일반고","공립","20260423"
"고등학교","assigned","7310090","계산공업고등학교","인천광역시","인천광역시 계양구 도두리로 47","(계산동)","21070","E10","특성화고","공립","20260423"
"고등학교","assigned","7310038","계산여자고등학교","인천광역시","인천광역시 계양구 계산새로 131","(용종동)","21063","E10","일반고","공립","20260423"
"고등학교","assigned","7310039","계양고등학교","인천광역시","인천 계양구 계양문화로 177","계양고등학교","21062","E10","일반고","공립","20260423"
"고등학교","assigned","7310067","광성고등학교","인천광역시","인천광역시 제물포구 참외전로244번길 47","(도원동)","22327","E10","일반고","사립","20260423"
"고등학교","assigned","7310189","교동고등학교","인천광역시","인천광역시 강화군 교동면 교동남로 77","(교동면, 교동중고등학교)","23002","E10","일반고","공립","20260423"
"고등학교","assigned","7310069","대인고등학교","인천광역시","인천광역시 서해구 서곶로 446","(공촌동)","22706","E10","일반고","사립","20260423"
"고등학교","assigned","7310041","대청고등학교","인천광역시","인천광역시 옹진군 대청면 대청로244번길 116-45","(대청면, 대청중고등학교)","23105","E10","일반고","공립","20260423"
"고등학교","assigned","7310070","덕신고등학교","인천광역시","인천광역시 강화군 강화읍 고비고개로 45","(강화읍)","23028","E10","일반고","사립","20260423"
"고등학교","assigned","7310042","덕적고등학교","인천광역시","인천광역시 옹진군 덕적면 덕적남로 15","(덕적면)","23130","E10","일반고","공립","20260423"
"고등학교","assigned","7310220","도림고등학교","인천광역시","인천광역시 남동구 서창남로 8","(서창동)","21618","E10","일반고","공립","20260423"
"고등학교","assigned","7310071","동산고등학교","인천광역시","인천광역시 제물포구 동산로 58",", 동산고등학교 (송림동)","22559","E10","일반고","사립","20260423"
"고등학교","assigned","7310043","동인천고등학교","인천광역시","인천광역시 남동구 만수로75번길 71-15","(만수동,동인천고등학교)","21521","E10","자율고","공립","20260423"
"고등학교","assigned","7310072","명신여자고등학교","인천광역시","인천광역시 부평구 원적로 260","(산곡동)","21371","E10","일반고","사립","20260423"
"고등학교","assigned","7310626","문곡고등학교","인천광역시","인천광역시 검단구 청마로 52","(당하동)","22675","E10","특성화고","사립","20260423"
"고등학교","assigned","7310073","문일여자고등학교","인천광역시","인천광역시 남동구 구월로372번길 56",", 문일여자고등학교 (만수동)","21539","E10","일반고","사립","20260423"
"고등학교","assigned","7310192","문학정보고등학교","인천광역시","인천광역시 미추홀구 소성로350번길 29","(문학동, 문학정보고등학교)","22238","E10","특성화고","공립","20260423"
"고등학교","assigned","7310350","미추홀외국어고등학교","인천광역시","인천광역시 남동구 에코중앙로 130","(논현동)","21684","E10","특목고","공립","20260423"
"고등학교","assigned","7310427","박문여자고등학교","인천광역시","인천광역시 연수구 송도과학로51번길 16","(송도동)","21983","E10","일반고","사립","20260423"
"고등학교","assigned","7310403","백령고등학교","인천광역시","인천광역시 옹진군 백령면 백령로 708","(백령면)","23103","E10","일반고","공립","20260423"
"고등학교","assigned","7310044","백석고등학교","인천광역시","인천광역시 검단구 서곶로 701","","22687","E10","일반고","공립","20260423"
"고등학교","assigned","7310219","부개고등학교","인천광역시","인천광역시 부평구 수변로57번길 36","(부개동,부개고등학교)","21401","E10","일반고","공립","20260423"
"고등학교","assigned","7310045","부개여자고등학교","인천광역시","인천광역시 부평구 부흥로 433","(부개동)","21350","E10","일반고","공립","20260423"
"고등학교","assigned","7310046","부광고등학교","인천광역시","인천광역시 부평구 화랑로 28","(산곡동)","21383","E10","일반고","공립","20260423"
"고등학교","assigned","7310047","부광여자고등학교","인천광역시","인천광역시 부평구 충선로 143","(부개동)","21352","E10","일반고","공립","20260423"
"고등학교","assigned","7310048","부평고등학교","인천광역시","인천광역시 부평구 부흥북로 43","(부평동)","21356","E10","일반고","공립","20260423"
"고등학교","assigned","7310093","부평공업고등학교","인천광역시","인천광역시 부평구 주부토로 194","(갈산동)","21331","E10","특성화고","공립","20260423"
"고등학교","assigned","7310049","부평여자고등학교","인천광역시","인천광역시 부평구 부흥로243번길 44","(부평동)","21378","E10","일반고","공립","20260423"
"고등학교","assigned","7310212","산마을고등학교","인천광역시","인천광역시 강화군 양도면 강화남로1002번길 73-29","(양도면)","23056","E10","특성화고","사립","20260423"
"고등학교","assigned","7310190","삼산고등학교","인천광역시","인천광역시 부평구 영성중로 54","(삼산동, 삼산고등학교)","21319","E10","일반고","공립","20260423"
"고등학교","assigned","7310050","서도고등학교","인천광역시","인천광역시 강화군 서도면 주문도길 173","(서도면)","23008","E10","일반고","공립","20260423"
"고등학교","assigned","7310204","서운고등학교","인천광역시","인천광역시 계양구 아나지로 481","(서운동)","21074","E10","일반고","공립","20260423"
"고등학교","assigned","7310075","서인천고등학교","인천광역시","인천광역시 서해구 서곶로 587","인천광역시 서해구 서곶로 475(검암동)","22694","E10","일반고","사립","20260423"
"고등학교","assigned","7310051","석정여자고등학교","인천광역시","인천광역시 남동구 방축로469번길 27","(간석동)","21503","E10","일반고","공립","20260423"
"고등학교","assigned","7310052","선인고등학교","인천광역시","인천광역시 미추홀구 석정로 165","(도화동)","22100","E10","일반고","공립","20260423"
"고등학교","assigned","7310077","세일고등학교","인천광역시","인천광역시 부평구 원적로 245","(산곡동)","21368","E10","일반고","사립","20260423"
"고등학교","assigned","7310078","송도고등학교","인천광역시","인천광역시 연수구 독배로 91","(옥련동)","21955","E10","일반고","사립","20260423"
"고등학교","assigned","7310079","숭덕여자고등학교","인천광역시","인천광역시 남동구 만수로73번길 20-23","(만수동)","21521","E10","일반고","사립","20260423"
"고등학교","assigned","7310080","신명여자고등학교","인천광역시","인천광역시 남동구 용천로205번길 42","(간석동)","21509","E10","일반고","사립","20260423"
"고등학교","assigned","7310250","신송고등학교","인천광역시","인천광역시 연수구 신송로6번길 56","(송도동) 신송고등학교","21994","E10","일반고","공립","20260423"
"고등학교","assigned","7310214","안남고등학교","인천광역시","인천광역시 계양구 아나지로308번길 9","(작전동)","21122","E10","일반고","공립","20260423"
"고등학교","assigned","7310053","연수고등학교","인천광역시","인천광역시 연수구 원인재로 145","(연수동)","21930","E10","일반고","공립","20260423"
"고등학교","assigned","7310054","연수여자고등학교","인천광역시","인천광역시 연수구 먼우금로141번길 9","(동춘동)","21966","E10","일반고","공립","20260726"
"고등학교","assigned","7310055","연평고등학교","인천광역시","인천광역시 옹진군 연평면 연평로 137번길",", 101 (연평면)","23108","E10","일반고","공립","20260423"
"고등학교","assigned","7310261","영종국제물류고등학교","인천광역시","인천광역시 영종구 운남서로10번길 1","(운남동)","23249","E10","특성화고","공립","20260423"
"고등학교","assigned","7310560","영화국제관광고등학교","인천광역시","인천광역시 제물포구 우각로 39","(창영동)","22564","E10","특성화고","사립","20260423"
"고등학교","assigned","7310216","옥련여자고등학교","인천광역시","인천광역시 연수구 옥골로 77","(옥련동, 옥련여자고등학교)","21900","E10","일반고","공립","20260423"
"고등학교","assigned","7310082","인명여자고등학교","인천광역시","인천광역시 미추홀구 문화로 11","(관교동, 인명여자고등학교)","22241","E10","일반고","사립","20260423"
"고등학교","assigned","7310083","인성여자고등학교","인천광역시","인천광역시 제물포구 홍예문로 39 인성여자고등학교 (22315)","18번지","22315","E10","일반고","사립","20260423"
"고등학교","assigned","7310056","인일여자고등학교","인천광역시","인천광역시 제물포구 참외전로72번길 10","","22310","E10","일반고","공립","20260423"
"고등학교","assigned","7310084","인제고등학교","인천광역시","인천광역시 남동구 석산로197번길 19",", 인제고등학교 (간석동)","21545","E10","일반고","사립","20260423"
"고등학교","assigned","7310057","인천고등학교","인천광역시","인천광역시 미추홀구 경원대로 804","(주안동, 인천고등학교)","22147","E10","일반고","공립","20260423"
"고등학교","assigned","7310348","인천고잔고등학교","인천광역시","인천광역시 남동구 에코중앙로 117","(논현동,고잔고등학교)","21681","E10","일반고","공립","20260423"
"고등학교","assigned","7310205","인천공항고등학교","인천광역시","인천광역시 영종구 신도시북로 20","(운서동)","22367","E10","자율고","공립","20260423"
"고등학교","assigned","7310058","인천과학고등학교","인천광역시","인천광역시 영종구 영종대로277번길 74-37","543-4번지","22361","E10","특목고","공립","20260423"
"고등학교","assigned","7310449","인천과학예술영재학교","인천광역시","인천광역시 연수구 아카데미로 192","(송도동)","22009","E10","특목고","공립","20260423"
"고등학교","assigned","7310334","인천국제고등학교","인천광역시","인천광역시 영종구 영종대로277번길 74-40","(운서동)","22361","E10","특목고","공립","20260423"
"고등학교","assigned","7310475","인천금융고등학교","인천광역시","인천광역시 남동구 함박뫼로 438-9","(논현동)","21640","E10","특성화고","사립","20260423"
"고등학교","assigned","7310100","인천기계공업고등학교","인천광역시","인천광역시 미추홀구 한나루로 545","(주안동, 인천기계공업고등학교)","22152","E10","특성화고","공립","20260423"
"고등학교","assigned","7310059","인천남고등학교","인천광역시","인천광역시 남동구 석정로551번길 41","(간석동)","21503","E10","일반고","공립","20260423"
"고등학교","assigned","7310339","인천남동고등학교","인천광역시","인천광역시 남동구 은봉로 283",", 인천남동고등학교 (논현동)","21648","E10","일반고","공립","20260423"
"고등학교","assigned","7310256","인천논현고등학교","인천광역시","인천광역시 남동구 청능대로611번길 54",", 인천논현고등학교 (논현동)","21665","E10","일반고","공립","20260423"
"고등학교","assigned","7310068","인천대건고등학교","인천광역시","인천광역시 연수구 능허대로 437","(동춘동, 인천대건고등학교)","21970","E10","일반고","사립","20260830"
"고등학교","assigned","7310563","인천대중예술고등학교","인천광역시","인천광역시 미추홀구 석정로 165",", 인천대중예술고등학교 (도화동)","22100","E10","특성화고","공립","20260423"
"고등학교","assigned","7310191","인천디자인고등학교","인천광역시","인천광역시 서해구 대평로56번길 10",", 인천디자인고등학교 (연희동)","22723","E10","특성화고","공립","20260423"
"고등학교","assigned","7310452","인천마전고등학교","인천광역시","인천광역시 검단구 마전로 74","(마전동)","22610","E10","일반고","공립","20260423"
"고등학교","assigned","7310332","인천만수고등학교","인천광역시","인천광역시 남동구 장승로 91","(만수동)","21592","E10","일반고","공립","20260423"
"고등학교","assigned","7310480","인천미래생활고등학교","인천광역시","인천광역시 부평구 수변로 165","(부개동)","21347","E10","특성화고","공립","20260423"
"고등학교","assigned","7310593","인천바이오과학고등학교","인천광역시","인천광역시 연수구 용담로 12","(청학동)","21915","E10","특성화고","공립","20260423"
"고등학교","assigned","7310624","인천반도체고등학교","인천광역시","인천광역시 제물포구 참외전로 192","(율목동)","22319","E10","특성화고","공립","20260423"
"고등학교","assigned","7310455","인천보건고등학교","인천광역시","인천광역시 서해구 서달로 58-16","(석남동)","22805","E10","특성화고","사립","20260423"
"고등학교","assigned","7310248","인천부흥고등학교","인천광역시","인천광역시 부평구 수변로57번길 61","(부개동)","21401","E10","일반고","공립","20260423"
"고등학교","assigned","7310453","인천뷰티예술고등학교","인천광역시","인천광역시 연수구 원인재로 21",", 인천뷰티예술고등학교 (동춘동)","21973","E10","특성화고","공립","20260423"
"고등학교","assigned","7310345","인천비즈니스고등학교","인천광역시","인천광역시 미추홀구 장고개로 31","(도화동, 인천비즈니스고등학교)","22115","E10","특성화고","공립","20260423"
"고등학교","assigned","7310257","인천산곡고등학교","인천광역시","인천광역시 부평구 원적로416번길 25","(산곡동)","21377","E10","일반고","공립","20260423"
"고등학교","assigned","7310342","인천상정고등학교","인천광역시","인천광역시 부평구 경원대로 1109","(십정동)","21447","E10","자율고","공립","20260423"
"고등학교","assigned","7310193","인천생활과학고등학교","인천광역시","인천광역시 연수구 함박뫼로 103",", 인천생활과학고 (연수동)","21922","E10","특성화고","공립","20260423"
"고등학교","assigned","7310369","인천세원고등학교","인천광역시","인천광역시 계양구 장제로 966","(병방동,인천세원고등학교)","21028","E10","일반고","공립","20260423"
"고등학교","assigned","7310592","인천소방고등학교","인천광역시","인천광역시 미추홀구 석정로 165","(도화동)","22100","E10","특성화고","공립","20260423"
"고등학교","assigned","7310373","인천송천고등학교","인천광역시","인천광역시 남동구 앵고개로815번길 59","(논현동)","21679","E10","일반고","공립","20260423"
"고등학교","assigned","7310333","인천신현고등학교","인천광역시","인천광역시 서해구 염곡로 399","(신현동)","22779","E10","자율고","공립","20260423"
"고등학교","assigned","7310598","인천아라고등학교","인천광역시","인천광역시 검단구 서로2로 62","","22874","E10","일반고","공립","20260423"
"고등학교","assigned","7310060","인천여자고등학교","인천광역시","인천광역시 연수구 비류대로506번길 14","(연수동)","21936","E10","일반고","공립","20260423"
"방송통신고등학교","assigned","7310129","인천여자고등학교부설방송통신고등학교","인천광역시","인천광역시 연수구 비류대로506번길 14","(연수동)","21936","E10","일반고","공립","20260423"
"고등학교","assigned","7310104","인천여자상업고등학교","인천광역시","인천광역시 제물포구 인중로 146","인천여자상업고등학교","22323","E10","특성화고","공립","20260423"
"고등학교","assigned","7310422","인천연송고등학교","인천광역시","인천광역시 연수구 컨벤시아대로42번길 72","(송도동)","22001","E10","일반고","공립","20260423"
"고등학교","assigned","7310259","인천영선고등학교","인천광역시","인천광역시 부평구 체육관로 179","(삼산동)","21325","E10","일반고","공립","20260423"
"고등학교","assigned","7310405","인천영종고등학교","인천광역시","인천광역시 영종구 영종대로278번길 34","(운서동)","22376","E10","일반고","공립","20260423"
"고등학교","assigned","7310383","인천영흥고등학교","인천광역시","인천광역시 옹진군 영흥면 내동로 107","(영흥면, 영흥고등학교, 영흥중학교)","23118","E10","일반고","공립","20260423"
"고등학교","assigned","7310061","인천예술고등학교","인천광역시","인천광역시 남동구 구월로115번길 36","(간석동)","21551","E10","특목고","공립","20260423"
"고등학교","assigned","7310253","인천예일고등학교","인천광역시","인천광역시 계양구 박촌로 23","(방축동)","21021","E10","일반고","공립","20260423"
"고등학교","assigned","7310242","인천외국어고등학교","인천광역시","인천광역시 부평구 원적로 262","(산곡동)","21371","E10","특목고","사립","20260423"
"고등학교","assigned","7310642","인천운남고등학교","인천광역시","인천광역시 영종구 찬들로284번길 30","1737-1","22389","E10","일반고","공립","20260423"
"고등학교","assigned","7310260","인천원당고등학교","인천광역시","인천광역시 검단구 고산로40번길 30","(원당동)","22625","E10","일반고","공립","20260423"
"고등학교","assigned","7310628","인천이음고등학교","인천광역시","인천광역시 검단구 이음1로 469","(원당동)","22861","E10","일반고","공립","20260423"
"고등학교","assigned","7310370","인천전자마이스터고등학교","인천광역시","인천광역시 미추홀구 석정로 165","(도화동)","22100","E10","특목고","공립","20260423"
"고등학교","assigned","7310562","인천중산고등학교","인천광역시","인천광역시 영종구 은하수로 142","(중산동)","22393","E10","일반고","공립","20260423"
"고등학교","assigned","7310625","인천중앙여자고등학교","인천광역시","인천광역시 제물포구 샛골로 31","","22327","E10","특성화고","사립","20260423"
"고등학교","assigned","7310404","인천진산과학고등학교","인천광역시","인천광역시 부평구 굴포로 194-9","(삼산동)","21342","E10","특목고","공립","20260423"
"고등학교","unassigned","","인천청라4고등학교(개교예정)","인천광역시","인천광역시 서해구 청라커낼로 217","(청라동)","22763","E10","일반고","공립","20260423"
"고등학교","assigned","7310375","인천청라고등학교","인천광역시","인천광역시 서해구 담지로86번길 16-14","(청라동)","22733","E10","일반고","공립","20260423"
"고등학교","assigned","7310062","인천체육고등학교","인천광역시","인천광역시 서해구 로봇랜드로 473","(청라동)","22755","E10","특목고","공립","20260423"
"고등학교","assigned","7310374","인천초은고등학교","인천광역시","인천광역시 서해구 청라에메랄드로 42","(청라동)","22740","E10","일반고","공립","20260423"
"고등학교","assigned","7310447","인천포스코고등학교","인천광역시","인천광역시 연수구 컨벤시아대로42번길 50","(송도동)","22001","E10","자율고","사립","20260423"
"고등학교","assigned","7310371","인천하늘고등학교","인천광역시","인천광역시 영종구 영종대로277번길 117","(운서동)","22361","E10","자율고","사립","20260423"
"고등학교","assigned","1192069","인천해사고등학교","인천광역시","인천광역시 제물포구 월미로 338","(북성동1가 102-28)","22304","E10","특목고","국립","20260423"
"고등학교","assigned","7310349","인천해송고등학교","인천광역시","인천광역시 연수구 해송로 20","(송도동)","22000","E10","일반고","공립","20260423"
"고등학교","assigned","7310109","인천해양과학고등학교","인천광역시","인천광역시 연수구 능허대로 71","(옥련동)","21956","E10","특성화고","공립","20260423"
"고등학교","assigned","7310423","인천해원고등학교","인천광역시","인천광역시 서해구 청라사파이어로140번길 25","(청라동)","22765","E10","일반고","공립","20260423"
"고등학교","assigned","7310252","인천효성고등학교","인천광역시","인천광역시 계양구 새벌로171번길 21","(효성동)","21096","E10","일반고","공립","20260423"
"고등학교","assigned","7310479","인평자동차고등학교","인천광역시","인천광역시 부평구 화랑로 111","(산곡동)","21373","E10","특성화고","사립","20260423"
"고등학교","assigned","7310085","인하대학교사범대학부속고등학교","인천광역시","인천광역시 미추홀구 재넘이길123번길 29","(학익동, 인하사범대부속중고등학교)","22211","E10","일반고","사립","20260423"
"고등학교","assigned","7310086","인항고등학교","인천광역시","인천광역시 미추홀구 매소홀로 135","(용현동, 인항고등학교)","22189","E10","일반고","사립","20260423"
"고등학교","assigned","7310063","인화여자고등학교","인천광역시","인천광역시 미추홀구 석정로 165",", 인화여자고등학교 (도화동)","22100","E10","일반고","공립","20260423"
"고등학교","assigned","7310213","작전고등학교","인천광역시","인천광역시 계양구 봉오대로729번길 27","(작전동)","21085","E10","일반고","공립","20260423"
"고등학교","assigned","7310241","작전여자고등학교","인천광역시","인천광역시 계양구 주부토로426번길 15","(작전동)","21085","E10","일반고","공립","20260423"
"고등학교","assigned","7310627","재능고등학교","인천광역시","인천광역시 제물포구 재능로 178","재능고등학교 (송림동)","22573","E10","특성화고","사립","20260423"
"고등학교","assigned","7310372","정석항공과학고등학교","인천광역시","인천광역시 미추홀구 인하로 100","(용현동, 인하대,인하공전,정석항공고)","22212","E10","특성화고","사립","20260423"
"고등학교","assigned","7310064","제물포고등학교","인천광역시","인천광역시 제물포구 자유공원로 58-9","(전동)","22310","E10","일반고","공립","20260423"
"방송통신고등학교","assigned","7310130","제물포고등학교부설방송통신고등학교","인천광역시","인천광역시 제물포구 자유공원로 58-9","(전동)","22310","E10","일반고","공립","20260423"
"고등학교","assigned","7310246","제일고등학교","인천광역시","인천광역시 부평구 경인로759번길 28","(십정동)","21435","E10","일반고","사립","20260423"
"고등학교","assigned","7310065","학익고등학교","인천광역시","인천광역시 미추홀구 한나루로 358, 23-22","(학익동)","22225","E10","일반고","공립","20260423"
"고등학교","assigned","7310066","학익여자고등학교","인천광역시","인천광역시 미추홀구 주승로52번길 8","(학익동, 학익여자고등학교)","22222","E10","일반고","공립","20260423"
"고등학교","assigned","7310601","한국글로벌셰프고등학교","인천광역시","인천광역시 강화군 내가면 강화서로 184","(내가면)","23018","E10","특성화고","사립","20260423"
"고등학교","assigned","7310454","한국주얼리고등학교","인천광역시","인천광역시 검단구 서곶로 693-1",", 한국주얼리고등학교 (백석동)","23585","E10","특성화고","사립","20260423"
"고등학교","assigned","7140327","고려고등학교","전남광주통합특별시(광주)","전남광주통합특별시 북구 설죽로 369","(삼각동) 고려고등학교","61058","F10","일반고","사립","20260423"
"고등학교","assigned","7140328","광덕고등학교","전남광주통합특별시(광주)","전남광주통합특별시 서구 화정로 202","(화정동)","62039","F10","일반고","사립","20260423"
"고등학교","assigned","7140329","광일고등학교","전남광주통합특별시(광주)","전남광주통합특별시 광산구 고봉로 812",", (임곡동, 광일고등학교) (임곡동)","62201","F10","일반고","사립","20260423"
"고등학교","assigned","7140330","광주경신여자고등학교","전남광주통합특별시(광주)","전남광주통합특별시 북구 금호로40번길 40","(용봉동, 경신여고)","61113","F10","일반고","사립","20260423"
"고등학교","assigned","7140319","광주고등학교","전남광주통합특별시(광주)","전남광주통합특별시 동구 중앙로 302","(계림동)","61412","F10","자율고","공립","20260423"
"방송통신고등학교","assigned","7140362","광주고등학교부설방송통신고등학교","전남광주통합특별시(광주)","전남광주통합특별시 동구 중앙로 302",", (계림동, 광주고등학교) (계림동)","61412","F10","일반고","공립","20260423"
"고등학교","assigned","7140373","광주공업고등학교","전남광주통합특별시(광주)","전남광주통합특별시 북구 설죽로315번길 14",", 광주공업고등학교 (매곡동)","61062","F10","특성화고","공립","20260423"
"고등학교","assigned","7140320","광주과학고등학교","전남광주통합특별시(광주)","전남광주통합특별시 북구 첨단과기로 215","(오룡동)","61005","F10","특목고","공립","20260423"
"고등학교","assigned","7140331","광주대동고등학교","전남광주통합특별시(광주)","전남광주통합특별시 서구 전평길 50",", (매월동, 광주대동고등학교)","62070","F10","일반고","사립","20260423"
"고등학교","assigned","7140368","광주동성고등학교","전남광주통합특별시(광주)","전남광주통합특별시 남구 서문대로627번길 20",", 광주동성고등학교 (진월동)","61737","F10","일반고","사립","20260423"
"고등학교","assigned","7140332","광주동신고등학교","전남광주통합특별시(광주)","전남광주통합특별시 북구 동문대로 50",", 광주동신고등학교 (풍향동)","61200","F10","일반고","사립","20260423"
"고등학교","assigned","7140333","광주동신여자고등학교","전남광주통합특별시(광주)","전남광주통합특별시 북구 동문대로 50","(풍향동)","61200","F10","일반고","사립","20260423"
"고등학교","assigned","7140334","광주서석고등학교","전남광주통합특별시(광주)","전남광주통합특별시 서구 화정로253번길 27",", 광주서석고등학교 (화정동)","61982","F10","일반고","사립","20260423"
"고등학교","assigned","7140335","광주석산고등학교","전남광주통합특별시(광주)","전남광주통합특별시 남구 백운로26번길 20","(백운동,석산고등학교)","61644","F10","일반고","사립","20260423"
"고등학교","assigned","7140392","광주소프트웨어마이스터고등학교","전남광주통합특별시(광주)","전남광주통합특별시 광산구 상무대로 312","(송정동)","62423","F10","특목고","공립","20260423"
"고등학교","assigned","7140336","광주수피아여자고등학교","전남광주통합특별시(광주)","전남광주통합특별시 남구 백서로 13",", (양림동, 광주수피아여고)","61643","F10","일반고","사립","20260423"
"고등학교","assigned","7140337","광주숭일고등학교","전남광주통합특별시(광주)","전남광주통합특별시 북구 모룡대길 40",", 광주숭일고등학교 (일곡동)","61029","F10","일반고","사립","20260423"
"고등학교","assigned","7140321","광주여자고등학교","전남광주통합특별시(광주)","전남광주통합특별시 서구 상무대로1014번길 43",", 광주여자고등학교 (화정동)","61985","F10","일반고","공립","20260423"
"고등학교","assigned","7140359","광주여자상업고등학교","전남광주통합특별시(광주)","전남광주통합특별시 남구 서문대로627번길 20",", 광주여자상업고등학교 (진월동)","61737","F10","특성화고","사립","20260423"
"고등학교","assigned","7140322","광주예술고등학교","전남광주통합특별시(광주)","전남광주통합특별시 북구 서하로 72","(매곡동)","61065","F10","특목고","공립","20260423"
"고등학교","assigned","7140338","광주인성고등학교","전남광주통합특별시(광주)","전남광주통합특별시 남구 서문대로 390",", 광주인성고등학교 (송하동 4-15)","61741","F10","일반고","사립","20260423"
"고등학교","assigned","7140396","광주자동화설비마이스터고등학교","전남광주통합특별시(광주)","전남광주통합특별시 광산구 사암로92번길",", 136-26 (우산동)","62375","F10","특목고","공립","20260423"
"고등학교","assigned","7140369","광주자연과학고등학교","전남광주통합특별시(광주)","전남광주통합특별시 북구 능안로 30","(오치동,광주자연과학고등학교)","61124","F10","특성화고","공립","20260423"
"고등학교","assigned","7140357","광주전자공업고등학교","전남광주통합특별시(광주)","전남광주통합특별시 광산구 첨단중앙로 7","(월계동, 광주전자공업고등학교)","62271","F10","특성화고","공립","20260423"
"고등학교","assigned","7140323","광주제일고등학교","전남광주통합특별시(광주)","전남광주통합특별시 북구 독립로237번길 33",", 144 (누문동)","61241","F10","자율고","공립","20260423"
"고등학교","assigned","7140339","광주진흥고등학교","전남광주통합특별시(광주)","전남광주통합특별시 광산구 왕버들로 307",", 광주진흥고등학교 (신창동)","62251","F10","일반고","사립","20260423"
"고등학교","assigned","7140324","광주체육고등학교","전남광주통합특별시(광주)","전남광주통합특별시 북구 하서로 55","(운암동184번지)","61099","F10","특목고","공립","20260423"
"고등학교","assigned","7140391","광주푸른꿈창작학교","전남광주통합특별시(광주)","전남광주통합특별시 남구 서문대로749번길 12","(주월동)","61724","F10","일반고","기타","20260423"
"고등학교","assigned","7140340","국제고등학교","전남광주통합특별시(광주)","전남광주통합특별시 북구 설죽로 433","(삼각동)","61057","F10","일반고","사립","20260423"
"고등학교","assigned","7140360","금파공업고등학교","전남광주통합특별시(광주)","전남광주통합특별시 북구 금호로 80",", 금파공업고등학교 (운암동)","61115","F10","특성화고","사립","20260423"
"고등학교","assigned","7140341","금호고등학교","전남광주통합특별시(광주)","전남광주통합특별시 북구 금호로 100","(운암동, 금호고등학교)","61116","F10","일반고","사립","20260423"
"고등학교","assigned","7140389","금호중앙여자고등학교","전남광주통합특별시(광주)","전남광주통합특별시 북구 금호로 100","(운암동, 금호중앙여자고등학교)","61116","F10","일반고","사립","20260423"
"고등학교","assigned","7140342","대광여자고등학교","전남광주통합특별시(광주)","전남광주통합특별시 남구 서문대로 742번길 13",", (주월동, 대광여고)","61699","F10","일반고","사립","20260423"
"고등학교","assigned","7140343","대성여자고등학교","전남광주통합특별시(광주)","전남광주통합특별시 남구 서문대로663번길 37",", 대성여자고등학교 (진월동)","61736","F10","일반고","사립","20260423"
"고등학교","assigned","7140382","돈보스코학교","전남광주통합특별시(광주)","전남광주통합특별시 남구 서문대로749번마길 12","돈보스코학교","61733","F10","일반고","기타","20260423"
"고등학교","assigned","7140370","동명고등학교","전남광주통합특별시(광주)","전남광주통합특별시 광산구 사이동길 16","(서봉동)","62399","F10","특성화고","사립","20260423"
"고등학교","assigned","7140344","동아여자고등학교","전남광주통합특별시(광주)","전남광주통합특별시 남구 오방로 16-10","(봉선동,동아여자고등학교)","61681","F10","일반고","사립","20260423"
"고등학교","assigned","7140390","동일미래과학고등학교","전남광주통합특별시(광주)","전남광주통합특별시 남구 천변좌로 604",", 번길 12 (방림동)","61680","F10","특성화고","사립","20260423"
"고등학교","assigned","7140388","명진고등학교","전남광주통합특별시(광주)","전남광주통합특별시 광산구 수완로12번길 21",", 명진고등학교 (수완동)","62305","F10","일반고","사립","20260423"
"고등학교","assigned","7140345","문성고등학교","전남광주통합특별시(광주)","전남광주통합특별시 남구 제석로 73",", (봉선동, 문성고등학교)","61701","F10","일반고","사립","20260423"
"고등학교","assigned","7140379","문정여자고등학교","전남광주통합특별시(광주)","전남광주통합특별시 북구 능안로30번길 33",", 문정여자고등학교 (오치동, 5-12)","61125","F10","일반고","공립","20260423"
"고등학교","assigned","7140375","보문고등학교","전남광주통합특별시(광주)","전남광주통합특별시 광산구 어등대로529번길 37","(운수동)","62397","F10","일반고","사립","20260423"
"고등학교","assigned","7140394","비아고등학교","전남광주통합특별시(광주)","전남광주통합특별시 광산구 첨단중앙로181번길 42-26","(월계동, 비아고등학교)","62254","F10","일반고","사립","20260423"
"고등학교","assigned","7140383","빛고을고등학교","전남광주통합특별시(광주)","전남광주통합특별시 북구 첨단연신로133번길 16","(신용동, 빛고을고등학교)","61086","F10","일반고","공립","20260423"
"고등학교","assigned","7140346","살레시오고등학교","전남광주통합특별시(광주)","전남광주통합특별시 북구 모룡대길 67","(일곡동)","61029","F10","일반고","사립","20260423"
"고등학교","assigned","7140347","살레시오여자고등학교","전남광주통합특별시(광주)","전남광주통합특별시 동구 필문대로273번길 21",", (지산동, 살레시오여자고등학교) (지산동)","61448","F10","일반고","사립","20260423"
"고등학교","assigned","7140371","상무고등학교","전남광주통합특별시(광주)","전남광주통합특별시 서구 상무민주로32번길 28","(쌍촌동)","61970","F10","일반고","공립","20260423"
"고등학교","assigned","7140378","상일여자고등학교","전남광주통합특별시(광주)","전남광주통합특별시 서구 내방로 217","(쌍촌동)","61942","F10","자율고","공립","20260423"
"고등학교","assigned","7140384","새날학교","전남광주통합특별시(광주)","전남광주통합특별시 광산구 평동로 29","(삼도동)","62457","F10","일반고","기타","20260423"
"고등학교","assigned","7140348","서강고등학교","전남광주통합특별시(광주)","전남광주통합특별시 북구 서강로 1",", 서강고등학교 (운암동)","61268","F10","일반고","사립","20260423"
"고등학교","assigned","7140376","서진여자고등학교","전남광주통합특별시(광주)","전남광주통합특별시 남구 서문대로742번길 20","(주월동)","61699","F10","일반고","사립","20260423"
"고등학교","assigned","7140352","설월여자고등학교","전남광주통합특별시(광주)","전남광주통합특별시 남구 천변좌로604번길 12",", 설월여자고등학교 (방림동)","61680","F10","일반고","사립","20260423"
"고등학교","assigned","7140386","성덕고등학교","전남광주통합특별시(광주)","전남광주통합특별시 광산구 장덕로 75","(장덕동)","62222","F10","일반고","공립","20260423"
"고등학교","assigned","7140349","송원고등학교","전남광주통합특별시(광주)","전남광주통합특별시 남구 송암로 73","(송하동, 송원고등학교)","61756","F10","일반고","사립","20260423"
"고등학교","assigned","7140399","송원미래인재고등학교","전남광주통합특별시(광주)","전남광주통합특별시 남구 송암로 73",", 송원여자상업고등학교 (송하동)","61756","F10","특성화고","사립","20260423"
"고등학교","assigned","7140350","송원여자고등학교","전남광주통합특별시(광주)","전남광주통합특별시 남구 송암로 73",", (송하동, 송원여자고등학교) (송하동)","61756","F10","일반고","사립","20260423"
"고등학교","assigned","7140381","수완고등학교","전남광주통합특별시(광주)","전남광주통합특별시 광산구 장덕로 155",", 수완고등학교 (수완동)","62246","F10","자율고","공립","20260423"
"고등학교","assigned","7140351","숭덕고등학교","전남광주통합특별시(광주)","전남광주통합특별시 광산구 월계로 117-8","(월계동)","62260","F10","일반고","사립","20260423"
"고등학교","assigned","7140393","숭의과학기술고등학교","전남광주통합특별시(광주)","전남광주통합특별시 남구 오방로 34-13","(방림동)","61679","F10","특성화고","사립","20260423"
"고등학교","assigned","7140374","운남고등학교","전남광주통합특별시(광주)","전남광주통합특별시 광산구 임방울대로165번길 17",", 운남고등학교 (운남동)","62325","F10","일반고","공립","20260423"
"고등학교","assigned","7140380","장덕고등학교","전남광주통합특별시(광주)","전남광주통합특별시 광산구 수등로 45","(장덕동)","62225","F10","일반고","공립","20260423"
"고등학교","assigned","7140325","전남고등학교","전남광주통합특별시(광주)","전남광주통합특별시 서구 상무공원로 32","(치평동)","61959","F10","자율고","공립","20260423"
"고등학교","assigned","7140358","전남공업고등학교","전남광주통합특별시(광주)","전남광주통합특별시 광산구 왕버들로322번길 26","(신창동)","62252","F10","특성화고","공립","20260423"
"고등학교","assigned","7380029","전남대학교사범대학부설고등학교","전남광주통합특별시(광주)","전남광주통합특별시 북구 용봉로 45","(용봉동)","61186","F10","일반고","국립","20260423"
"고등학교","assigned","7140326","전남여자고등학교","전남광주통합특별시(광주)","전남광주통합특별시 동구 제봉로158번길 8","(장동)","61431","F10","일반고","공립","20260423"
"방송통신고등학교","assigned","7140363","전남여자고등학교부설방송통신고등학교","전남광주통합특별시(광주)","전남광주통합특별시 동구 제봉로158번길 8",", (장동, 전남여자고등학교) (장동)","61431","F10","일반고","공립","20260423"
"고등학교","assigned","7140361","전남여자상업고등학교","전남광주통합특별시(광주)","전남광주통합특별시 북구 설죽로 433",", (삼각동, 전남여자상업고등학교)","61057","F10","특성화고","사립","20260423"
"고등학교","assigned","7140353","정광고등학교","전남광주통합특별시(광주)","전남광주통합특별시 광산구 소촌로 90-36","(소촌동, 정광고등학교)","62385","F10","일반고","사립","20260423"
"고등학교","assigned","7140354","조선대학교부속고등학교","전남광주통합특별시(광주)","전남광주통합특별시 동구 의재로33번길 33",", (학동, 조선대학교부속고등학교) (학동)","61459","F10","일반고","사립","20260423"
"고등학교","assigned","7140355","조선대학교여자고등학교","전남광주통합특별시(광주)","전남광주통합특별시 동구 지산로 36",", 조선대학교여자고등학교 (지산동)","61450","F10","일반고","사립","20260423"
"고등학교","assigned","7140377","첨단고등학교","전남광주통합특별시(광주)","전남광주통합특별시 광산구 산월로 12-17","(월계동,첨단고등학교)","62271","F10","일반고","공립","20260423"
"고등학교","assigned","7140372","풍암고등학교","전남광주통합특별시(광주)","전남광주통합특별시 서구 풍암신흥로39번길 20",", 풍암고등학교 (풍암동)","62051","F10","일반고","공립","20260423"
"고등학교","assigned","7140356","호남삼육고등학교","전남광주통합특별시(광주)","전남광주통합특별시 남구 회서로 30","(주월동,삼육중고등학교)","61731","F10","일반고","사립","20260423"
"고등학교","assigned","7140181","강진고등학교","전남광주통합특별시(전남)","전남광주통합특별시 강진군 강진읍 고성길 15-7","(강진읍, 강진고등학교)","59227","Q10","일반고","공립","20260423"
"고등학교","assigned","7140201","고금고등학교","전남광주통합특별시(전남)","전남광주통합특별시 완도군 고금면 고금로684번길 15",", 고금고등학교 (고금고등학교)","59130","Q10","일반고","공립","20260423"
"고등학교","assigned","7140175","고흥고등학교","전남광주통합특별시(전남)","전남광주통합특별시 고흥군 고흥읍 학교길 23","(고흥읍)","59537","Q10","일반고","공립","20260423"
"고등학교","assigned","7140198","고흥도화고등학교","전남광주통합특별시(전남)","전남광주통합특별시 고흥군 도화면 도화로 476","(도화면,고흥도화고등학교)","59529","Q10","특성화고","공립","20260423"
"고등학교","assigned","7140279","고흥산업과학고등학교","전남광주통합특별시(전남)","전남광주통합특별시 고흥군 고흥읍 고흥로 1637-13","(고흥읍,고흥산업과학고등학교)","59542","Q10","특성화고","공립","20260423"
"고등학교","assigned","7140173","곡성고등학교","전남광주통합특별시(전남)","전남광주통합특별시 곡성군 곡성읍 학교로 119","(곡성읍)","57533","Q10","일반고","공립","20260423"
"고등학교","assigned","7140225","광남고등학교","전남광주통합특별시(전남)","전남광주통합특별시 나주시 남평읍 남평향교길 19","(남평읍,광남고등학교)","58228","Q10","일반고","사립","20260423"
"고등학교","assigned","7140168","광양고등학교","전남광주통합특별시(전남)","전남광주통합특별시 광양시 봉강면 매천로 667","(봉강면)","57728","Q10","일반고","공립","20260423"
"고등학교","assigned","7140167","광양백운고등학교","전남광주통합특별시(전남)","전남광주통합특별시 광양시 중마로 250","(중동,광양백운고등학교)","57780","Q10","일반고","공립","20260423"
"고등학교","assigned","7140169","광양여자고등학교","전남광주통합특별시(전남)","전남광주통합특별시 광양시 광양읍 인덕로 1039","(광양읍, 광양여자고등학교)","57739","Q10","일반고","공립","20260423"
"고등학교","assigned","7140226","광양제철고등학교","전남광주통합특별시(전남)","전남광주통합특별시 광양시 마로니에길 61","(금호동,광양제철고등학교)","57802","Q10","자율고","사립","20260423"
"고등학교","assigned","7140301","광양하이텍고등학교","전남광주통합특별시(전남)","전남광주통합특별시 광양시 광양읍 신재로 106","(광양읍)","57734","Q10","특성화고","공립","20260423"
"고등학교","assigned","7140271","광영고등학교","전남광주통합특별시(전남)","전남광주통합특별시 광양시 가야로 322","(광영동,광영고등학교)","57720","Q10","일반고","공립","20260423"
"고등학교","assigned","7140174","구례고등학교","전남광주통합특별시(전남)","전남광주통합특별시 구례군 구례읍 봉성로 15-18","(구례읍,구례고등학교)","57655","Q10","일반고","공립","20260423"
"고등학교","assigned","7140195","구림공업고등학교","전남광주통합특별시(전남)","전남광주통합특별시 영암군 군서면 왕인로 453","(군서면, 구림공고)","58434","Q10","특성화고","공립","20260423"
"고등학교","assigned","7140224","금성고등학교","전남광주통합특별시(전남)","전남광주통합특별시 나주시 건재로 41","(경현동,금성고등학교)","58246","Q10","일반고","사립","20260423"
"고등학교","assigned","7140161","나주고등학교","전남광주통합특별시(전남)","전남광주통합특별시 나주시 나주천2길 26","(교동)","58258","Q10","일반고","공립","20260423"
"고등학교","assigned","7140241","나주공업고등학교","전남광주통합특별시(전남)","전남광주통합특별시 나주시 건재로 43","(대호동,나주공업고등학교)","58246","Q10","특성화고","사립","20260423"
"고등학교","assigned","7140284","나주상업고등학교","전남광주통합특별시(전남)","전남광주통합특별시 나주시 함박산길 23-4","(청동,나주상업고)","58243","Q10","특성화고","공립","20260423"
"고등학교","assigned","7140272","남악고등학교","전남광주통합특별시(전남)","전남광주통합특별시 무안군 삼향읍 남악4로60번길 24","(삼향읍)","58567","Q10","일반고","공립","20260423"
"고등학교","assigned","7140267","노화고등학교","전남광주통합특별시(전남)","전남광주통합특별시 완도군 노화읍 노화로 763-36","(노화읍)","59157","Q10","일반고","공립","20260423"
"고등학교","assigned","7140176","녹동고등학교","전남광주통합특별시(전남)","전남광주통합특별시 고흥군 도양읍 비봉뚝길 108","(도양읍)","59552","Q10","일반고","공립","20260423"
"고등학교","assigned","7140232","능주고등학교","전남광주통합특별시(전남)","전남광주통합특별시 화순군 능주면 죽수길 31-2","(능주면,능주고등학교)","58153","Q10","일반고","사립","20260423"
"고등학교","assigned","7140286","다향고등학교","전남광주통합특별시(전남)","전남광주통합특별시 보성군 보성읍 녹차로 1364","(보성읍)","59460","Q10","특성화고","공립","20260423"
"고등학교","assigned","7140172","담양고등학교","전남광주통합특별시(전남)","전남광주통합특별시 담양군 담양읍 천변7길 11",", 담양고등학교 (담양읍)","57343","Q10","일반고","공립","20260423"
"고등학교","assigned","7140193","담양공업고등학교","전남광주통합특별시(전남)","전남광주통합특별시 담양군 담양읍 죽향대로 1072","(담양읍)","57363","Q10","특성화고","공립","20260423"
"고등학교","assigned","7140190","도초고등학교","전남광주통합특별시(전남)","전남광주통합특별시 신안군 도초면 서남문로 1493",", 도초고등학교 (도초면)","58851","Q10","일반고","공립","20260423"
"고등학교","assigned","7140278","매성고등학교","전남광주통합특별시(전남)","전남광주통합특별시 나주시 쌍산1길 19",", 매성고등학교 (빛가람동)","58323","Q10","일반고","공립","20260423"
"고등학교","assigned","7140296","목상고등학교","전남광주통합특별시(전남)","전남광주통합특별시 목포시 소영길 13","(용당동)","58650","Q10","일반고","공립","20260423"
"고등학교","assigned","7140158","목포고등학교","전남광주통합특별시(전남)","전남광주통합특별시 목포시 산정로224번길 11","(용당동)","58649","Q10","일반고","공립","20260423"
"방송통신고등학교","assigned","7140253","목포고등학교부설방송통신고등학교","전남광주통합특별시(전남)","전남광주통합특별시 목포시 산정로 224번길 11","(용당동)","58649","Q10","일반고","공립","20260423"
"고등학교","assigned","7140264","목포공업고등학교","전남광주통합특별시(전남)","전남광주통합특별시 목포시 용당로 100","(용당동, 목포공업고등학교)","58735","Q10","특성화고","공립","20260423"
"고등학교","assigned","7140213","목포덕인고등학교","전남광주통합특별시(전남)","전남광주통합특별시 목포시 죽선로 39-2",", 목포덕인고등학교 (죽교동)","58719","Q10","일반고","사립","20260423"
"고등학교","assigned","7140214","목포마리아회고등학교","전남광주통합특별시(전남)","전남광주통합특별시 목포시 양을로 229",", 목포마리아회고등학교 (용당동)","58613","Q10","일반고","사립","20260423"
"고등학교","assigned","7140159","목포여자고등학교","전남광주통합특별시(전남)","전남광주통합특별시 목포시 청호로 34",", 목포여자고등학교 (대성동)","58712","Q10","일반고","공립","20260423"
"고등학교","assigned","7140242","목포여자상업고등학교","전남광주통합특별시(전남)","전남광주통합특별시 목포시 영산로 413-3","(상동)","58644","Q10","특성화고","사립","20260423"
"고등학교","assigned","7140215","목포정명여자고등학교","전남광주통합특별시(전남)","전남광주통합특별시 목포시 삼일로 45","(양동,정명여자고등학교)","58722","Q10","일반고","사립","20260423"
"고등학교","assigned","7140160","목포제일여자고등학교","전남광주통합특별시(전남)","전남광주통합특별시 목포시 삼향천로 85",", 목포제일여자고등학교 (옥암동)","58684","Q10","일반고","공립","20260423"
"고등학교","assigned","7140316","목포조리과학고등학교","전남광주통합특별시(전남)","전남광주통합특별시 목포시 상동로 87-1","목포조리과학고등학교","58641","Q10","특성화고","사립","20260423"
"고등학교","assigned","7140251","목포중앙고등학교","전남광주통합특별시(전남)","전남광주통합특별시 목포시 지적로 36","(대양동)","58604","Q10","특성화고","사립","20260423"
"고등학교","assigned","7140216","목포혜인여자고등학교","전남광주통합특별시(전남)","전남광주통합특별시 목포시 죽선로 39-2",", 목포혜인여자고등학교 (죽교동)","58719","Q10","일반고","사립","20260423"
"고등학교","assigned","7140211","목포홍일고등학교","전남광주통합특별시(전남)","전남광주통합특별시 목포시 북항로 88",", 홍일고등학교 (죽교동)","58717","Q10","일반고","사립","20260423"
"고등학교","assigned","7140200","무안고등학교","전남광주통합특별시(전남)","전남광주통합특별시 무안군 무안읍 성남1길 61-1","무안고 (무안읍, 무안고등학교)","58521","Q10","일반고","공립","20260423"
"고등학교","assigned","7140210","문태고등학교","전남광주통합특별시(전남)","전남광주통합특별시 목포시 용당로 138",", 문태고등학교 (용당동)","58703","Q10","일반고","사립","20260423"
"고등학교","assigned","7140266","문향고등학교","전남광주통합특별시(전남)","전남광주통합특별시 장성군 장성읍 문화로 94",", 문향고등학교 (장성읍)","57222","Q10","일반고","공립","20260423"
"고등학교","assigned","7140248","백제고등학교","전남광주통합특별시(전남)","전남광주통합특별시 무안군 무안읍 무안로 422","(무안읍, 백제고등학교)","58531","Q10","일반고","사립","20260423"
"고등학교","assigned","7140229","벌교고등학교","전남광주통합특별시(전남)","전남광주통합특별시 보성군 벌교읍 채동선로 115","(벌교읍)","59430","Q10","일반고","사립","20260423"
"고등학교","assigned","7140291","벌교상업고등학교","전남광주통합특별시(전남)","전남광주통합특별시 보성군 벌교읍 홍암로 61","(벌교읍)","59423","Q10","특성화고","공립","20260423"
"고등학교","assigned","7140230","벌교여자고등학교","전남광주통합특별시(전남)","전남광주통합특별시 보성군 벌교읍 채동선로 133","(벌교읍,벌교여자고등학교)","59430","Q10","일반고","사립","20260423"
"고등학교","assigned","7140197","법성고등학교","전남광주통합특별시(전남)","전남광주통합특별시 영광군 법성면 용덕로 66","(법성면)","57015","Q10","특성화고","공립","20260423"
"고등학교","assigned","7140299","병영상업고등학교","전남광주통합특별시(전남)","전남광주통합특별시 강진군 병영면 하멜로 372","(병영면, 병영중고등학교)","59214","Q10","특성화고","공립","20260423"
"고등학교","assigned","7140177","보성고등학교","전남광주통합특별시(전남)","전남광주통합특별시 보성군 보성읍 용문길 48","(보성읍)","59451","Q10","일반고","공립","20260423"
"고등학교","assigned","7140164","봉황고등학교","전남광주통합특별시(전남)","전남광주통합특별시 나주시 월정5길 22",", 봉황고등학교 (빛가람동)","58217","Q10","일반고","공립","20260423"
"고등학교","assigned","7140166","부영여자고등학교","전남광주통합특별시(전남)","전남광주통합특별시 여수시 안산1길 172-9",", 부영여자고등학교 (안산동)","59662","Q10","일반고","공립","20260423"
"고등학교","assigned","7140311","삼계부사관고등학교","전남광주통합특별시(전남)","전남광주통합특별시 장성군 삼계면 사창로 47","(삼계면)","57238","Q10","특성화고","공립","20260423"
"고등학교","assigned","7140282","삼호고등학교","전남광주통합특별시(전남)","전남광주통합특별시 영암군 삼호읍 방아제로 84","(삼호읍, 삼호고등학교)","58454","Q10","일반고","공립","20260423"
"고등학교","assigned","7140182","성전고등학교","전남광주통합특별시(전남)","전남광주통합특별시 강진군 성전면 별뫼로 367-9",", 성전고등학교 (성전면)","59203","Q10","일반고","공립","20260423"
"고등학교","assigned","7140297","송지고등학교","전남광주통합특별시(전남)","전남광주통합특별시 해남군 송지면 미야길 158-16","(송지면)","59063","Q10","일반고","공립","20260423"
"고등학교","assigned","7140223","순천강남여자고등학교","전남광주통합특별시(전남)","전남광주통합특별시 순천시 조례1길 43","(조례동,순천강남여자고등학교)","57947","Q10","일반고","사립","20260423"
"고등학교","assigned","7140307","순천고등학교","전남광주통합특별시(전남)","전남광주통합특별시 순천시 우석로 191","(인제동)","57958","Q10","일반고","공립","20260423"
"방송통신고등학교","assigned","7140254","순천고등학교부설방송통신고등학교","전남광주통합특별시(전남)","전남광주통합특별시 순천시 우석로 191","(인제동)","57958","Q10","일반고","공립","20260423"
"고등학교","assigned","7140192","순천공업고등학교","전남광주통합특별시(전남)","전남광주통합특별시 순천시 유동길 50","(조례동, 순천공업고등학교)","57950","Q10","특성화고","공립","20260423"
"고등학교","assigned","7140220","순천금당고등학교","전남광주통합특별시(전남)","전남광주통합특별시 순천시 기적의도서관1길 34",", 순천금당고등학교","57975","Q10","일반고","사립","20260423"
"고등학교","assigned","7140219","순천매산고등학교","전남광주통합특별시(전남)","전남광주통합특별시 순천시 영동길 58",", (매곡동, 매산고등학교)","57940","Q10","일반고","사립","20260423"
"고등학교","assigned","7140222","순천매산여자고등학교","전남광주통합특별시(전남)","전남광주통합특별시 순천시 매산길 43","(매곡동, 매산여자고등학교)","57940","Q10","일반고","사립","20260423"
"고등학교","assigned","7140309","순천미래과학고등학교","전남광주통합특별시(전남)","전남광주통합특별시 순천시 서면 순천로 86","","57906","Q10","특성화고","공립","20260423"
"고등학교","assigned","7140281","순천복성고등학교","전남광주통합특별시(전남)","전남광주통합특별시 순천시 해룡면 복성길 17",", 순천복성고등학교 (해룡면)","57972","Q10","일반고","공립","20260423"
"고등학교","assigned","7140300","순천여자고등학교","전남광주통합특별시(전남)","전남광주통합특별시 순천시 저전길 54","(저전동)","57957","Q10","일반고","공립","20260423"
"고등학교","assigned","7140208","순천제일고등학교","전남광주통합특별시(전남)","전남광주통합특별시 순천시 중앙로 491-8",", 순천제일고등학교  (가곡동)","57924","Q10","일반고","공립","20260423"
"고등학교","assigned","7140247","순천청암고등학교","전남광주통합특별시(전남)","전남광주통합특별시 순천시 녹색로 1641-1","(덕월동, 순천청암고등학교)","57997","Q10","특성화고","사립","20260423"
"고등학교","assigned","7140265","순천팔마고등학교","전남광주통합특별시(전남)","전남광주통합특별시 순천시 삼산로 140","(용당동)","57935","Q10","일반고","공립","20260423"
"고등학교","assigned","7140245","순천효산고등학교","전남광주통합특별시(전남)","전남광주통합특별시 순천시 삼산로 104","(용당동, 효산고등학교)","57935","Q10","특성화고","사립","20260423"
"고등학교","assigned","7140221","순천효천고등학교","전남광주통합특별시(전남)","전남광주통합특별시 순천시 녹색로 1360","(대룡동,효천고등학교)","58027","Q10","일반고","사립","20260423"
"고등학교","assigned","7140295","신안해양과학고등학교","전남광주통합특별시(전남)","전남광주통합특별시 신안군 압해읍 구항길 41",", 신안해양과학고등학교 (압해읍, 신안해양과학고등학교)","58824","Q10","특성화고","공립","20260423"
"고등학교","assigned","7140294","안좌고등학교","전남광주통합특별시(전남)","전남광주통합특별시 신안군 안좌면 중부로 790-7","(안좌면)","58839","Q10","특성화고","공립","20260423"
"고등학교","assigned","7140189","약산고등학교","전남광주통합특별시(전남)","전남광주통합특별시 완도군 약산면 약산로 366",", 약산고등학교 (약산면)","59135","Q10","일반고","공립","20260423"
"고등학교","assigned","7140171","여남고등학교","전남광주통합특별시(전남)","전남광주통합특별시 여수시 남면 우실해안길 5","(남면, 여남중고등학교)","59786","Q10","일반고","공립","20260423"
"고등학교","assigned","7140303","여수고등학교","전남광주통합특별시(전남)","전남광주통합특별시 여수시 공화남3길 10","(수정동, 여수고등학교)","59744","Q10","일반고","공립","20260423"
"고등학교","assigned","7140240","여수공업고등학교","전남광주통합특별시(전남)","전남광주통합특별시 여수시 군자길 75","(군자동)","59729","Q10","특성화고","사립","20260423"
"고등학교","assigned","7140289","여수석유화학고등학교","전남광주통합특별시(전남)","전남광주통합특별시 여수시 대통1길 45",", (화장동, 여수석유화학고등학교) (화장동)","59638","Q10","특목고","공립","20260423"
"고등학교","assigned","7140246","여수여자고등학교","전남광주통합특별시(전남)","전남광주통합특별시 여수시 관문1길 41",", 여수여자고등학교 (관문동)","59742","Q10","일반고","공립","20260423"
"고등학교","assigned","7140243","여수정보과학고등학교","전남광주통합특별시(전남)","전남광주통합특별시 여수시 여문2로 148","(문수동, 여수정보과학고등학교)","59703","Q10","특성화고","사립","20260423"
"고등학교","assigned","7140218","여수중앙여자고등학교","전남광주통합특별시(전남)","전남광주통합특별시 여수시 덕충6길 79","(덕충동)","59726","Q10","일반고","사립","20260423"
"고등학교","assigned","7140262","여수충무고등학교","전남광주통합특별시(전남)","전남광주통합특별시 여수시 미평7길 16",", 여수충무고등학교 (미평동)","59630","Q10","일반고","공립","20260423"
"고등학교","assigned","7140285","여수해양과학고등학교","전남광주통합특별시(전남)","전남광주통합특별시 여수시 돌산읍 돌산로 1201-18",", 여수해양과학고등학교 (돌산읍)","59777","Q10","특성화고","공립","20260423"
"고등학교","assigned","7140170","여수화양고등학교","전남광주통합특별시(전남)","전남광주통합특별시 여수시 화양면 화동로 203",", 여수화양고등학교 (화양면, 여수화양고등학교)","59779","Q10","일반고","공립","20260823"
"고등학교","assigned","7140227","여양고등학교","전남광주통합특별시(전남)","전남광주통합특별시 여수시 소라면 덕양로 345",", 여양고등학교 (소라면)","59649","Q10","일반고","사립","20260423"
"고등학교","assigned","7140165","여천고등학교","전남광주통합특별시(전남)","전남광주통합특별시 여수시 가곡길 63",", 여천고등학교 (선원동)","59634","Q10","일반고","공립","20260423"
"고등학교","assigned","7140186","영광고등학교","전남광주통합특별시(전남)","전남광주통합특별시 영광군 영광읍 옥당로 13-22","(영광읍)","57049","Q10","일반고","공립","20260423"
"고등학교","assigned","7140298","영광공업고등학교","전남광주통합특별시(전남)","전남광주통합특별시 영광군 영광읍 월현로 34",", 영광공업고등학교 (영광읍)","57036","Q10","특성화고","공립","20260423"
"고등학교","assigned","7140273","영광전자고등학교","전남광주통합특별시(전남)","전남광주통합특별시 영광군 염산면 칠산로 98-27","(봉남리)","57066","Q10","특성화고","공립","20260423"
"고등학교","assigned","7140280","영산고등학교","전남광주통합특별시(전남)","전남광주통합특별시 나주시 영강길 32","(삼영동, 영산고등학교)","58253","Q10","일반고","사립","20260607"
"고등학교","assigned","7140252","영산성지고등학교","전남광주통합특별시(전남)","전남광주통합특별시 영광군 백수읍 성지로 1218-6","(백수읍)","57026","Q10","일반고","사립","20260423"
"고등학교","assigned","7140184","영암고등학교","전남광주통합특별시(전남)","전남광주통합특별시 영암군 영암읍 영암초중고길 40","(영암읍,영암고등학교)","58414","Q10","일반고","공립","20260423"
"고등학교","assigned","7140185","영암낭주고등학교","전남광주통합특별시(전남)","전남광주통합특별시 영암군 학산면 영산로 76-35","(학산면)","58439","Q10","일반고","공립","20260423"
"고등학교","assigned","7140234","영암여자고등학교","전남광주통합특별시(전남)","전남광주통합특별시 영암군 영암읍 여중고길 12","(영암읍)","58411","Q10","일반고","사립","20260423"
"고등학교","assigned","7140212","영흥고등학교","전남광주통합특별시(전남)","전남광주통합특별시 목포시 삼각로43번길 9",", 43번길 9 (상동)","58667","Q10","일반고","사립","20260423"
"고등학교","assigned","7140231","예당고등학교","전남광주통합특별시(전남)","전남광주통합특별시 보성군 득량면 예당길 155-12","(득량면,예당고등학교)","59436","Q10","일반고","사립","20260423"
"고등학교","assigned","7140249","옥과고등학교","전남광주통합특별시(전남)","전남광주통합특별시 곡성군 옥과면 대학로 99","(옥과면)","57500","Q10","일반고","사립","20260423"
"고등학교","assigned","7140187","완도고등학교","전남광주통합특별시(전남)","전남광주통합특별시 완도군 완도읍 개포로135번길 55",", (가용리)","59109","Q10","일반고","공립","20260423"
"고등학교","assigned","7140188","완도금일고등학교","전남광주통합특별시(전남)","전남광주통합특별시 완도군 금일읍 금일로 420","(금일읍, 금일고교)","59140","Q10","일반고","공립","20260423"
"고등학교","assigned","7140207","완도수산고등학교","전남광주통합특별시(전남)","전남광주통합특별시 완도군 완도읍 장보고대로 141",", 완도수산고등학교 (완도읍)","59116","Q10","특목고","공립","20260423"
"고등학교","assigned","7140288","임자고등학교","전남광주통합특별시(전남)","전남광주통합특별시 신안군 임자면 임자로 230-9",", 임자고등학교 (임자면)","58802","Q10","일반고","공립","20260423"
"고등학교","assigned","7140238","장성고등학교","전남광주통합특별시(전남)","전남광주통합특별시 장성군 장성읍 영천월산길 63","(장성읍)","57216","Q10","일반고","사립","20260423"
"고등학교","assigned","7140304","장성하이텍고등학교","전남광주통합특별시(전남)","전남광주통합특별시 장성군 장성읍 단풍로 72","(장성읍)","57216","Q10","특성화고","공립","20260423"
"고등학교","assigned","7140179","장흥고등학교","전남광주통합특별시(전남)","전남광주통합특별시 장흥군 장흥읍 학사길 13","(장흥읍, 장흥고등학교)","59317","Q10","일반고","공립","20260423"
"고등학교","assigned","7140180","장흥관산고등학교","전남광주통합특별시(전남)","전남광주통합특별시 장흥군 관산읍 당월길 9",", 장흥관산고등학교 (관산읍)","59350","Q10","일반고","공립","20260423"
"고등학교","assigned","7140163","전남과학고등학교","전남광주통합특별시(전남)","전남광주통합특별시 나주시 금천면 오강길 33","(금천면, 전남과학고등학교)","58215","Q10","특목고","공립","20260423"
"고등학교","assigned","7140287","전남기술과학고등학교","전남광주통합특별시(전남)","전남광주통합특별시 화순군 화순읍 만연로 160-25",", 전남기술과학고등학교 (화순읍, 전남기술과학고등학교)","58105","Q10","특성화고","공립","20260423"
"고등학교","assigned","7140312","전남미래자동차고등학교","전남광주통합특별시(전남)","전남광주통합특별시 장흥군 장흥읍 행원강변길",", 8 (장흥읍)","59313","Q10","특성화고","공립","20260423"
"고등학교","assigned","7140196","전남미용고등학교","전남광주통합특별시(전남)","전남광주통합특별시 나주시 영산포로 182-9","(영산동,전남미용고등학교)","58267","Q10","특성화고","공립","20260423"
"고등학교","assigned","7140277","전남보건고등학교","전남광주통합특별시(전남)","전남광주통합특별시 함평군 월야면 문화로 685-18","(월야면,전남보건고등학교)","57124","Q10","특성화고","공립","20260423"
"고등학교","assigned","7140270","전남생명과학고등학교","전남광주통합특별시(전남)","전남광주통합특별시 강진군 강진읍 교촌길 23","(강진읍,전남생명과학고등학교)","59222","Q10","특목고","공립","20260423"
"고등학교","assigned","7140308","전남에너지고등학교","전남광주통합특별시(전남)","전남광주통합특별시 영암군 신북면 황금동로 16-13","(신북면)","58403","Q10","특성화고","공립","20260423"
"고등학교","assigned","7140235","전남예술고등학교","전남광주통합특별시(전남)","전남광주통합특별시 무안군 삼향읍 삼향중앙로 31","(삼향읍,예향관)","58561","Q10","특목고","사립","20260423"
"고등학교","assigned","7140162","전남외국어고등학교","전남광주통합특별시(전남)","전남광주통합특별시 나주시 영나로 2434",", 전남외국어고등학교 (용산동)","58271","Q10","특목고","공립","20260423"
"고등학교","assigned","7140276","전남자연과학고등학교","전남광주통합특별시(전남)","전남광주통합특별시 구례군 구례읍 구례로 409","(구례읍)","57656","Q10","특성화고","공립","20260423"
"고등학교","assigned","7140268","전남조리과학고등학교","전남광주통합특별시(전남)","전남광주통합특별시 곡성군 곡성읍 학교로 71","(곡성읍)","57538","Q10","특성화고","공립","20260423"
"고등학교","assigned","7140209","전남체육고등학교","전남광주통합특별시(전남)","전남광주통합특별시 무안군 일로읍 일로로 126","(일로읍)","58575","Q10","특목고","공립","20260423"
"고등학교","assigned","7140206","조도고등학교","전남광주통합특별시(전남)","전남광주통합특별시 진도군 조도면 명지길 64","(조도면)","58956","Q10","일반고","공립","20260423"
"고등학교","assigned","7140263","중마고등학교","전남광주통합특별시(전남)","전남광주통합특별시 광양시 등논4길 40","(마동)중마고등학교","57774","Q10","일반고","공립","20260423"
"고등학교","assigned","7140202","지명고등학교","전남광주통합특별시(전남)","전남광주통합특별시 신안군 지도읍 해제지도로 1362","(지도읍, 지명고등학교)","58813","Q10","일반고","공립","20260423"
"고등학교","assigned","7140239","진도고등학교","전남광주통합특별시(전남)","전남광주통합특별시 진도군 진도읍 동외4길 117-5","(진도읍, 진도고등학교)","58918","Q10","일반고","사립","20260423"
"고등학교","assigned","7140293","진도국악고등학교","전남광주통합특별시(전남)","전남광주통합특별시 진도군 임회면 석교길 20-4",", 진도국악고등학교 (임회면)","58942","Q10","특목고","공립","20260423"
"고등학교","assigned","7140205","진도실업고등학교","전남광주통합특별시(전남)","전남광주통합특별시 진도군 진도읍 교동3길 10","(진도읍,진도실업고등학교)","58914","Q10","특성화고","공립","20260423"
"고등학교","assigned","7140244","진성여자고등학교","전남광주통합특별시(전남)","전남광주통합특별시 여수시 봉강서4길 3","(봉강동)","59749","Q10","특성화고","사립","20260423"
"고등학교","assigned","7140228","창평고등학교","전남광주통합특별시(전남)","전남광주통합특별시 담양군 창평면 창평로 582","(창평면, 창평고등학교)","57389","Q10","일반고","사립","20260423"
"고등학교","assigned","7140203","하의고등학교","전남광주통합특별시(전남)","전남광주통합특별시 신안군 하의면 곰실길 11-8","(하의면, 하의중고등학교)","58856","Q10","일반고","공립","20260423"
"고등학교","assigned","7140292","한국말산업고등학교","전남광주통합특별시(전남)","전남광주통합특별시 장흥군 대덕읍 도청신월로 155","(대덕읍)","59365","Q10","특성화고","공립","20260423"
"고등학교","assigned","7140290","한국바둑고등학교","전남광주통합특별시(전남)","전남광주통합특별시 순천시 주암면 조달진로 27","(주암면, 한국바둑고등학교)","57911","Q10","특목고","공립","20260423"
"고등학교","assigned","7140306","한국창의예술고등학교","전남광주통합특별시(전남)","전남광주통합특별시 광양시 중마로 400",", 한국창의예술고등학교 (마동)","57777","Q10","특목고","공립","20260423"
"고등학교","assigned","7140269","한국항만물류고등학교","전남광주통합특별시(전남)","전남광주통합특별시 광양시 진상면 신시길 177",", 한국항만물류고등학교 (진상면)","57707","Q10","특목고","공립","20260423"
"고등학교","assigned","7140250","한빛고등학교","전남광주통합특별시(전남)","전남광주통합특별시 담양군 대전면 추성1로 501-21",", 한빛고등학교 (대전면, 한빛고등학교)","57320","Q10","특성화고","사립","20260423"
"고등학교","assigned","7140217","한영고등학교","전남광주통합특별시(전남)","전남광주통합특별시 여수시 장군산길 18-43","(여서동, 한영고등학교)","59720","Q10","일반고","사립","20260423"
"고등학교","assigned","7140283","한울고등학교","전남광주통합특별시(전남)","전남광주통합특별시 곡성군 목사동면 주목로 713",", 한울고등학교 (목사동면)","57553","Q10","특성화고","공립","20260423"
"고등학교","assigned","7140236","함평고등학교","전남광주통합특별시(전남)","전남광주통합특별시 함평군 함평읍 함영로 1584-28","(함평읍, 함평고등학교)","57135","Q10","일반고","사립","20260423"
"고등학교","assigned","7140204","함평골프고등학교","전남광주통합특별시(전남)","전남광주통합특별시 함평군 학교면 학교길 77",", 함평골프고등학교 (학교면)","57162","Q10","특목고","공립","20260423"
"고등학교","assigned","7140305","함평학다리고등학교","전남광주통합특별시(전남)","전남광주통합특별시 함평군 함평읍 영수길 55",", 함평학다리고등학교 (함평읍)","57156","Q10","일반고","공립","20260423"
"고등학교","assigned","7140183","해남고등학교","전남광주통합특별시(전남)","전남광주통합특별시 해남군 해남읍 명문길 7","(해남읍,해남고등학교)","59023","Q10","일반고","공립","20260423"
"고등학교","assigned","7140194","해남공업고등학교","전남광주통합특별시(전남)","전남광주통합특별시 해남군 해남읍 남외2길 7",", 해남공업고등학교 (해남읍)","59034","Q10","특성화고","공립","20260628"
"고등학교","assigned","7140237","해룡고등학교","전남광주통합특별시(전남)","전남광주통합특별시 영광군 영광읍 중앙로 120",", 해룡고등학교 (영광읍)","57047","Q10","일반고","사립","20260423"
"고등학교","assigned","7140191","호남원예고등학교","전남광주통합특별시(전남)","전남광주통합특별시 나주시 금천면 영산로 5691",", 호남원예고등학교 (금천면)","58211","Q10","특성화고","공립","20260423"
"고등학교","assigned","7140178","화순고등학교","전남광주통합특별시(전남)","전남광주통합특별시 화순군 화순읍 진각로 31-9","(화순읍, 화순고등학교)","58136","Q10","일반고","공립","20260423"
"고등학교","assigned","7140199","화순이양고등학교","전남광주통합특별시(전남)","전남광주통합특별시 화순군 이양면 이양로 100-35","(이양면, 이양중고등학교)","58165","Q10","일반고","공립","20260423"
"고등학교","assigned","7140233","화원고등학교","전남광주통합특별시(전남)","전남광주통합특별시 해남군 화원면 신평리길 25-19","(화원면)","59002","Q10","일반고","사립","20260423"
"고등학교","assigned","8321199","강호항공고등학교","전북특별자치도","전북특별자치도 고창군 고창읍 중거리당산로 78-22","(고창읍)","56448","P10","특성화고","사립","20260423"
"고등학교","assigned","8321168","고산고등학교","전북특별자치도","전북특별자치도 완주군 고산면 고산천로 551-23",", 고산고등학교 (고산면)","55308","P10","특성화고","공립","20260423"
"고등학교","assigned","8321197","고창고등학교","전북특별자치도","전북특별자치도 고창군 고창읍 모양성로 50",", 고창고등학교 (고창읍)","56428","P10","일반고","공립","20260423"
"고등학교","assigned","8321200","고창북고등학교","전북특별자치도","전북특별자치도 고창군 흥덕면 선운대로 3714-32","(흥덕면, 고창북고등학교)","56415","P10","일반고","사립","20260423"
"고등학교","assigned","8321107","군산고등학교","전북특별자치도","전북특별자치도 군산시 팔마로 177","군산고등학교 (동흥남동, 군산고등학교)","54041","P10","일반고","공립","20260423"
"고등학교","assigned","8321109","군산기계공업고등학교","전북특별자치도","전북특별자치도 군산시 군중길 28",", 군산기계공업고등학교 (송풍동)","54112","P10","특목고","공립","20260423"
"고등학교","assigned","8321111","군산동고등학교","전북특별자치도","전북특별자치도 군산시 달여길 50","(개정동)","54067","P10","일반고","공립","20260423"
"고등학교","assigned","8321110","군산상일고등학교","전북특별자치도","전북특별자치도 군산시 석치1길 17",", 군산상일고등학교 (문화동)","54112","P10","특성화고","공립","20260423"
"고등학교","assigned","8321108","군산여자고등학교","전북특별자치도","전북특별자치도 군산시 월명1길 16","(월명동, 군산여자고등학교)","54023","P10","일반고","공립","20260423"
"고등학교","assigned","8321112","군산여자상업고등학교","전북특별자치도","전북특별자치도 군산시 신지길 42-8","(지곡동, 군산여자상업고등학교)","54103","P10","특성화고","공립","20260423"
"고등학교","assigned","8321118","군산영광여자고등학교","전북특별자치도","전북특별자치도 군산시 둔배미길 21","(중앙로2가, 군산영광여자고등학교)","54028","P10","일반고","사립","20260423"
"고등학교","assigned","8321115","군산제일고등학교","전북특별자치도","전북특별자치도 군산시 경기장로 142","(조촌동, 군산제일중고등학교)","54073","P10","일반고","사립","20260423"
"고등학교","assigned","8321116","군산중앙고등학교","전북특별자치도","전북특별자치도 군산시 성산면 군장대길 13",", 군산중앙고등학교 (성산면, 군장대학,군산중앙중고등학교)","54045","P10","자율고","사립","20260423"
"고등학교","assigned","8321117","군산중앙여자고등학교","전북특별자치도","전북특별자치도 군산시 축동2길 27",", (수송동, 군산중앙여고)","54089","P10","일반고","사립","20260423"
"고등학교","assigned","8321236","글로벌학산고등학교","전북특별자치도","전북특별자치도 정읍시 학산로 89","글로벌학산고등학교","56192","P10","특성화고","사립","20260423"
"고등학교","assigned","8321158","김제고등학교","전북특별자치도","전북특별자치도 김제시 남북2길 25",", 김제고등학교 (신풍동)","54413","P10","일반고","공립","20260423"
"고등학교","assigned","8321160","김제농생명마이스터고등학교","전북특별자치도","전북특별자치도 김제시 남북9길 23",", 김제농생명마이스터고등학교 (신풍동)","54411","P10","특목고","공립","20260423"
"고등학교","assigned","8321162","김제서고등학교","전북특별자치도","전북특별자치도 김제시 죽산면 해학로 17","(죽산면, 김제서고등학교)","54419","P10","일반고","사립","20260423"
"고등학교","assigned","8321159","김제여자고등학교","전북특별자치도","전북특별자치도 김제시 중앙로 193","(신풍동, 김제여고)","54393","P10","일반고","공립","20260423"
"고등학교","assigned","8321125","남성고등학교","전북특별자치도","전북특별자치도 익산시 동서로35길 41-4","(신동,남성고등학교)","54634","P10","자율고","사립","20260423"
"고등학교","assigned","8321149","남원고등학교","전북특별자치도","전북특별자치도 남원시 만인로 43","(향교동, 남원고등학교)","55728","P10","일반고","공립","20260423"
"고등학교","assigned","8321155","남원국악예술고등학교","전북특별자치도","전북특별자치도 남원시 용성로 323","(월락동)","55735","P10","일반고","사립","20260423"
"고등학교","assigned","8321275","남원서진고등학교","전북특별자치도","전북특별자치도 남원시 낙현길 17-14","(월락동, 남원서진고)","55735","P10","일반고","사립","20260423"
"고등학교","assigned","8321150","남원여자고등학교","전북특별자치도","전북특별자치도 남원시 광천북길 229-11",", 남원여자고등학교 (왕정동)","55746","P10","일반고","공립","20260423"
"고등학교","assigned","8321151","남원용성고등학교","전북특별자치도","전북특별자치도 남원시 농고길 41","(도통동,용성고등학교)","55737","P10","특성화고","공립","20260423"
"고등학교","assigned","8321156","남원제일고등학교","전북특별자치도","전북특별자치도 남원시 노송로 1206","(노암동)","55801","P10","특성화고","사립","20260423"
"고등학교","assigned","8321163","덕암고등학교","전북특별자치도","전북특별자치도 김제시 하공로 9","덕암고등학교","54364","P10","일반고","사립","20260423"
"고등학교","assigned","8321164","덕암정보고등학교","전북특별자치도","전북특별자치도 김제시 하공로 9","덕암정보고등학교","54364","P10","특성화고","사립","20260423"
"고등학교","assigned","8321194","동계고등학교","전북특별자치도","전북특별자치도 순창군 동계면 강동로 74","(동계면, 동계중고교)","56029","P10","일반고","공립","20260423"
"고등학교","assigned","8321161","동국대학교사범대학부속금산고등학교","전북특별자치도","전북특별자치도 김제시 금산면 모악로 47,","동국대학교사범대학부속금산고등학교 (금산면)","54347","P10","일반고","사립","20260423"
"고등학교","assigned","8321089","동암고등학교","전북특별자치도","전북특별자치도 전주시 완산구 소태정4길 1","(효자동2가, 동암고등학교)","55065","P10","일반고","사립","20260423"
"고등학교","assigned","8321179","마령고등학교","전북특별자치도","전북특별자치도 진안군 마령면 임진로 2076",", 마령고등학교 (마령면)","55451","P10","일반고","공립","20260423"
"고등학교","assigned","8321165","만경고등학교","전북특별자치도","전북특별자치도 김제시 만경읍 능제로 29","","54307","P10","일반고","사립","20260423"
"고등학교","assigned","8321166","만경여자고등학교","전북특별자치도","전북특별자치도 김제시 만경읍 만경로 823",", 만경여자고등학교 (만경읍, 만경여중)","54307","P10","일반고","사립","20260423"
"고등학교","assigned","8321184","무주고등학교","전북특별자치도","전북특별자치도 무주군 무주읍 한수로 32","(무주읍, 무주고등학교)","55519","P10","일반고","공립","20260423"
"고등학교","assigned","8321140","배영고등학교","전북특별자치도","전북특별자치도 정읍시 동학로 243",", 배영고등학교 (흑암동)","56153","P10","일반고","사립","20260423"
"고등학교","assigned","8321208","백산고등학교","전북특별자치도","전북특별자치도 부안군 백산면 백산로 379","(백산면, 백산중고등학교)","56323","P10","일반고","사립","20260423"
"고등학교","assigned","8321238","백화고등학교","전북특별자치도","전북특별자치도 장수군 장계면 백화로 4-31",", 백화고등학교 (장계면, 백화고등학교)","55617","P10","일반고","사립","20260423"
"고등학교","assigned","8321203","부안고등학교","전북특별자치도","전북특별자치도 부안군 부안읍 문정로 32","(부안읍, 부안고등학교)","56318","P10","일반고","공립","20260423"
"고등학교","assigned","8321209","부안여자고등학교","전북특별자치도","전북특별자치도 부안군 부안읍 교동1길 54","(부안읍,부안여자고등학교)","56318","P10","일반고","사립","20260423"
"고등학교","assigned","8321188","산서고등학교","전북특별자치도","전북특별자치도 장수군 산서면 보산로 1852-6","(산서면, 산서중고등학교)","55647","P10","일반고","공립","20260423"
"고등학교","assigned","8321090","상산고등학교","전북특별자치도","전북특별자치도 전주시 완산구 거마평로 130","(효자동1가, 상산고등학교)","55081","P10","자율고","사립","20260423"
"고등학교","assigned","8321207","서림고등학교","전북특별자치도","전북특별자치도 부안군 부안읍 용암로 70-5","(부안읍)","56316","P10","일반고","공립","20260423"
"고등학교","assigned","8321141","서영여자고등학교","전북특별자치도","전북특별자치도 정읍시 명덕1길 66-10","(수성동,서영여자고등학교)","56176","P10","일반고","사립","20260423"
"고등학교","assigned","8321181","설천고등학교","전북특별자치도","전북특별자치도 무주군 설천면 하평지길 19",", 설천고등학교 (설천면, 설천중학교, 설천고등학교)","55549","P10","일반고","공립","20260423"
"고등학교","assigned","8321157","성원고등학교","전북특별자치도","전북특별자치도 남원시 대복사길 41",", 성원고등학교 (왕정동)","55742","P10","일반고","사립","20260423"
"고등학교","assigned","8321126","성일고등학교","전북특별자치도","전북특별자치도 익산시 황등면 화강암로 229","(황등면, 성일고등학교)","54533","P10","일반고","사립","20260423"
"고등학교","assigned","8321172","세인고등학교","전북특별자치도","전북특별자치도 완주군 화산면 화산로 1486","(화산면, 세인고등학교)","55305","P10","특성화고","사립","20260423"
"고등학교","assigned","8321268","수소에너지고등학교","전북특별자치도","전북특별자치도 완주군 삼례읍 삼례역로 41-1","(삼례읍, 수소에너지고등학교)","55343","P10","특성화고","공립","20260423"
"고등학교","assigned","8321196","순창고등학교","전북특별자치도","전북특별자치도 순창군 순창읍 옥천로 67-14","(순창읍, 순창고교)","56036","P10","일반고","사립","20260423"
"고등학교","assigned","8321195","순창제일고등학교","전북특별자치도","전북특별자치도 순창군 순창읍 담순로 1411","(순창읍, 순창제일고교)","56032","P10","일반고","공립","20260423"
"고등학교","assigned","8321142","신태인고등학교","전북특별자치도","전북특별자치도 정읍시 신태인읍 서태길 108","(신태인읍, 신태인고등학교)","56104","P10","일반고","사립","20260423"
"고등학교","assigned","8321182","안성고등학교","전북특별자치도","전북특별자치도 무주군 안성면 구량천로 147","(안성면,안성고등학교)","55536","P10","일반고","공립","20260423"
"고등학교","assigned","8321178","안천고등학교","전북특별자치도","전북특별자치도 진안군 안천면 진무로 3071-9","(안천면, 안천 초,중고)","55407","P10","일반고","공립","20260423"
"고등학교","assigned","8321083","양현고등학교","전북특별자치도","전북특별자치도 전주시 덕진구 틀못2길 9","(장동)","54862","P10","일반고","공립","20260423"
"고등학교","assigned","8321122","여산고등학교","전북특별자치도","전북특별자치도 익산시 여산면 가람로 465","(여산면, 여산고등학교)","54518","P10","일반고","공립","20260423"
"고등학교","assigned","8321092","완산고등학교","전북특별자치도","전북특별자치도 전주시 완산구 능안자구길 55","(삼천동3가,완산고등학교)","55071","P10","일반고","사립","20260423"
"고등학교","assigned","8321093","완산여자고등학교","전북특별자치도","전북특별자치도 전주시 완산구 덕적골1길 60",", 완산여자고등학교 (평화동1가, 완산여자고등학교)","55121","P10","특성화고","사립","20260423"
"고등학교","assigned","8321173","완주고등학교","전북특별자치도","전북특별자치도 완주군 봉동읍 봉동로 172","(봉동읍,완주고등학교)","55326","P10","일반고","사립","20260423"
"고등학교","assigned","8321143","왕신여자고등학교","전북특별자치도","전북특별자치도 정읍시 신태인읍 정신로 1094","(신태인읍, 왕신여중고등학교)","56106","P10","일반고","사립","20260423"
"고등학교","assigned","8321094","우석고등학교","전북특별자치도","전북특별자치도 전주시 덕진구 쪽구름2길 22","(여의동2가)","54847","P10","일반고","사립","20260423"
"고등학교","assigned","8321127","원광고등학교","전북특별자치도","전북특별자치도 익산시 무왕로31길 139","(부송동, 원광고등학교)","54549","P10","일반고","사립","20260423"
"고등학교","assigned","8321129","원광보건고등학교","전북특별자치도","전북특별자치도 익산시 선화로13길 72","(모현동1가)","54655","P10","일반고","사립","20260423"
"고등학교","assigned","8321128","원광여자고등학교","전북특별자치도","전북특별자치도 익산시 선화로13길 72","(모현동1가, 원광여자고등학교)","54655","P10","일반고","사립","20260423"
"고등학교","assigned","8321205","위도고등학교","전북특별자치도","전북특별자치도 부안군 위도면 위도로 245",", 위도중고등학교 (위도면, 위도중고등학교)","56348","P10","일반고","공립","20260423"
"고등학교","assigned","8321095","유일여자고등학교","전북특별자치도","전북특별자치도 전주시 덕진구 안덕원로 301","(인후동1가)","54914","P10","일반고","사립","20260423"
"고등학교","assigned","8321119","이리고등학교","전북특별자치도","전북특별자치도 익산시 익산대로36길 35","(남중동, 이리고등학교)","54620","P10","일반고","공립","20260423"
"고등학교","assigned","8321121","이리공업고등학교","전북특별자치도","전북특별자치도 익산시 동서로14길 30-2","(남중동,이리공업고등학교)","54619","P10","특성화고","공립","20260423"
"고등학교","assigned","8321130","이리남성여자고등학교","전북특별자치도","전북특별자치도 익산시 동서로35길 41","(영등동,이리남성여자고등학교)","54634","P10","일반고","사립","20260423"
"고등학교","assigned","8321120","이리여자고등학교","전북특별자치도","전북특별자치도 익산시 익산대로24길 8-5","(남중동,이리여자고등학교)","54592","P10","일반고","공립","20260423"
"고등학교","assigned","8321131","이일여자고등학교","전북특별자치도","전북특별자치도 익산시 평동로7길 30",", 이일여자고등학교 (인화동1가,이일여자중고교)","54603","P10","일반고","사립","20260423"
"고등학교","assigned","8321132","익산고등학교","전북특별자치도","전북특별자치도 익산시 금마면 고도길 85","(금마면)","54572","P10","일반고","사립","20260423"
"고등학교","assigned","8321144","인상고등학교","전북특별자치도","전북특별자치도 정읍시 신태인읍 벽골제로 34","(신태인읍, 인상고등학교)","56101","P10","일반고","사립","20260423"
"고등학교","assigned","8321152","인월고등학교","전북특별자치도","전북특별자치도 남원시 인월면 인월장터로 48","(인월면, 인월중고등학교)","55715","P10","일반고","공립","20260423"
"고등학교","assigned","8321191","임실고등학교","전북특별자치도","전북특별자치도 임실군 임실읍 봉황로 257","(임실읍)","55925","P10","일반고","공립","20260423"
"고등학교","assigned","8321237","자유고등학교","전북특별자치도","전북특별자치도 고창군 고창읍 모양성로 95","(고창읍)","56434","P10","일반고","사립","20260423"
"고등학교","assigned","8321186","장수고등학교","전북특별자치도","전북특별자치도 장수군 장수읍 장천로 254-16","(장수읍, 장수고등학교)","55630","P10","일반고","공립","20260423"
"고등학교","assigned","8321080","전라고등학교","전북특별자치도","전북특별자치도 전주시 덕진구 솔내7길 25","(송천동1가, 전라고등학교)","54836","P10","일반고","공립","20260423"
"고등학교","assigned","8321124","전북과학고등학교","전북특별자치도","전북특별자치도 익산시 금마면 용순신기길 48-69",", 전북과학고등학교 (금마면, 전북과학고교)","54574","P10","특목고","공립","20260423"
"고등학교","assigned","1421118","전북기계공업고등학교","전북특별자치도","전라북도 익산시 인북로32길 41","(남중동)","54622","P10","특목고","국립","20260423"
"고등학교","assigned","7003982","전북대학교사범대학부설고등학교","전북특별자치도","전북특별자치도 전주시 덕진구 조경단로 117","(금암동, 전북사대부설고등학교)","54896","P10","일반고","국립","20260423"
"고등학교","assigned","8321235","전북베이커리고등학교","전북특별자치도","전북특별자치도 부안군 행안면 춘헌길 1",", 전북베이커리고등학교 (행안면)","56310","P10","특성화고","공립","20260423"
"고등학교","assigned","8321096","전북여자고등학교","전북특별자치도","전북특별자치도 전주시 덕진구 여산로 232","전북여자고등학교","54849","P10","일반고","사립","20260423"
"고등학교","assigned","8321114","전북외국어고등학교","전북특별자치도","전북특별자치도 군산시 해망로 525","(소룡동,전북외국어고등학교)","54016","P10","특목고","공립","20260423"
"고등학교","assigned","8321187","전북유니텍고등학교","전북특별자치도","전북특별자치도 장수군 장계면 장계7길 3",", 전북유니텍고등학교 (장계면, 전북유니텍고등학교)","55612","P10","특성화고","공립","20260423"
"고등학교","assigned","8321270","전북인공지능고등학교","전북특별자치도","전북특별자치도 고창군 무장면 왕제산로 713","(무장면, 전북인공지능고등학교)","56455","P10","특성화고","사립","20260423"
"고등학교","assigned","8321273","전북자동차고등학교","전북특별자치도","전북특별자치도 부안군 줄포면 우포로 10",", 전북자동차고등학교 (줄포면)","56325","P10","특성화고","공립","20260423"
"고등학교","assigned","8321133","전북제일고등학교","전북특별자치도","전북특별자치도 익산시 학곤로 19","(평화동, 제일고등학교)","54667","P10","일반고","사립","20260423"
"고등학교","assigned","8321171","전북체육고등학교","전북특별자치도","전북특별자치도 완주군 소양면 원암로 46","(소양면,전북체육중고교)","55347","P10","특목고","공립","20260423"
"고등학교","assigned","8321234","전북펫고등학교","전북특별자치도","전북특별자치도 임실군 오수면 충효로 2099-23","(오수면, 전북펫고등학교)","55951","P10","특성화고","공립","20260423"
"고등학교","assigned","8321097","전일고등학교","전북특별자치도","전북특별자치도 전주시 완산구 우전로 249","(효자동2가, 전일고등학교)","54965","P10","일반고","사립","20260423"
"고등학교","assigned","8321079","전주고등학교","전북특별자치도","전북특별자치도 전주시 완산구 권삼득로 2","(중노송동, 전주고등학교)","55007","P10","일반고","공립","20260423"
"방송통신고등학교","assigned","8321210","전주고등학교부설방송통신고등학교","전북특별자치도","전북특별자치도 전주시 완산구 권삼득로 2","(중노송동, 전주고등학교)","55007","P10","일반고","공립","20260423"
"고등학교","assigned","8321088","전주공업고등학교","전북특별자치도","전북특별자치도 전주시 덕진구 여산로 101","(여의동, 전주공업고등학교)","54851","P10","특성화고","공립","20260423"
"고등학교","assigned","8321098","전주근영여자고등학교","전북특별자치도","전북특별자치도 전주시 완산구 영경1길 11","(중화산동2가)","54984","P10","일반고","사립","20260423"
"고등학교","assigned","8321099","전주기전여자고등학교","전북특별자치도","전북특별자치도 전주시 완산구 유연로 133","(효자동3가)","54960","P10","일반고","사립","20260423"
"고등학교","assigned","8321091","전주대학교사범대학부설고등학교","전북특별자치도","전북특별자치도 전주시 완산구 천잠로 313","(효자동3가, 전주사대부설고등학교)","55069","P10","일반고","사립","20260423"
"고등학교","assigned","8321085","전주생명과학고등학교","전북특별자치도","전북특별자치도 전주시 덕진구 안덕원로 195","(인후동2가,전주생명과학고등학교)","54919","P10","특성화고","공립","20260423"
"고등학교","assigned","8321100","전주성심여자고등학교","전북특별자치도","전북특별자치도 전주시 완산구 경기전길 130",", 성심여자고등학교 (교동,성심여중고교)","55044","P10","일반고","사립","20260423"
"고등학교","assigned","8321082","전주솔내고등학교","전북특별자치도","전북특별자치도 전주시 덕진구 송천중앙로 170","(송천동1가,전주솔내고등학교)","54835","P10","일반고","공립","20260423"
"고등학교","assigned","8321101","전주신흥고등학교","전북특별자치도","전북특별자치도 전주시 완산구 서원로 399",", 전주신흥고등학교 (중화산동1가)","54989","P10","일반고","사립","20260423"
"고등학교","assigned","8321081","전주여자고등학교","전북특별자치도","전북특별자치도 전주시 덕진구 모래내6길 14","(인후동2가,전주여자고등학교)","54927","P10","일반고","공립","20260423"
"방송통신고등학교","assigned","8321211","전주여자고등학교부설방송통신고등학교","전북특별자치도","전북특별자치도 전주시 덕진구 모래내6길 14","(인후동2가,전주여자고등학교)","54927","P10","일반고","공립","20260423"
"고등학교","assigned","8321272","전주여자상업고등학교","전북특별자치도","전북특별자치도 전주시 완산구 따박골2길 21",", 전주여자상업고등학교(중화산동2가)","55049","P10","특성화고","공립","20260423"
"고등학교","assigned","8321102","전주영생고등학교","전북특별자치도","전북특별자치도 전주시 완산구 천잠로 333","(효자동3가,영생고등학교)","55069","P10","일반고","사립","20260423"
"고등학교","assigned","8321174","전주예술고등학교","전북특별자치도","전북특별자치도 완주군 구이면 신전길 120","(구이면, 전주예술중고등학교)","55362","P10","일반고","사립","20260423"
"고등학교","assigned","8321086","전주제일고등학교","전북특별자치도","전북특별자치도 전주시 완산구 관선5길 15",", 전주제일고등학교 (남노송동)","55034","P10","일반고","공립","20260423"
"고등학교","assigned","8321103","전주중앙여자고등학교","전북특별자치도","전북특별자치도 전주시 덕진구 석소로 25","(인후동1가, 전주중앙여고교)","55021","P10","일반고","사립","20260423"
"고등학교","assigned","8321104","전주한일고등학교","전북특별자치도","전북특별자치도 전주시 완산구 백제대로 442",", 전주한일고등학교 (서신동)","54940","P10","일반고","사립","20260423"
"고등학교","assigned","8321105","전주해성고등학교","전북특별자치도","전북특별자치도 전주시 완산구 계룡산길 88","(삼천동2가, 전주해성중,고등학교)","55074","P10","일반고","사립","20260423"
"고등학교","assigned","8321136","정읍고등학교","전북특별자치도","전북특별자치도 정읍시 정읍사로 594","(시기동, 정읍고등학교)","56205","P10","일반고","공립","20260423"
"고등학교","assigned","8321137","정읍여자고등학교","전북특별자치도","전북특별자치도 정읍시 충정로 56-11","(상동, 정읍여자고등학교)","56191","P10","일반고","공립","20260423"
"고등학교","assigned","8321138","정읍제일고등학교","전북특별자치도","전북특별자치도 정읍시 충정로 252","(수성동, 정읍제일고등학교)","56180","P10","특성화고","공립","20260423"
"고등학교","assigned","8321145","정주고등학교","전북특별자치도","전북특별자치도 정읍시 정주1길 42","(금붕동, 정주 고등학교)","56196","P10","일반고","사립","20260423"
"고등학교","assigned","8321167","지평선고등학교","전북특별자치도","전북특별자치도 김제시 성덕면 성동길 183-4",", 지평선고등학교","54314","P10","특성화고","사립","20260423"
"고등학교","assigned","8321134","진경여자고등학교","전북특별자치도","전북특별자치도 익산시 황등면 황등서로 40-92","","54534","P10","특성화고","사립","20260423"
"고등학교","assigned","8321177","진안제일고등학교","전북특별자치도","전북특별자치도 진안군 진안읍 대광3길 25-5","(진안읍, 진안제일고등학교)","55437","P10","일반고","공립","20260423"
"고등학교","assigned","8321139","칠보고등학교","전북특별자치도","전북특별자치도 정읍시 칠보면 건흥길 26-5",", 칠보고등학교 (칠보면)","56128","P10","특성화고","공립","20260423"
"고등학교","assigned","8321146","태인고등학교","전북특별자치도","전북특별자치도 정읍시 태인면 석지로 1469","(태인면, 태인중고등학교)","56115","P10","일반고","사립","20260423"
"고등학교","assigned","8321185","푸른꿈고등학교","전북특별자치도","전북특별자치도 무주군 안성면 진성로 2312-9","(안성면, 푸른꿈고등학교)","55534","P10","특성화고","사립","20260423"
"고등학교","assigned","8321175","한국게임과학고등학교","전북특별자치도","전북특별자치도 완주군 운주면 대둔산로 1336","(운주면, 한국게임과학고등학교)","55300","P10","특성화고","사립","20260423"
"고등학교","assigned","8321153","한국경마축산고등학교","전북특별자치도","전북특별자치도 남원시 운봉읍 황산로 952",", 한국경마축산고등학교 (운봉읍,한국경마축산고등학교)","55719","P10","특목고","공립","20260423"
"고등학교","assigned","8321233","한국기술부사관고등학교","전북특별자치도","전북특별자치도 진안군 진안읍 상역로 96","(진안읍,한국기술부사관고등학교)","55424","P10","특성화고","공립","20260423"
"고등학교","assigned","8321190","한국마사고등학교","전북특별자치도","전북특별자치도 장수군 장계면 명덕길 14","(장계면, 한국마사고등학교)","55620","P10","일반고","사립","20260423"
"고등학교","assigned","8321084","한국전통문화고등학교","전북특별자치도","전북특별자치도 전주시 완산구 중인1길 68-13","(중인동,한국전통문화고등학교)","55142","P10","일반고","공립","20260423"
"고등학교","assigned","8321193","한국치즈과학고등학교","전북특별자치도","전북특별자치도 임실군 강진면 갈담3길 48","(강진면, 한국치즈과학고등학교)","55939","P10","특성화고","공립","20260423"
"고등학교","assigned","8321180","한국한방고등학교","전북특별자치도","전북특별자치도 진안군 진안읍 임진로 2765","(진안읍, 한국한방고등학교)","55440","P10","특성화고","사립","20260423"
"고등학교","assigned","8321113","한들고등학교","전북특별자치도","전북특별자치도 군산시 대야면 만자로 60","(대야면)","54061","P10","일반고","공립","20260423"
"고등학교","assigned","8321169","한별고등학교","전북특별자치도","전북특별자치도 완주군 삼례읍 충혼안길 20","(삼례읍,한별고등학교)","55342","P10","일반고","공립","20260423"
"고등학교","assigned","8321123","함열고등학교","전북특별자치도","전북특별자치도 익산시 함열읍 와리3길 19-3","(함열읍, 함열고등학교)","54511","P10","일반고","공립","20260423"
"고등학교","assigned","8321135","함열여자고등학교","전북특별자치도","전북특별자치도 익산시 익산대로 1852","(함열읍,함열여자고등학교)","54510","P10","일반고","사립","20260423"
"고등학교","assigned","8321198","해리고등학교","전북특별자치도","전북특별자치도 고창군 해리면 해리중앙로 146","(해리면, 해리고등학교)","56402","P10","일반고","공립","20260423"
"고등학교","assigned","8321148","호남고등학교","전북특별자치도","전북특별자치도 정읍시 정읍남로 1364-13","(시기동, 호남중 고등학교)","56202","P10","일반고","사립","20260423"
"고등학교","assigned","8321106","호남제일고등학교","전북특별자치도","전북특별자치도 전주시 완산구 서원로 53","(효자동3가,호남제일고)","54965","P10","일반고","사립","20260423"
"고등학교","assigned","9290076","남녕고등학교","제주특별자치도","제주특별자치도 제주시 도령로 55",", 남녕고등학교 (연동)","63128","T10","일반고","사립","20260423"
"고등학교","assigned","9290073","남주고등학교","제주특별자치도","제주특별자치도 서귀포시 동홍로303번길 14","(동홍동,남주고등학교)","63579","T10","일반고","사립","20260423"
"고등학교","assigned","9290075","대기고등학교","제주특별자치도","제주특별자치도 제주시 번영로 453-6","(봉개동,대기고등학교)","63328","T10","일반고","사립","20260423"
"고등학교","assigned","9290056","대정고등학교","제주특별자치도","제주특별자치도 서귀포시 대정읍 일주서로2498번길 21",", 대정고등학교 (대정읍)","63509","T10","일반고","공립","20260423"
"고등학교","assigned","9290057","대정여자고등학교","제주특별자치도","제주특별자치도 서귀포시 대정읍 대한로88번길 82-22",", 대정여자고등학교 (대정읍)","63509","T10","자율고","공립","20260423"
"고등학교","assigned","9290074","삼성여자고등학교","제주특별자치도","제주특별자치도 서귀포시 검은여로 151",", 삼성여자고등학교 (토평동)","63598","T10","일반고","사립","20260423"
"고등학교","assigned","9290059","서귀포고등학교","제주특별자치도","제주특별자치도 서귀포시 중앙로 140","(동홍동)","63585","T10","일반고","공립","20260423"
"고등학교","assigned","9290060","서귀포산업과학고등학교","제주특별자치도","제주특별자치도 서귀포시 516로 501",", 서귀포산업과학고등학교 (상효동)","63582","T10","특성화고","공립","20260423"
"고등학교","assigned","9290061","서귀포여자고등학교","제주특별자치도","제주특별자치도 서귀포시 태평로 80","(호근동,서귀포여자고등학교)","63571","T10","일반고","공립","20260423"
"고등학교","assigned","9290102","성산고등학교","제주특별자치도","제주특별자치도 서귀포시 성산읍 한도로 79-17",", 성산고등학교 (성산읍)","63639","T10","일반고","공립","20260423"
"고등학교","assigned","9290064","세화고등학교","제주특별자치도","제주특별자치도 제주시 구좌읍 세종로 26","(구좌읍, 세화고등학교)","63361","T10","일반고","공립","20260423"
"고등학교","assigned","9290072","신성여자고등학교","제주특별자치도","제주특별자치도 제주시 아봉로 174-1","(영평동, 신성여자고등학교)","63308","T10","일반고","사립","20260423"
"고등학교","assigned","9290086","애월고등학교","제주특별자치도","제주특별자치도 제주시 애월읍 일주서로 6372-20","(애월읍,애월고등학교)","63044","T10","일반고","공립","20260423"
"고등학교","assigned","9290089","영주고등학교","제주특별자치도","제주특별자치도 제주시 첨단동길 92","(월평동,영주고등학교)","63311","T10","일반고","사립","20260423"
"고등학교","assigned","9290069","오현고등학교","제주특별자치도","제주특별자치도 제주시 일주동로 101",", 오현고등학교 (화북일동)","63293","T10","일반고","사립","20260423"
"고등학교","assigned","9290096","제주고등학교","제주특별자치도","제주특별자치도 제주시 1100로 3213","(노형동)","63092","T10","특성화고","공립","20260423"
"고등학교","assigned","9290066","제주과학고등학교","제주특별자치도","제주특별자치도 제주시 산록북로 421-1","(오라이동)","63144","T10","특목고","공립","20260423"
"고등학교","assigned","7003713","제주대학교사범대학부설고등학교","제주특별자치도","제주특별자치도 제주시 용담로 65","(용담삼동)","63151","T10","일반고","국립","20260423"
"고등학교","assigned","9290071","제주여자고등학교","제주특별자치도","제주특별자치도 제주시 구산로 50",", 제주여자고등학교 (아라일동)","63236","T10","일반고","사립","20260423"
"고등학교","assigned","9290051","제주여자상업고등학교","제주특별자치도","제주특별자치도 제주시 동문로 89-1","(건입동)","63282","T10","특성화고","공립","20260423"
"고등학교","assigned","9290068","제주외국어고등학교","제주특별자치도","제주특별자치도 제주시 애월읍 고성남길 34","(애월읍)","63065","T10","특목고","공립","20260423"
"고등학교","assigned","9290049","제주제일고등학교","제주특별자치도","제주특별자치도 제주시 진군길 22","(노형동,제주제일고등학교)","63087","T10","일반고","공립","20260423"
"방송통신고등학교","assigned","9290079","제주제일고등학교부설방송통신고등학교","제주특별자치도","제주특별자치도 제주시 진군길 22","(노형동)","63087","T10","일반고","공립","20260423"
"고등학교","assigned","9290088","제주중앙고등학교","제주특별자치도","제주특별자치도 제주시 아봉로 323","(월평동)","63311","T10","일반고","사립","20260423"
"고등학교","assigned","9290050","제주중앙여자고등학교","제주특별자치도","제주특별자치도 제주시 구남동5길 11","(이도이동)","63231","T10","일반고","공립","20260423"
"고등학교","assigned","9290128","중문고등학교","제주특별자치도","제주특별자치도 서귀포시 일주서로570번길 19","(대포동)","63540","T10","특성화고","공립","20260423"
"고등학교","assigned","9290087","표선고등학교","제주특별자치도","제주특별자치도 서귀포시 표선면 표선중앙로 22-15","(표선면,표선고등학교)","63629","T10","일반고","공립","20260423"
"고등학교","assigned","9290104","한국뷰티고등학교","제주특별자치도","제주특별자치도 제주시 한경면 용고로 70",", 한국뷰티고등학교 (한경면)","63008","T10","특성화고","공립","20260423"
"고등학교","assigned","9290055","한림고등학교","제주특별자치도","제주특별자치도 제주시 한림읍 월계로 74",", 한림고등학교 (한림읍)","63012","T10","일반고","공립","20260423"
"고등학교","assigned","9290226","한림항공우주고등학교","제주특별자치도","제주특별자치도 제주시 한림읍 한림중앙로 87","(한림읍)","63028","T10","특성화고","공립","20260423"
"고등학교","assigned","9290103","함덕고등학교","제주특별자치도","제주특별자치도 제주시 조천읍 신흥로 9",", (신흥리 215번지) 함덕고등학교 (조천읍)","63332","T10","일반고","공립","20260423"
"고등학교","assigned","8140032","갈산고등학교","충청남도","충청남도 홍성군 갈산면 상촌로9번길 39","(갈산면,갈산중학교)","32202","N10","일반고","공립","20260423"
"고등학교","assigned","8140034","강경고등학교","충청남도","충청남도 논산시 강경읍 계백로 188","(강경읍, 강경고등학교)","32938","N10","일반고","공립","20260423"
"고등학교","assigned","8140378","강경상업고등학교","충청남도","충청남도 논산시 강경읍 계백로 220","(강경읍, 강경상업정보고등학교)","32938","N10","특성화고","공립","20260423"
"고등학교","assigned","8140360","건양대학교병설건양고등학교","충청남도","충청남도 논산시 양촌면 황산벌로 486-21","(양촌면)","33022","N10","일반고","사립","20260423"
"고등학교","assigned","8140237","계룡고등학교","충청남도","충청남도 계룡시 두마면 서금암로 89","(두마면)","32827","N10","일반고","공립","20260423"
"고등학교","assigned","8140036","공주고등학교","충청남도","충청남도 공주시 공주고담길 2","(중학동, 공주고등학교)","32564","N10","일반고","공립","20260423"
"고등학교","assigned","8140080","공주금성여자고등학교","충청남도","충청남도 공주시 무령로 103","(웅진동, 공주금성여자고등학교)","32542","N10","일반고","사립","20260423"
"고등학교","assigned","8140347","공주마이스터고등학교","충청남도","충청남도 공주시 유구읍 중앙1길 27-12",", 공주마이스터고등학교 (유구읍)","32506","N10","특목고","공립","20260423"
"고등학교","assigned","8140238","공주생명과학고등학교","충청남도","충청남도 공주시 금벽로 317","(신관동)","32529","N10","특성화고","공립","20260423"
"고등학교","assigned","8140037","공주여자고등학교","충청남도","충청남도 공주시 공주여고길 14-1","(금학동, 공주여자고등학교)","32602","N10","일반고","공립","20260423"
"고등학교","assigned","8140082","공주영명고등학교","충청남도","충청남도 공주시 영명학당2길 33","(중동,공주영명중고등학교)","32563","N10","일반고","사립","20260423"
"고등학교","assigned","8140196","공주정보고등학교","충청남도","충청남도 공주시 마근동길 29","(금흥동,공주정보고등학교)","32589","N10","특성화고","사립","20260423"
"고등학교","assigned","C035903","국립공주대학교사범대학부설고등학교","충청남도","충청남도 공주시 봉황로 75","공주대학교사범대학부설고등학교","32550","N10","일반고","국립","20260423"
"고등학교","assigned","8140498","국방항공고등학교","충청남도","충청남도 논산시 시민로 365","(취암동, 국방항공고등학교)","32954","N10","특성화고","공립","20260423"
"고등학교","assigned","8140038","금산고등학교","충청남도","충청남도 금산군 금산읍 탑선길 5","(금산읍, 금산중고등학교)","32734","N10","일반고","공립","20260423"
"고등학교","assigned","8140115","금산산업고등학교","충청남도","충청남도 금산군 금산읍 진악로 1003","(금산읍)","32742","N10","특성화고","공립","20260423"
"고등학교","assigned","8140039","금산여자고등학교","충청남도","충청남도 금산군 금산읍 인삼로 21","(금산읍, 금산여자고등학교)","32737","N10","일반고","공립","20260423"
"고등학교","assigned","8140343","금산하이텍고등학교","충청남도","충청남도 금산군 진산면 대둔산로","412","32704","N10","특성화고","공립","20260423"
"고등학교","assigned","8140040","논산고등학교","충청남도","충청남도 논산시 시민로 173-9","(내동, 논산고등학교)","32988","N10","일반고","공립","20260423"
"고등학교","assigned","8140085","논산대건고등학교","충청남도","충청남도 논산시 논산대로 119","(등화동)","32960","N10","일반고","사립","20260423"
"고등학교","assigned","8140041","논산여자고등학교","충청남도","충청남도 논산시 중앙로 325","(취암동)","32978","N10","일반고","공립","20260423"
"고등학교","assigned","8140152","논산여자상업고등학교","충청남도","충청남도 논산시 시민로 197","(강산동, 논산여상)","32988","N10","특성화고","사립","20260423"
"고등학교","assigned","8140042","당진고등학교","충청남도","충청남도 당진시 백암로 219-20","(채운동)","31784","N10","일반고","공립","20260423"
"고등학교","assigned","8140118","당진정보고등학교","충청남도","충청남도 당진시 운학길 5","(채운동)","31784","N10","특성화고","공립","20260423"
"고등학교","assigned","8140254","대산고등학교","충청남도","충청남도 서산시 대산읍 대산1로 36","(대산읍)","31909","N10","자율고","공립","20260423"
"고등학교","assigned","8140044","대천고등학교","충청남도","충청남도 보령시 대고로 58","(죽정동)","33441","N10","일반고","공립","20260423"
"고등학교","assigned","8140045","대천여자고등학교","충청남도","충청남도 보령시 중앙로 264","(대천동)","33451","N10","일반고","공립","20260423"
"고등학교","assigned","8140120","대천여자상업고등학교","충청남도","충청남도 보령시 여상길 60","(내항동)","33492","N10","특성화고","공립","20260423"
"고등학교","assigned","8140086","대흥고등학교","충청남도","충청남도 예산군 대흥면 예당로 845","(대흥면)","32450","N10","일반고","사립","20260423"
"고등학교","assigned","8140046","덕산고등학교","충청남도","충청남도 예산군 삽교읍 예학로 138","(삽교읍, 덕산고등학교)","32416","N10","일반고","공립","20260423"
"고등학교","assigned","8140048","만리포고등학교","충청남도","충청남도 태안군 소원면 서해로 631","(소원면, 만리포고등학교)","32120","N10","일반고","공립","20260423"
"고등학교","assigned","8140049","목천고등학교","충청남도","충청남도 천안시 동남구 목천읍 삼방로 145","(목천읍, 목천중고등학교)","31231","N10","일반고","공립","20260423"
"고등학교","assigned","8140256","배방고등학교","충청남도","충청남도 아산시 배방읍 배방산길359번길 61","(배방읍)","31496","N10","일반고","공립","20260423"
"고등학교","assigned","8140050","병천고등학교","충청남도","충청남도 천안시 동남구 병천면 충절로 1872","(병천면, 병천중고등학교)","31256","N10","특성화고","공립","20260423"
"고등학교","assigned","8140087","복자여자고등학교","충청남도","충청남도 천안시 동남구 복자1길 1","(성황동, 복자여자중고등학교)","31122","N10","일반고","사립","20260423"
"고등학교","assigned","8140051","부석고등학교","충청남도","충청남도 서산시 부석면 무학로 1180-9","(부석면)","32019","N10","일반고","공립","20260423"
"고등학교","assigned","8140052","부여고등학교","충청남도","충청남도 부여군 부여읍 금성로91번길 3","(부여읍,부여고등학교)","33160","N10","일반고","공립","20260423"
"고등학교","assigned","8140053","부여여자고등학교","충청남도","충청남도 부여군 부여읍 부소로 47","(부여읍, 부여여자고등학교)","33136","N10","일반고","공립","20260423"
"고등학교","assigned","8140192","부여전자고등학교","충청남도","충청남도 부여군 임천면 충절로 1027","(임천면,부여전자고등학교)","33221","N10","특성화고","공립","20260423"
"고등학교","assigned","8140193","부여정보고등학교","충청남도","충청남도 부여군 규암면 충절로2316번길 24","(규암면)","33123","N10","특성화고","공립","20260423"
"고등학교","assigned","8140270","북일고등학교","충청남도","충청남도 천안시 동남구 단대로 69","(신부동)","31115","N10","자율고","사립","20260423"
"고등학교","assigned","8140271","북일여자고등학교","충청남도","충청남도 천안시 동남구 단대로 71","(신부동)","31115","N10","일반고","사립","20260423"
"고등학교","assigned","8140501","비전고등학교","충청남도","충청남도 서천군 서천읍 서문로 327","(서천읍)","33631","N10","특성화고","사립","20260423"
"고등학교","assigned","8140088","삽교고등학교","충청남도","충청남도 예산군 삽교읍 삽교로 161","(삽교읍, 삽교고등학교)","32414","N10","일반고","사립","20260423"
"고등학교","assigned","8140089","서령고등학교","충청남도","충청남도 서산시 서령로 117-1","(동문동,서령고등학교)","31965","N10","일반고","사립","20260423"
"고등학교","assigned","8140200","서산고등학교","충청남도","충청남도 서산시 해미면 서문3길 37","(해미면, 서산고등학교)","31960","N10","일반고","공립","20260423"
"고등학교","assigned","8140391","서산공업고등학교","충청남도","충청남도 서산시 운산면 운암로 1072-12","(운산면)","31945","N10","특성화고","공립","20260423"
"고등학교","assigned","8140054","서산여자고등학교","충청남도","충청남도 서산시 정주골6길 27","(석림동)","32003","N10","일반고","공립","20260423"
"고등학교","assigned","8140260","서산중앙고등학교","충청남도","충청남도 서산시 벌말1길 23","(동문동, 서산중앙고등학교)","32002","N10","일반고","공립","20260423"
"고등학교","assigned","8140090","서야고등학교","충청남도","충청남도 당진시 합덕읍 덕평로 335","(합덕읍)","31814","N10","일반고","사립","20260423"
"고등학교","assigned","8140209","서일고등학교","충청남도","충청남도 서산시 지곡면 화천3길 56","(지곡면,서일고등학교)","31919","N10","일반고","사립","20260423"
"고등학교","assigned","8140055","서천고등학교","충청남도","충청남도 서천군 서천읍 사곡로43번길 13-16","(서천읍)","33636","N10","일반고","공립","20260423"
"고등학교","assigned","8140056","서천여자고등학교","충청남도","충청남도 서천군 서천읍 군청로 84",", 서천여자중고등학교 (서천읍)","33638","N10","자율고","공립","20260423"
"고등학교","assigned","8140091","서해삼육고등학교","충청남도","충청남도 홍성군 광천읍 홍남로705번길 23","(광천읍)","32292","N10","일반고","사립","20260423"
"고등학교","assigned","8140266","설화고등학교","충청남도","충청남도 아산시 배방읍 용연로","111 설화고등학교","31467","N10","일반고","공립","20260423"
"고등학교","assigned","8140093","송악고등학교","충청남도","충청남도 당진시 송악읍 송악로 165","(송악읍)","31732","N10","일반고","사립","20260423"
"고등학교","assigned","8140094","신평고등학교","충청남도","충청남도 당진시 신평면 서해로 7076","(신평면, 신평고등학교)","31746","N10","일반고","사립","20260423"
"고등학교","assigned","8140095","쌘뽈여자고등학교","충청남도","충청남도 논산시 시민로 411","(부창동)","32954","N10","일반고","사립","20260423"
"고등학교","assigned","8140096","아산고등학교","충청남도","충청남도 아산시 번영로115번길 21","(온천동)","31511","N10","일반고","사립","20260423"
"고등학교","assigned","8140472","아산스마트팩토리마이스터고등학교","충청남도","충청남도 아산시 둔포면 둔포중앙로133번길 42","(둔포면, 아산스마트팩토리마이스터고등학교)","31404","N10","특목고","공립","20260423"
"고등학교","assigned","8140491","아산충무고등학교","충청남도","충청남도 아산시 둔포면 둔포로38번길 145","아산충무고등학교","31406","N10","일반고","공립","20260423"
"고등학교","assigned","8140058","안면고등학교","충청남도","충청남도 태안군 안면읍 조운막터길 73","(안면읍, 안면고등학교)","32166","N10","일반고","공립","20260423"
"고등학교","assigned","8140098","연무고등학교","충청남도","충청남도 논산시 연무읍 동안로887번길 5","(연무읍, 연무고등학교,연무여자중학교)","33009","N10","일반고","사립","20260423"
"고등학교","assigned","8140482","연무마이스터고등학교","충청남도","충청남도 논산시 연무읍 연무로 268-9","(연무읍,연무마이스터고)","33011","N10","특목고","공립","20260423"
"고등학교","assigned","8140100","예산고등학교","충청남도","충청남도 예산군 예산읍 예산로 101","(예산읍)","32435","N10","일반고","사립","20260423"
"고등학교","assigned","8140059","예산여자고등학교","충청남도","충청남도 예산군 예산읍 주교로 36","(예산읍)","32431","N10","일반고","공립","20260423"
"고등학교","assigned","8140344","예산예화여자고등학교","충청남도","충청남도 예산군 예산읍 예산로 117","(예산읍, 예산예화여자고등학교)","32435","N10","특성화고","사립","20260423"
"고등학교","assigned","8140061","온양고등학교","충청남도","충청남도 아산시 온천대로 1411","(온천동)","31506","N10","일반고","공립","20260423"
"고등학교","assigned","8140062","온양여자고등학교","충청남도","충청남도 아산시 온여고길21번길 24","(풍기동, 온양여자고등학교)","31577","N10","일반고","공립","20260423"
"고등학교","assigned","8140229","온양용화고등학교","충청남도","충청남도 아산시 용화고길 10","(용화동, 온양용화고등학교)","31572","N10","일반고","공립","20260423"
"고등학교","assigned","8140063","용남고등학교","충청남도","충청남도 계룡시 신도안면 신도안1길 32","(신도안면,용남고등학교)","32801","N10","일반고","공립","20260423"
"고등학교","assigned","8140064","웅천고등학교","충청남도","충청남도 보령시 웅천읍 방축길 87","(웅천읍, 웅천고등학교)","33522","N10","일반고","공립","20260423"
"고등학교","assigned","8140473","이순신고등학교","충청남도","충청남도 아산시 배방읍 동방로 132",", 이순신고등학교 (배방읍)","31473","N10","일반고","공립","20260423"
"고등학교","assigned","8140101","장항고등학교","충청남도","충청남도 서천군 장항읍 성화로193번길 6","(장항읍, 장항고등학교)","33659","N10","일반고","사립","20260423"
"고등학교","assigned","8140134","장항공업고등학교","충청남도","충청남도 서천군 장항읍 신창서로 77",", 장항공업고등학교 (장항읍, 장항공업고등학교)","33665","N10","특성화고","공립","20260423"
"고등학교","assigned","8140354","정산고등학교","충청남도","충청남도 청양군 정산면 칠갑산로 1897","(정산면,정산고등학교)","33354","N10","일반고","공립","20260423"
"고등학교","assigned","8140136","주산산업고등학교","충청남도","충청남도 보령시 주산면 만세운동길 58","(주산면)","33517","N10","특성화고","공립","20260423"
"고등학교","assigned","8140104","천안고등학교","충청남도","충청남도 천안시 동남구 봉명로 53","(봉명동)","31150","N10","일반고","사립","20260423"
"고등학교","assigned","8140139","천안공업고등학교","충청남도","충청남도 천안시 동남구 성황5길 17","(신부동,천안공업고등학교)","31123","N10","특성화고","공립","20260423"
"고등학교","assigned","8140213","천안두정고등학교","충청남도","충청남도 천안시 서북구 두정고2길 13","(두정동,두정고등학교)","31089","N10","일반고","공립","20260423"
"고등학교","assigned","8140387","천안불당고등학교","충청남도","충청남도 천안시 서북구 불당29길 22","(불당동)","31156","N10","일반고","공립","20260823"
"고등학교","assigned","8140358","천안상업고등학교","충청남도","충청남도 천안시 서북구 상고1길 43-9","(신당동)","31081","N10","특성화고","사립","20260423"
"고등학교","assigned","8140236","천안신당고등학교","충청남도","충청남도 천안시 서북구 신당새터2길 36",", (신당동,천안신당고등학교) (신당동, 천안신당고등학교)","31083","N10","일반고","공립","20260423"
"고등학교","assigned","8140219","천안쌍용고등학교","충청남도","충청남도 천안시 서북구 월봉7길 10","(쌍용동)","31179","N10","일반고","공립","20260423"
"고등학교","assigned","8140253","천안업성고등학교","충청남도","충청남도 천안시 서북구 업성3길 65-11","(업성동)","31076","N10","일반고","공립","20260423"
"고등학교","assigned","8140069","천안여자고등학교","충청남도","충청남도 천안시 동남구 삼룡3길 30","(삼룡동)","31073","N10","일반고","공립","20260423"
"고등학교","assigned","8140160","천안여자상업고등학교","충청남도","충청남도 천안시 동남구 천안여상로 44","(봉명동)","31151","N10","특성화고","사립","20260913"
"고등학교","assigned","8140246","천안오성고등학교","충청남도","충청남도 천안시 서북구 과수원길 27","(성성동)","31079","N10","일반고","공립","20260423"
"고등학교","assigned","8140214","천안월봉고등학교","충청남도","충청남도 천안시 서북구 불당11로 51","(불당동)","31164","N10","일반고","공립","20260423"
"고등학교","assigned","8140259","천안제일고등학교","충청남도","충청남도 천안시 동남구 버들로 71","(원성동, 천안제일고등학교)","31127","N10","특성화고","공립","20260423"
"고등학교","assigned","8140070","천안중앙고등학교","충청남도","충청남도 천안시 동남구 충절로 91","(원성동, 천안중앙고등학교)","31126","N10","일반고","공립","20260423"
"방송통신고등학교","assigned","8140162","천안중앙고등학교부설방송통신고등학교","충청남도","충청남도 천안시 동남구 충절로 91","(원성동,천안중앙고등학교)","31126","N10","일반고","공립","20260423"
"고등학교","assigned","8140265","천안청수고등학교","충청남도","충청남도 천안시 동남구 청수로 82-46","(청수동)","31194","N10","일반고","공립","20260423"
"고등학교","assigned","8140267","청양고등학교","충청남도","충청남도 청양군 청양읍 문화예술로 149","(청양읍)","33339","N10","일반고","공립","20260423"
"고등학교","assigned","8140071","충남과학고등학교","충청남도","충청남도 공주시 반포면 금벽로 1351-15","(반포면)","32620","N10","특목고","공립","20260423"
"고등학교","assigned","8140508","충남관광보건고등학교","충청남도","충청남도 천안시 서북구 성환읍 신방로 354","(성환읍)","31008","N10","특성화고","공립","20260423"
"고등학교","assigned","8140459","충남드론항공고등학교","충청남도","충청남도 홍성군 광천읍 홍남로 695","(광천읍)","32292","N10","특성화고","공립","20260423"
"고등학교","assigned","8140359","충남디자인예술고등학교","충청남도","충청남도 서천군 한산면 한마로 114","(한산면, 충남디자인예술고등학교)","33624","N10","특목고","공립","20260423"
"고등학교","assigned","8140499","충남반도체마이스터고등학교","충청남도","충청남도 예산군 예산읍 벚꽃로351번길 21","(예산읍)","32423","N10","특성화고","공립","20260423"
"고등학교","assigned","8140366","충남삼성고등학교","충청남도","충청남도 아산시 탕정면 삼성로 77","(탕정면)","31454","N10","자율고","사립","20260423"
"고등학교","assigned","8140072","충남예술고등학교","충청남도","충청남도 천안시 서북구 성거읍 천흥2길 42",", 충남예술고등학교 (성거읍)","31044","N10","특목고","공립","20260423"
"고등학교","assigned","8140252","충남외국어고등학교","충청남도","충청남도 아산시 탕정면 탕정면로 53-60","(탕정면)","31455","N10","특목고","공립","20260423"
"고등학교","assigned","8140073","충남체육고등학교","충청남도","충청남도 논산시 체육로 82","(관촉동)","32993","N10","특목고","공립","20260423"
"고등학교","assigned","8140206","충남해양과학고등학교","충청남도","충청남도 보령시 대천항로 212","(신흑동, 대천서중학교, 충남해양과학고등학교)","33489","N10","특성화고","공립","20260423"
"고등학교","assigned","8140074","태안고등학교","충청남도","충청남도 태안군 태안읍 백화로 251","(태안읍)","32148","N10","일반고","공립","20260423"
"고등학교","assigned","8140197","태안여자고등학교","충청남도","충청남도 태안군 태안읍 원이로 7-1","(태안읍, 태안여고)","32142","N10","일반고","사립","20260423"
"고등학교","assigned","8140510","한국국제비즈니스고등학교","충청남도","충청남도 논산시 연산면 계백로 1958-16","(연산면,충남인터넷고등학교)","32913","N10","특성화고","공립","20260423"
"고등학교","assigned","8140509","한국미래문화고등학교","충청남도","충청남도 서천군 서천읍 화금서길 55","(사곡리, 한국미래문화고등학교)","33636","N10","특성화고","사립","20260423"
"고등학교","assigned","8140377","한국식품마이스터고등학교","충청남도","충청남도 부여군 홍산면 홍산로 112-23","(홍산면)","33200","N10","특목고","공립","20260423"
"고등학교","assigned","8140461","한국K-POP고등학교","충청남도","충청남도 홍성군 광천읍 광천로373번길 14","(광천읍)","32291","N10","특성화고","사립","20260423"
"고등학교","assigned","8140500","한올고등학교","충청남도","충청남도 아산시 청운로 158","(권곡동, 온양한올중고등학교)","31519","N10","일반고","사립","20260423"
"고등학교","assigned","8140107","한일고등학교","충청남도","충청남도 공주시 정안면 어물길 81","(정안면)","32511","N10","일반고","사립","20260423"
"고등학교","assigned","8140460","합덕고등학교","충청남도","충청남도 당진시 합덕읍 면천로 1583","(합덕읍)","31809","N10","일반고","공립","20260423"
"고등학교","assigned","8140262","합덕제철고등학교","충청남도","충청남도 당진시 합덕읍 면천로 1601","(합덕읍)","31809","N10","특목고","공립","20260423"
"고등학교","assigned","8140108","호서고등학교","충청남도","충청남도 당진시 밤절로 2-13","(읍내동)","31771","N10","일반고","사립","20260423"
"고등학교","assigned","8140077","홍성고등학교","충청남도","충청남도 홍성군 홍북읍 홍학로 49","(홍북읍)","32264","N10","일반고","공립","20260423"
"방송통신고등학교","assigned","8140163","홍성고등학교부설방송통신고등학교","충청남도","충청남도 홍성군 홍북면 홍학로 49","(홍북면)","32264","N10","일반고","공립","20260423"
"고등학교","assigned","8140220","홍성공업고등학교","충청남도","충청남도 홍성군 결성면 구성남로 55",", 홍성공업고등학교 (결성면)","32212","N10","특성화고","공립","20260423"
"고등학교","assigned","8140078","홍성여자고등학교","충청남도","충청남도 홍성군 홍성읍 충서로 1575번길 10","(홍성읍)","32218","N10","일반고","공립","20260423"
"고등학교","assigned","8140109","홍주고등학교","충청남도","충청남도 홍성군 홍성읍 문화로 78","(홍성읍)","32238","N10","일반고","사립","20260423"
"고등학교","unassigned","","(가칭)오송2고등학교","충청북도","충청북도 청주시 흥덕구 오송읍 오송생명12로 102-24",".","28164","M10","일반고","공립","20260423"
"고등학교","assigned","8000032","광혜원고등학교","충청북도","충청북도 진천군 광혜원면 덕성산로 56","(광혜원면)","27803","M10","일반고","공립","20260423"
"고등학교","assigned","8000033","괴산고등학교","충청북도","충청북도 괴산군 괴산읍 읍내로 106","(괴산읍, 괴산고교)","28036","M10","일반고","공립","20260423"
"고등학교","assigned","8000308","국원고등학교","충청북도","충청북도 충주시 탄금대로 88",", 국원고등학교(봉방동)","27367","M10","일반고","공립","20260423"
"고등학교","assigned","8000038","금천고등학교","충청북도","충청북도 청주시 상당구 호미로233번길 65",", 금천고등학교 (금천동)","28751","M10","일반고","공립","20260423"
"고등학교","assigned","8000040","단양고등학교","충청북도","충청북도 단양군 단양읍 수변로 2","(단양읍, 단양고등학교)","27012","M10","자율고","공립","20260423"
"고등학교","assigned","8000431","대금고등학교","충청북도","충청북도 음성군 금왕읍 신내로 507",", 대금고등학교 (금왕읍)","27644","M10","일반고","공립","20260423"
"고등학교","assigned","8000135","대성여자상업고등학교","충청북도","충청북도 청주시 상당구 대성로 220","(수동)","28507","M10","특성화고","사립","20260423"
"고등학교","assigned","8000530","동성고등학교","충청북도","충청북도 음성군 맹동면 대하로 315",", . (맹동면)","27737","M10","일반고","공립","20260423"
"고등학교","assigned","8000183","매괴고등학교","충청북도","충북 음성군 감곡면 매괴길 10",", 매괴고등학교","27602","M10","일반고","사립","20260423"
"고등학교","assigned","8000085","보은고등학교","충청북도","충청북도 보은군 보은읍 보은로 17",", 보은고등학교 (보은읍)","28953","M10","일반고","사립","20260423"
"고등학교","assigned","8000046","보은여자고등학교","충청북도","충청북도 보은군 보은읍 보은로 223","보은여자고등학교","28933","M10","일반고","공립","20260423"
"고등학교","assigned","8000212","봉명고등학교","충청북도","충청북도 청주시 흥덕구 월명로220번길 19","(봉명동)","28462","M10","일반고","공립","20260423"
"고등학교","assigned","8000213","산남고등학교","충청북도","충청북도 청주시 서원구 두꺼비로 7","(산남동, 산남고등학교)","28629","M10","일반고","공립","20260423"
"고등학교","assigned","8000047","상당고등학교","충청북도","충청북도 청주시 상당구 월평로238번길 3-10","(용암동)","28783","M10","일반고","공립","20260423"
"고등학교","assigned","8000199","서원고등학교","충청북도","충청북도 청주시 흥덕구 가경로 49","(가경동,서원고등학교)","28410","M10","일반고","공립","20260423"
"고등학교","assigned","8000376","서전고등학교","충청북도","충청북도 진천군 덕산읍 대하로 47","(덕산읍, 서전고등학교)","27876","M10","일반고","공립","20260423"
"고등학교","assigned","8000086","세광고등학교","충청북도","충청북도 청주시 서원구 2순환로 1572","(미평동, 세광고등학교)","28621","M10","일반고","사립","20260423"
"고등학교","assigned","8000087","세명고등학교","충청북도","충청북도 제천시 세명로 88","(신월동, 세명고등학교)","27136","M10","일반고","사립","20260423"
"고등학교","assigned","8000090","양업고등학교","충청북도","충청북도 청주시 흥덕구 옥산면 환희길 277","(옥산면)","28102","M10","특성화고","사립","20260423"
"고등학교","assigned","8000268","양청고등학교","충청북도","충청북도 청주시 청원구 오창읍 양청6길 33","(오창읍)","28116","M10","일반고","공립","20260423"
"고등학교","assigned","8000048","영동고등학교","충청북도","충청북도 영동군 영동읍 계산로 122","(영동읍)","29143","M10","일반고","공립","20260423"
"고등학교","assigned","8000508","영동미래고등학교","충청북도","충청북도 영동군 영동읍 대학로 10","(영동읍, 영동미래고등학교)","29139","M10","특성화고","사립","20260423"
"고등학교","assigned","8000211","영동산업과학고등학교","충청북도","충청북도 영동군 영동읍 학산영동로 1213","(영동읍)","29149","M10","특성화고","공립","20260423"
"고등학교","assigned","8000283","오송고등학교","충청북도","충청북도 청주시 흥덕구 오송읍 오송생명3로 95","(오송읍, 오송고등학교)","28165","M10","자율고","공립","20260423"
"고등학교","assigned","8000050","오창고등학교","충청북도","충청북도 청주시 청원구 오창읍 괴정1길 10","(오창읍, 오창고등학교)","28130","M10","일반고","공립","20260423"
"고등학교","assigned","8000051","옥천고등학교","충청북도","충청북도 옥천군 옥천읍 중앙로 115","(옥천읍)","29032","M10","일반고","공립","20260423"
"고등학교","assigned","8000091","운호고등학교","충청북도","충청북도 청주시 서원구 무심서로 375",", 운호고등학교 (모충동)","28675","M10","일반고","사립","20260423"
"고등학교","assigned","8000053","음성고등학교","충청북도","충청북도 음성군 음성읍 중앙로 109-16","(음성읍)","27704","M10","일반고","공립","20260503"
"고등학교","assigned","8000093","일신여자고등학교","충청북도","충청북도 청주시 상당구 영운로 126","(탑동,일신여중고등학교)","28723","M10","일반고","사립","20260423"
"고등학교","assigned","8000057","제천고등학교","충청북도","충청북도 제천시 칠성로 105","(청전동,제천고등학교)","27166","M10","일반고","공립","20260423"
"고등학교","assigned","8000207","제천디지털전자고등학교","충청북도","충청북도 제천시 봉양읍 팔송로 84",", 제천디지털전자고등학교 (봉양읍)","27113","M10","특성화고","공립","20260423"
"고등학교","assigned","8000210","제천산업고등학교","충청북도","충청북도 제천시 단양로10길 160","(고명동)","27134","M10","특성화고","공립","20260423"
"고등학교","assigned","8000121","제천상업고등학교","충청북도","충청북도 제천시 의병대로 243",", 제천상업고등학교 (신백동)","27178","M10","특성화고","공립","20260423"
"고등학교","assigned","8000058","제천여자고등학교","충청북도","충청북도 제천시 내제로6길 13","(서부동)","27171","M10","일반고","공립","20260423"
"고등학교","assigned","8000216","제천제일고등학교","충청북도","충청북도 제천시 의병대로 177",", 제천제일고등학교 (동현동)","27175","M10","일반고","공립","20260423"
"고등학교","assigned","8000201","주성고등학교","충청북도","충청북도 청주시 상당구 호미로 310","(용담동, 주성고등학교)","28746","M10","일반고","공립","20260423"
"고등학교","assigned","8000531","중앙탑고등학교","충청북도","충청북도 충주시 중앙탑면 기업도시로 163","(중앙탑면)","27465","M10","일반고","공립","20260423"
"고등학교","assigned","8000117","증평공업고등학교","충청북도","충청북도 증평군 증평읍 광장로 180",", 증평공업고등학교 (증평읍)","27946","M10","특성화고","공립","20260423"
"고등학교","assigned","8000062","진천고등학교","충청북도","충청북도 진천군 진천읍 문화12길 48","(진천고등학교)","27835","M10","일반고","공립","20260423"
"고등학교","assigned","8000122","진천상업고등학교","충청북도","충청북도 진천군 진천읍 문화3길 25","(진천읍,진천상업고등학교)","27841","M10","특성화고","공립","20260423"
"고등학교","assigned","8000064","청산고등학교","충청북도","충청북도 옥천군 청산면 청산로 92","(청산면, 관공서(청산고등학교))","29013","M10","일반고","공립","20260423"
"고등학교","assigned","8000096","청석고등학교","충청북도","충청북도 청주시 상당구 원봉로 75","(용암동)","28770","M10","일반고","사립","20260423"
"고등학교","assigned","8000214","청원고등학교","충청북도","충청북도 청주시 청원구 오창읍 구룡5길 9","(오창읍, 청원고등학교)","28121","M10","자율고","공립","20260423"
"고등학교","assigned","8000066","청주고등학교","충청북도","충청북도 청주시 흥덕구 사직대로 79","(복대동,청주고등학교)","28573","M10","자율고","공립","20260423"
"방송통신고등학교","assigned","8000145","청주고등학교부설방송통신고등학교","충청북도","충청북도 청주시 흥덕구 사직대로 79",", 청주고등학교 (복대동)","28573","M10","일반고","공립","20260423"
"고등학교","assigned","8000280","청주공업고등학교","충청북도","충청북도 청주시 상당구 교서로 17","(영동)","28546","M10","특성화고","공립","20260423"
"고등학교","assigned","8000125","청주농업고등학교","충청북도","충청북도 청주시 청원구 내덕로 45","(내덕동)","28478","M10","특성화고","공립","20260423"
"고등학교","assigned","8000195","청주대성고등학교","충청북도","충청북도 청주시 청원구 대성로300번길 18","(내덕동, 청주대성고등학교)","28501","M10","일반고","사립","20260423"
"고등학교","assigned","8000203","청주신흥고등학교","충청북도","충청북도 청주시 청원구 율봉로 229","(율량동,청주신흥고등학교)","28319","M10","일반고","사립","20260423"
"고등학교","assigned","8000069","청주여자고등학교","충청북도","충청북도 청주시 청원구 충청대로107번길 82","(율량동, 청주여자고등학교)","28332","M10","일반고","공립","20260423"
"고등학교","assigned","8000140","청주여자상업고등학교","충청북도","충청북도 청주시 서원구 무심서로 377-1",", 청주여자상업고등학교 (모충동)","28674","M10","특성화고","사립","20260423"
"고등학교","assigned","8000072","청주중앙여자고등학교","충청북도","충청북도 청주시 서원구 천석로 15","(사창동)","28567","M10","일반고","공립","20260423"
"고등학교","assigned","8000430","청주하이텍고등학교","충청북도","충청북도 청주시 서원구 1순환로1137번길 59","(분평동)","28795","M10","특성화고","공립","20260423"
"고등학교","assigned","8000507","청주IT과학고등학교","충청북도","충청북도 청주시 서원구 현도면 죽암도원로 34-13","(죽암리,청주IT과학고등학교)","28213","M10","특성화고","사립","20260423"
"고등학교","assigned","8000074","충북고등학교","충청북도","충청북도 청주시 서원구 청남로 1969",", 충북고등학교 (분평동)","28701","M10","일반고","공립","20260423"
"고등학교","assigned","8000127","충북공업고등학교","충청북도","충청북도 청주시 흥덕구 서부로1205번길 52","(가경동,충북공업고등학교)","28382","M10","특성화고","공립","20260423"
"고등학교","assigned","8000075","충북과학고등학교","충청북도","충청북도 청주시 상당구 가덕면 교육원로 153-135",", 충북과학고등학교 (가덕면)","28189","M10","특목고","공립","20260423"
"고등학교","assigned","7003892","충북대학교사범대학부설고등학교","충청북도","충청북도 청주시 흥덕구 장구봉로41번길 12","(가경동)","28402","M10","일반고","국립","20260423"
"고등학교","assigned","8000237","충북반도체고등학교","충청북도","충청북도 음성군 금왕읍 무극로 393-1","(금왕읍)","27627","M10","특목고","공립","20260423"
"고등학교","assigned","8000527","충북비즈니스고등학교","충청북도","충청북도 증평군 증평읍 중앙로 132","충북비즈니스고등학","27943","M10","특성화고","공립","20260423"
"고등학교","assigned","8000384","충북산업과학고등학교","충청북도","충청북도 옥천군 옥천읍 중앙로 144","(옥천읍)","29041","M10","특성화고","공립","20260423"
"고등학교","assigned","8000335","충북상업정보고등학교","충청북도","충청북도 청주시 청원구 율천북로 73",", 충북상업정보고등학교 (율량동)","28347","M10","특성화고","공립","20260423"
"고등학교","assigned","8000383","충북생명산업고등학교","충청북도","충청북도 보은군 보은읍 자영고길 10",", 충북생명산업고등학교 (보은읍)","28933","M10","특성화고","공립","20260423"
"고등학교","assigned","8000310","충북에너지고등학교","충청북도","충청북도 청주시 상당구 미원면 미원초정로 27","(미원면)","28198","M10","특목고","공립","20260423"
"고등학교","assigned","8000099","충북여자고등학교","충청북도","충청북도 청주시 서원구 무심서로 377-2","(모충동)","28674","M10","일반고","사립","20260423"
"고등학교","assigned","8000076","충북예술고등학교","충청북도","충청북도 청주시 흥덕구 서부로 1185","(가경동,충북예술고등학교)","28382","M10","특목고","공립","20260423"
"고등학교","assigned","8000551","충북외국어고등학교","충청북도","충청북도 청주시 흥덕구 장구봉로 107","(복대동)","28607","M10","특목고","공립","20260423"
"고등학교","assigned","8000077","충북체육고등학교","충청북도","충청북도 진천군 문백면 도하3길 120","(문백면)","27868","M10","특목고","공립","20260423"
"고등학교","assigned","8000100","충원고등학교","충청북도","충청북도 충주시 엄정면 동막강현길 377",", 충원고등학교 (엄정면)","27313","M10","일반고","사립","20260423"
"고등학교","assigned","8000078","충주고등학교","충청북도","충청북도 충주시 예성로 37","(호암동, 충주고등학교)","27414","M10","자율고","공립","20260423"
"방송통신고등학교","assigned","8000147","충주고등학교부설방송통신고등학교","충청북도","충청북도 충주시 예성로 37","(호암동, 충주고등학교)","27414","M10","일반고","공립","20260423"
"고등학교","assigned","8000129","충주공업고등학교","충청북도","충청북도 충주시 형설로 120","(용산동, 충주공업고등학교)","27395","M10","특성화고","공립","20260423"
"고등학교","assigned","8000202","충주대원고등학교","충청북도","충청북도 충주시 안림로 43","(안림동,충주대원고등학교)","27486","M10","일반고","사립","20260423"
"고등학교","assigned","8000141","충주상업고등학교","충청북도","충청북도 충주시 방아길 20","(호암동, 미덕중,중산외고,충주상고)","27489","M10","특성화고","사립","20260423"
"고등학교","assigned","8000080","충주여자고등학교","충청북도","충청북도 충주시 형설로 77","(용산동)","27402","M10","일반고","공립","20260423"
"고등학교","assigned","8000081","충주예성여자고등학교","충청북도","충청북도 충주시 호암대로 42","(호암동, 충주예성여자고등학교)","27480","M10","자율고","공립","20260423"
"고등학교","assigned","8000281","충주중산고등학교","충청북도","충청북도 충주시 방아길 20","(호암동, 충주중산고등학교)","27489","M10","일반고","사립","20260423"
"고등학교","assigned","8000309","학산고등학교","충청북도","충청북도 영동군 학산면 학산양산로 12","(학산면)","29166","M10","일반고","공립","20260423"
"고등학교","assigned","7003851","한국교원대학교부설고등학교","충청북도","충청북도 청주시 흥덕구 강내면 태성탑연로","250","28173","M10","일반고","국립","20260423"
"고등학교","assigned","8000287","한국바이오마이스터고등학교","충청북도","충청북도 진천군 진천읍 남산4길 13","한국바이오마이스터고등학교","27840","M10","특목고","공립","20260423"
"고등학교","assigned","8000311","한국호텔관광고등학교","충청북도","충청북도 단양군 단성면 북상하리길 69","(단성면)","27027","M10","특성화고","공립","20260423"
"고등학교","assigned","8000269","한림디자인고등학교","충청북도","충청북도 충주시 야현1길 21","(교현동)","27371","M10","특성화고","사립","20260423"
"고등학교","assigned","8000102","형석고등학교","충청북도","충청북도 증평군 증평읍 미암로 26","(증평읍,형석고등학교)","27916","M10","일반고","사립","20260423"
"고등학교","assigned","8000082","황간고등학교","충청북도","충청북도 영동군 황간면 남성동3길 4-22",", 황간고등학교 (황간면)","29115","M10","일반고","공립","20260423"
"고등학교","assigned","8000200","흥덕고등학교","충청북도","충청북도 청주시 흥덕구 증안로 9","(복대동)","28415","M10","일반고","공립","20260423"
